-- MySQL dump 10.13  Distrib 8.0.35, for Linux (x86_64)
--
-- Host: localhost    Database: instituto_db
-- ------------------------------------------------------
-- Server version	8.0.35-0ubuntu0.23.10.1

/*!40101 SET @OLD_CHARACTER_SET_CLIENT=@@CHARACTER_SET_CLIENT */;
/*!40101 SET @OLD_CHARACTER_SET_RESULTS=@@CHARACTER_SET_RESULTS */;
/*!40101 SET @OLD_COLLATION_CONNECTION=@@COLLATION_CONNECTION */;
/*!50503 SET NAMES utf8mb4 */;
/*!40103 SET @OLD_TIME_ZONE=@@TIME_ZONE */;
/*!40103 SET TIME_ZONE='+00:00' */;
/*!40014 SET @OLD_UNIQUE_CHECKS=@@UNIQUE_CHECKS, UNIQUE_CHECKS=0 */;
/*!40014 SET @OLD_FOREIGN_KEY_CHECKS=@@FOREIGN_KEY_CHECKS, FOREIGN_KEY_CHECKS=0 */;
/*!40101 SET @OLD_SQL_MODE=@@SQL_MODE, SQL_MODE='NO_AUTO_VALUE_ON_ZERO' */;
/*!40111 SET @OLD_SQL_NOTES=@@SQL_NOTES, SQL_NOTES=0 */;

--
-- Table structure for table `alumno_carreras`
--

DROP TABLE IF EXISTS `alumno_carreras`;
/*!40101 SET @saved_cs_client     = @@character_set_client */;
/*!50503 SET character_set_client = utf8mb4 */;
CREATE TABLE `alumno_carreras` (
  `id` bigint unsigned NOT NULL AUTO_INCREMENT,
  `carrera_id` bigint unsigned NOT NULL,
  `alumno_id` bigint unsigned NOT NULL,
  `ciclo_lectivo_id` bigint unsigned DEFAULT NULL,
  `fecha_baja` date DEFAULT NULL,
  `inicializado` tinyint(1) DEFAULT NULL,
  `active` tinyint(1) DEFAULT NULL,
  `created_at` timestamp NULL DEFAULT NULL,
  `updated_at` timestamp NULL DEFAULT NULL,
  PRIMARY KEY (`id`),
  KEY `alumno_carreras_ciclo_lectivo_id_foreign` (`ciclo_lectivo_id`),
  KEY `alumno_carreras_alumno_id_foreign` (`alumno_id`),
  KEY `alumno_carreras_carrera_id_foreign` (`carrera_id`),
  CONSTRAINT `alumno_carreras_alumno_id_foreign` FOREIGN KEY (`alumno_id`) REFERENCES `alumnos` (`id`) ON DELETE CASCADE,
  CONSTRAINT `alumno_carreras_carrera_id_foreign` FOREIGN KEY (`carrera_id`) REFERENCES `carreras` (`id`) ON DELETE CASCADE,
  CONSTRAINT `alumno_carreras_ciclo_lectivo_id_foreign` FOREIGN KEY (`ciclo_lectivo_id`) REFERENCES `ciclo_lectivos` (`id`) ON DELETE SET NULL
) ENGINE=InnoDB AUTO_INCREMENT=279 DEFAULT CHARSET=utf8mb3 COLLATE=utf8mb3_unicode_ci;
/*!40101 SET character_set_client = @saved_cs_client */;

--
-- Dumping data for table `alumno_carreras`
--

LOCK TABLES `alumno_carreras` WRITE;
/*!40000 ALTER TABLE `alumno_carreras` DISABLE KEYS */;
INSERT INTO `alumno_carreras` VALUES (1,4,1,1,NULL,0,1,'2023-12-01 10:28:42','2023-12-01 10:28:42'),(2,2,2,1,NULL,0,1,'2023-12-02 21:53:59','2023-12-02 21:53:59'),(3,2,3,1,NULL,0,1,'2023-12-03 00:23:54','2023-12-03 00:23:54'),(4,3,4,1,NULL,0,1,'2023-12-03 16:48:24','2023-12-03 16:48:24'),(5,6,5,1,NULL,0,1,'2023-12-03 21:28:20','2023-12-03 21:28:20'),(6,1,6,1,NULL,0,1,'2023-12-03 21:32:58','2023-12-03 21:32:58'),(7,6,7,1,NULL,0,1,'2023-12-03 22:48:28','2023-12-03 22:48:28'),(8,1,8,1,NULL,0,1,'2023-12-04 02:05:51','2023-12-04 02:05:51'),(9,3,9,1,NULL,0,1,'2023-12-04 19:42:29','2023-12-04 19:42:29'),(10,1,10,1,NULL,0,1,'2023-12-06 01:11:17','2023-12-06 01:11:17'),(11,7,11,1,NULL,0,1,'2023-12-06 12:24:44','2023-12-06 12:24:44'),(12,5,12,1,NULL,0,1,'2023-12-06 15:34:36','2023-12-06 15:34:36'),(13,1,13,1,NULL,0,1,'2023-12-07 22:36:38','2023-12-07 22:36:38'),(14,1,14,1,NULL,0,1,'2023-12-09 03:48:32','2023-12-09 03:48:32'),(15,6,15,1,NULL,0,1,'2023-12-11 22:06:37','2023-12-11 22:06:37'),(16,4,16,1,NULL,0,1,'2023-12-11 22:30:54','2023-12-11 22:30:54'),(17,4,17,1,NULL,0,1,'2023-12-11 22:31:25','2023-12-11 22:31:25'),(18,4,18,1,NULL,0,1,'2023-12-11 22:34:08','2023-12-11 22:34:08'),(19,6,19,1,NULL,0,1,'2023-12-11 22:52:06','2023-12-11 22:52:06'),(20,4,20,1,NULL,0,1,'2023-12-11 22:54:58','2023-12-11 22:54:58'),(21,6,21,1,NULL,0,1,'2023-12-11 22:56:30','2023-12-11 22:56:30'),(22,4,22,1,NULL,0,1,'2023-12-11 23:01:03','2023-12-11 23:01:03'),(23,6,23,1,NULL,0,1,'2023-12-11 23:03:17','2023-12-11 23:03:17'),(24,4,24,1,NULL,0,1,'2023-12-11 23:05:56','2023-12-11 23:05:56'),(25,4,25,1,NULL,0,1,'2023-12-11 23:13:30','2023-12-11 23:13:30'),(26,4,26,1,NULL,0,1,'2023-12-11 23:14:06','2023-12-11 23:14:06'),(27,6,27,1,NULL,0,1,'2023-12-11 23:14:22','2023-12-11 23:14:22'),(28,6,28,1,NULL,0,1,'2023-12-11 23:14:56','2023-12-11 23:14:56'),(29,6,29,1,NULL,0,1,'2023-12-11 23:33:18','2023-12-11 23:33:18'),(30,6,30,1,NULL,0,1,'2023-12-11 23:34:36','2023-12-11 23:34:36'),(31,6,31,1,NULL,0,1,'2023-12-11 23:40:34','2023-12-11 23:40:34'),(32,6,32,1,NULL,0,1,'2023-12-11 23:41:05','2023-12-11 23:41:05'),(33,6,33,1,NULL,0,1,'2023-12-11 23:42:36','2023-12-11 23:42:36'),(34,2,34,1,NULL,0,1,'2023-12-11 23:49:35','2023-12-11 23:49:35'),(35,4,35,1,NULL,0,1,'2023-12-11 23:52:37','2023-12-11 23:52:37'),(36,4,36,1,NULL,0,1,'2023-12-11 23:52:53','2023-12-11 23:52:53'),(37,6,37,1,NULL,0,1,'2023-12-12 00:00:58','2023-12-12 00:00:58'),(38,6,38,1,NULL,0,1,'2023-12-12 00:01:32','2023-12-12 00:01:32'),(39,6,39,1,NULL,0,1,'2023-12-12 00:02:58','2023-12-12 00:02:58'),(40,2,40,1,NULL,0,1,'2023-12-12 00:17:08','2023-12-12 00:17:08'),(41,6,41,1,NULL,0,1,'2023-12-12 00:19:54','2023-12-12 00:19:54'),(42,4,42,1,NULL,0,1,'2023-12-12 00:22:37','2023-12-12 00:22:37'),(43,4,43,1,NULL,0,1,'2023-12-12 00:30:11','2023-12-12 00:30:11'),(44,6,44,1,NULL,0,1,'2023-12-12 00:30:22','2023-12-12 00:30:22'),(45,2,45,1,NULL,0,1,'2023-12-12 00:32:54','2023-12-12 00:32:54'),(46,6,46,1,NULL,0,1,'2023-12-12 00:33:01','2023-12-12 00:33:01'),(47,4,47,1,NULL,0,1,'2023-12-12 00:34:41','2023-12-12 00:34:41'),(48,6,48,1,NULL,0,1,'2023-12-12 00:37:28','2023-12-12 00:37:28'),(49,2,49,1,NULL,0,1,'2023-12-12 00:41:08','2023-12-12 00:41:08'),(50,6,50,1,NULL,0,1,'2023-12-12 00:47:44','2023-12-12 00:47:44'),(51,4,51,1,NULL,0,1,'2023-12-12 00:49:06','2023-12-12 00:49:06'),(52,6,52,1,NULL,0,1,'2023-12-12 00:58:25','2023-12-12 00:58:25'),(53,6,53,1,NULL,0,1,'2023-12-12 01:27:48','2023-12-12 01:27:48'),(54,4,54,1,NULL,0,1,'2023-12-12 01:33:45','2023-12-12 01:33:45'),(55,4,55,1,NULL,0,1,'2023-12-12 01:42:04','2023-12-12 01:42:04'),(56,4,56,1,NULL,0,1,'2023-12-12 02:20:53','2023-12-12 02:20:53'),(57,4,57,1,NULL,0,1,'2023-12-12 05:04:57','2023-12-12 05:04:57'),(58,4,58,1,NULL,0,1,'2023-12-12 12:17:39','2023-12-12 12:17:39'),(59,2,59,1,NULL,0,1,'2023-12-12 13:05:39','2023-12-12 13:05:39'),(60,4,60,1,NULL,0,1,'2023-12-12 13:31:29','2023-12-12 13:31:29'),(61,2,61,1,NULL,0,1,'2023-12-12 14:00:51','2023-12-12 14:00:51'),(62,2,62,1,NULL,0,1,'2023-12-12 14:15:26','2023-12-12 14:15:26'),(63,2,63,1,NULL,0,1,'2023-12-12 17:12:20','2023-12-12 17:12:20'),(64,6,64,1,NULL,0,1,'2023-12-12 18:53:42','2023-12-12 18:53:42'),(65,2,65,1,NULL,0,1,'2023-12-12 19:51:51','2023-12-12 19:51:51'),(66,2,66,1,NULL,0,1,'2023-12-12 19:54:08','2023-12-12 19:54:08'),(67,2,67,1,NULL,0,1,'2023-12-12 19:54:41','2023-12-12 19:54:41'),(68,2,68,1,NULL,0,1,'2023-12-12 21:08:14','2023-12-12 21:08:14'),(69,3,69,1,NULL,0,1,'2023-12-12 22:12:24','2023-12-12 22:12:24'),(70,4,70,1,NULL,0,1,'2023-12-12 22:13:07','2023-12-12 22:13:07'),(71,3,71,1,NULL,0,1,'2023-12-12 22:24:25','2023-12-12 22:24:25'),(72,4,72,1,NULL,0,1,'2023-12-12 22:40:02','2023-12-12 22:40:02'),(73,6,73,1,NULL,0,1,'2023-12-12 22:41:20','2023-12-12 22:41:20'),(74,6,74,1,NULL,0,1,'2023-12-12 22:50:32','2023-12-12 22:50:32'),(75,4,75,1,NULL,0,1,'2023-12-12 22:50:47','2023-12-12 22:50:47'),(76,4,76,1,NULL,0,1,'2023-12-12 22:58:51','2023-12-12 22:58:51'),(77,6,77,1,NULL,0,1,'2023-12-12 23:29:38','2023-12-12 23:29:38'),(78,6,78,1,NULL,0,1,'2023-12-12 23:38:38','2023-12-12 23:38:38'),(79,4,79,1,NULL,0,1,'2023-12-12 23:45:43','2023-12-12 23:45:43'),(80,4,80,1,NULL,0,1,'2023-12-12 23:45:48','2023-12-12 23:45:48'),(81,6,81,1,NULL,0,1,'2023-12-12 23:48:23','2023-12-12 23:48:23'),(82,6,82,1,NULL,0,1,'2023-12-13 00:16:16','2023-12-13 00:16:16'),(83,4,83,1,NULL,0,1,'2023-12-13 00:19:19','2023-12-13 00:19:19'),(84,6,84,1,NULL,0,1,'2023-12-13 00:24:21','2023-12-13 00:24:21'),(85,6,85,1,NULL,0,1,'2023-12-13 00:30:27','2023-12-13 00:30:27'),(86,4,86,1,NULL,0,1,'2023-12-13 00:32:33','2023-12-13 00:32:33'),(87,6,87,1,NULL,0,1,'2023-12-13 00:38:40','2023-12-13 00:38:40'),(88,4,88,1,NULL,0,1,'2023-12-13 00:42:41','2023-12-13 00:42:41'),(89,4,89,1,NULL,0,1,'2023-12-13 00:43:06','2023-12-13 00:43:06'),(90,6,90,1,NULL,0,1,'2023-12-13 00:52:45','2023-12-13 00:52:45'),(91,6,91,1,NULL,0,1,'2023-12-13 01:00:38','2023-12-13 01:00:38'),(92,6,92,1,NULL,0,1,'2023-12-13 01:02:13','2023-12-13 01:02:13'),(93,6,93,1,NULL,0,1,'2023-12-13 01:10:18','2023-12-13 01:10:18'),(94,6,94,1,NULL,0,1,'2023-12-13 01:11:47','2023-12-13 01:11:47'),(95,6,95,1,NULL,0,1,'2023-12-13 01:12:21','2023-12-13 01:12:21'),(96,6,96,1,NULL,0,1,'2023-12-13 01:26:34','2023-12-13 01:26:34'),(97,6,97,1,NULL,0,1,'2023-12-13 01:36:09','2023-12-13 01:36:09'),(98,6,98,1,NULL,0,1,'2023-12-13 01:38:41','2023-12-13 01:38:41'),(99,2,99,1,NULL,0,1,'2023-12-13 01:41:05','2023-12-13 01:41:05'),(100,6,100,1,NULL,0,1,'2023-12-13 01:48:45','2023-12-13 01:48:45'),(101,2,101,1,NULL,0,1,'2023-12-13 01:49:17','2023-12-13 01:49:17'),(102,2,102,1,NULL,0,1,'2023-12-13 01:52:17','2023-12-13 01:52:17'),(103,6,103,1,NULL,0,1,'2023-12-13 01:52:48','2023-12-13 01:52:48'),(104,6,104,1,NULL,0,1,'2023-12-13 02:21:18','2023-12-13 02:21:18'),(105,6,105,1,NULL,0,1,'2023-12-13 02:34:14','2023-12-13 02:34:14'),(106,6,106,1,NULL,0,1,'2023-12-13 03:05:55','2023-12-13 03:05:55'),(107,6,107,1,NULL,0,1,'2023-12-13 03:13:17','2023-12-13 03:13:17'),(108,3,108,1,NULL,0,1,'2023-12-13 08:22:05','2023-12-13 08:22:05'),(109,3,109,1,NULL,0,1,'2023-12-13 12:56:48','2023-12-13 12:56:48'),(110,3,110,1,NULL,0,1,'2023-12-13 14:43:21','2023-12-13 14:43:21'),(111,3,111,1,NULL,0,1,'2023-12-13 15:11:31','2023-12-13 15:11:31'),(112,6,112,1,NULL,0,1,'2023-12-13 16:45:24','2023-12-13 16:45:24'),(113,3,113,1,NULL,0,1,'2023-12-13 17:27:23','2023-12-13 17:27:23'),(114,3,114,1,NULL,0,1,'2023-12-13 17:57:20','2023-12-13 17:57:20'),(115,4,115,1,NULL,0,1,'2023-12-13 21:04:38','2023-12-13 21:04:38'),(116,4,116,1,NULL,0,1,'2023-12-13 22:20:03','2023-12-13 22:20:03'),(117,3,117,1,NULL,0,1,'2023-12-13 22:20:03','2023-12-13 22:20:03'),(118,2,118,1,NULL,0,1,'2023-12-13 22:50:26','2023-12-13 22:50:26'),(119,4,119,1,NULL,0,1,'2023-12-13 23:01:35','2023-12-13 23:01:35'),(120,6,120,1,NULL,0,1,'2023-12-13 23:17:49','2023-12-13 23:17:49'),(121,1,121,1,NULL,0,1,'2023-12-13 23:21:39','2023-12-13 23:21:39'),(122,4,122,1,NULL,0,1,'2023-12-13 23:29:11','2023-12-13 23:29:11'),(123,4,123,1,NULL,0,1,'2023-12-13 23:29:23','2023-12-13 23:29:23'),(124,6,124,1,NULL,0,1,'2023-12-13 23:39:06','2023-12-13 23:39:06'),(125,6,125,1,NULL,0,1,'2023-12-13 23:45:42','2023-12-13 23:45:42'),(126,6,126,1,NULL,0,1,'2023-12-13 23:51:14','2023-12-13 23:51:14'),(127,6,127,1,NULL,0,1,'2023-12-14 00:02:13','2023-12-14 00:02:13'),(128,6,128,1,NULL,0,1,'2023-12-14 00:03:28','2023-12-14 00:03:28'),(129,4,129,1,NULL,0,1,'2023-12-14 00:08:39','2023-12-14 00:08:39'),(130,4,130,1,NULL,0,1,'2023-12-14 00:16:10','2023-12-14 00:16:10'),(131,3,131,1,NULL,0,1,'2023-12-14 00:19:34','2023-12-14 00:19:34'),(132,6,132,1,NULL,0,1,'2023-12-14 00:41:12','2023-12-14 00:41:12'),(133,6,133,1,NULL,0,1,'2023-12-14 00:46:00','2023-12-14 00:46:00'),(134,6,134,1,NULL,0,1,'2023-12-14 00:57:54','2023-12-14 00:57:54'),(135,6,135,1,NULL,0,1,'2023-12-14 01:00:48','2023-12-14 01:00:48'),(136,6,136,1,NULL,0,1,'2023-12-14 01:05:09','2023-12-14 01:05:09'),(137,4,137,1,NULL,0,1,'2023-12-14 01:17:56','2023-12-14 01:17:56'),(138,6,138,1,NULL,0,1,'2023-12-14 01:31:34','2023-12-14 01:31:34'),(139,6,139,1,NULL,0,1,'2023-12-14 01:34:44','2023-12-14 01:34:44'),(140,6,140,1,NULL,0,1,'2023-12-14 01:37:59','2023-12-14 01:37:59'),(141,6,141,1,NULL,0,1,'2023-12-14 02:00:40','2023-12-14 02:00:40'),(142,4,142,1,NULL,0,1,'2023-12-14 02:35:18','2023-12-14 02:35:18'),(143,4,143,1,NULL,0,1,'2023-12-14 02:52:52','2023-12-14 02:52:52'),(144,4,144,1,NULL,0,1,'2023-12-14 04:09:49','2023-12-14 04:09:49'),(145,4,145,1,NULL,0,1,'2023-12-14 06:59:49','2023-12-14 06:59:49'),(146,4,146,1,NULL,0,1,'2023-12-14 11:04:34','2023-12-14 11:04:34'),(147,6,147,1,NULL,0,1,'2023-12-14 12:18:29','2023-12-14 12:18:29'),(148,4,148,1,NULL,0,1,'2023-12-14 13:35:53','2023-12-14 13:35:53'),(149,1,149,1,NULL,0,1,'2023-12-14 13:37:37','2023-12-14 13:37:37'),(150,2,150,1,NULL,0,1,'2023-12-14 14:44:56','2023-12-14 14:44:56'),(151,2,151,1,NULL,0,1,'2023-12-14 15:06:20','2023-12-14 15:06:20'),(152,1,152,1,NULL,0,1,'2023-12-14 15:38:21','2023-12-14 15:38:21'),(153,1,153,1,NULL,0,1,'2023-12-14 19:07:56','2023-12-14 19:07:56'),(154,4,154,1,NULL,0,1,'2023-12-14 20:58:14','2023-12-14 20:58:14'),(155,1,155,1,NULL,0,1,'2023-12-14 22:12:18','2023-12-14 22:12:18'),(156,1,156,1,NULL,0,1,'2023-12-14 22:23:33','2023-12-14 22:23:33'),(157,4,157,1,NULL,0,1,'2023-12-14 22:45:00','2023-12-14 22:45:00'),(158,4,158,1,NULL,0,1,'2023-12-14 22:58:24','2023-12-14 22:58:24'),(159,4,159,1,NULL,0,1,'2023-12-14 23:00:02','2023-12-14 23:00:02'),(160,4,160,1,NULL,0,1,'2023-12-14 23:01:40','2023-12-14 23:01:40'),(161,6,161,1,NULL,0,1,'2023-12-14 23:04:54','2023-12-14 23:04:54'),(162,6,162,1,NULL,0,1,'2023-12-14 23:10:44','2023-12-14 23:10:44'),(163,6,163,1,NULL,0,1,'2023-12-14 23:20:09','2023-12-14 23:20:09'),(164,4,164,1,NULL,0,1,'2023-12-14 23:28:53','2023-12-14 23:28:53'),(165,6,165,1,NULL,0,1,'2023-12-14 23:52:36','2023-12-14 23:52:36'),(166,6,166,1,NULL,0,1,'2023-12-15 00:08:51','2023-12-15 00:08:51'),(167,6,167,1,NULL,0,1,'2023-12-15 00:17:31','2023-12-15 00:17:31'),(168,6,168,1,NULL,0,1,'2023-12-15 00:19:37','2023-12-15 00:19:37'),(169,4,169,1,NULL,0,1,'2023-12-15 00:25:07','2023-12-15 00:25:07'),(170,6,170,1,NULL,0,1,'2023-12-15 00:27:44','2023-12-15 00:27:44'),(171,6,171,1,NULL,0,1,'2023-12-15 00:28:10','2023-12-15 00:28:10'),(172,2,172,1,NULL,0,1,'2023-12-15 00:32:27','2023-12-15 00:32:27'),(173,4,173,1,NULL,0,1,'2023-12-15 00:32:27','2023-12-15 00:32:27'),(174,6,174,1,NULL,0,1,'2023-12-15 00:32:36','2023-12-15 00:32:36'),(175,6,175,1,NULL,0,1,'2023-12-15 00:34:07','2023-12-15 00:34:07'),(176,6,176,1,NULL,0,1,'2023-12-15 00:39:49','2023-12-15 00:39:49'),(177,6,177,1,NULL,0,1,'2023-12-15 00:48:07','2023-12-15 00:48:07'),(178,6,178,1,NULL,0,1,'2023-12-15 00:49:25','2023-12-15 00:49:25'),(179,6,179,1,NULL,0,1,'2023-12-15 01:12:31','2023-12-15 01:12:31'),(180,6,180,1,NULL,0,1,'2023-12-15 01:15:08','2023-12-15 01:15:08'),(181,6,181,1,NULL,0,1,'2023-12-15 01:29:36','2023-12-15 01:29:36'),(182,6,182,1,NULL,0,1,'2023-12-15 01:30:58','2023-12-15 01:30:58'),(183,4,183,1,NULL,0,1,'2023-12-15 01:34:48','2023-12-15 01:34:48'),(184,1,184,1,NULL,0,1,'2023-12-15 01:56:26','2023-12-15 01:56:26'),(185,4,185,1,NULL,0,1,'2023-12-15 02:11:56','2023-12-15 02:11:56'),(186,6,186,1,NULL,0,1,'2023-12-15 02:18:27','2023-12-15 02:18:27'),(187,4,187,1,NULL,0,1,'2023-12-15 02:58:05','2023-12-15 02:58:05'),(188,6,188,1,NULL,0,1,'2023-12-15 03:15:45','2023-12-15 03:15:45'),(189,4,189,1,NULL,0,1,'2023-12-15 12:44:56','2023-12-15 12:44:56'),(190,4,190,1,NULL,0,1,'2023-12-15 16:46:35','2023-12-15 16:46:35'),(191,3,191,1,NULL,0,1,'2023-12-15 17:51:46','2023-12-15 17:51:46'),(192,6,192,1,NULL,0,1,'2023-12-15 23:04:13','2023-12-15 23:04:13'),(193,6,193,1,NULL,0,1,'2023-12-15 23:04:42','2023-12-15 23:04:42'),(194,6,194,1,NULL,0,1,'2023-12-15 23:20:56','2023-12-15 23:20:56'),(195,6,195,1,NULL,0,1,'2023-12-15 23:34:21','2023-12-15 23:34:21'),(196,4,196,1,NULL,0,1,'2023-12-15 23:35:19','2023-12-15 23:35:19'),(197,4,197,1,NULL,0,1,'2023-12-15 23:36:34','2023-12-15 23:36:34'),(198,4,198,1,NULL,0,1,'2023-12-15 23:39:31','2023-12-15 23:39:31'),(199,6,199,1,NULL,0,1,'2023-12-15 23:49:26','2023-12-15 23:49:26'),(200,6,200,1,NULL,0,1,'2023-12-15 23:50:08','2023-12-15 23:50:08'),(201,3,201,1,NULL,0,1,'2023-12-15 23:50:53','2023-12-15 23:50:53'),(202,6,202,1,NULL,0,1,'2023-12-15 23:53:57','2023-12-15 23:53:57'),(203,6,203,1,NULL,0,1,'2023-12-16 00:00:31','2023-12-16 00:00:31'),(204,4,204,1,NULL,0,1,'2023-12-16 00:05:09','2023-12-16 00:05:09'),(205,6,205,1,NULL,0,1,'2023-12-16 00:11:14','2023-12-16 00:11:14'),(206,6,206,1,NULL,0,1,'2023-12-16 00:16:10','2023-12-16 00:16:10'),(207,6,207,1,NULL,0,1,'2023-12-16 00:19:25','2023-12-16 00:19:25'),(208,6,208,1,NULL,0,1,'2023-12-16 00:28:05','2023-12-16 00:28:05'),(209,4,209,1,NULL,0,1,'2023-12-16 00:29:46','2023-12-16 00:29:46'),(210,6,210,1,NULL,0,1,'2023-12-16 00:35:13','2023-12-16 00:35:13'),(211,4,211,1,NULL,0,1,'2023-12-16 00:41:22','2023-12-16 00:41:22'),(212,6,212,1,NULL,0,1,'2023-12-16 00:47:50','2023-12-16 00:47:50'),(213,6,213,1,NULL,0,1,'2023-12-16 00:51:05','2023-12-16 00:51:05'),(214,6,214,1,NULL,0,1,'2023-12-16 01:01:54','2023-12-16 01:01:54'),(215,6,215,1,NULL,0,1,'2023-12-16 01:24:20','2023-12-16 01:24:20'),(216,6,216,1,NULL,0,1,'2023-12-16 01:40:08','2023-12-16 01:40:08'),(217,6,217,1,NULL,0,1,'2023-12-16 01:45:47','2023-12-16 01:45:47'),(218,6,218,1,NULL,0,1,'2023-12-16 01:46:59','2023-12-16 01:46:59'),(219,6,219,1,NULL,0,1,'2023-12-16 02:13:01','2023-12-16 02:13:01'),(220,6,220,1,NULL,0,1,'2023-12-16 02:34:09','2023-12-16 02:34:09'),(221,6,221,1,NULL,0,1,'2023-12-16 09:38:46','2023-12-16 09:38:46'),(222,6,222,1,NULL,0,1,'2023-12-16 14:14:06','2023-12-16 14:14:06'),(223,6,223,1,NULL,0,1,'2023-12-16 14:16:46','2023-12-16 14:16:46'),(224,6,224,1,NULL,0,1,'2023-12-16 15:38:59','2023-12-16 15:38:59'),(225,4,225,1,NULL,0,1,'2023-12-17 00:57:29','2023-12-17 00:57:29'),(226,4,226,1,NULL,0,1,'2023-12-17 03:16:38','2023-12-17 03:16:38'),(227,3,227,1,NULL,0,1,'2023-12-17 22:18:54','2023-12-17 22:18:54'),(228,1,228,1,NULL,0,1,'2023-12-18 13:02:57','2023-12-18 13:02:57'),(229,3,229,1,NULL,0,1,'2023-12-18 19:16:53','2023-12-18 19:16:53'),(230,4,230,1,NULL,0,1,'2023-12-18 20:30:20','2023-12-18 20:30:20'),(231,1,231,1,NULL,0,1,'2023-12-18 22:14:39','2023-12-18 22:14:39'),(232,2,232,1,NULL,0,1,'2023-12-18 22:18:39','2023-12-18 22:18:39'),(233,2,233,1,NULL,0,1,'2023-12-18 22:19:17','2023-12-18 22:19:17'),(234,2,234,1,NULL,0,1,'2023-12-18 23:01:02','2023-12-18 23:01:02'),(235,3,235,1,NULL,0,1,'2023-12-18 23:12:07','2023-12-18 23:12:07'),(236,2,236,1,NULL,0,1,'2023-12-18 23:14:51','2023-12-18 23:14:51'),(237,1,237,1,NULL,0,1,'2023-12-18 23:31:22','2023-12-18 23:31:22'),(238,2,238,1,NULL,0,1,'2023-12-18 23:37:49','2023-12-18 23:37:49'),(239,1,239,1,NULL,0,1,'2023-12-18 23:59:02','2023-12-18 23:59:02'),(240,3,240,1,NULL,0,1,'2023-12-19 00:01:31','2023-12-19 00:01:31'),(241,1,241,1,NULL,0,1,'2023-12-19 01:46:56','2023-12-19 01:46:56'),(242,2,242,1,NULL,0,1,'2023-12-19 04:20:38','2023-12-19 04:20:38'),(243,1,243,1,NULL,0,1,'2023-12-19 05:14:11','2023-12-19 05:14:11'),(244,3,244,1,NULL,0,1,'2023-12-19 12:40:17','2023-12-19 12:40:17'),(245,2,245,1,NULL,0,1,'2023-12-19 16:22:22','2023-12-19 16:22:22'),(246,4,246,1,NULL,0,1,'2023-12-19 21:56:58','2023-12-19 21:56:58'),(247,6,247,1,NULL,0,1,'2023-12-19 23:51:23','2023-12-19 23:51:23'),(248,5,248,1,NULL,0,1,'2023-12-20 00:02:04','2023-12-20 00:02:04'),(249,5,249,1,NULL,0,1,'2023-12-20 00:05:26','2023-12-20 00:05:26'),(250,5,250,1,NULL,0,1,'2023-12-20 00:08:57','2023-12-20 00:08:57'),(251,5,251,1,NULL,0,1,'2023-12-20 00:14:07','2023-12-20 00:14:07'),(252,5,252,1,NULL,0,1,'2023-12-20 00:17:05','2023-12-20 00:17:05'),(253,5,253,1,NULL,0,1,'2023-12-20 00:23:23','2023-12-20 00:23:23'),(254,5,254,1,NULL,0,1,'2023-12-20 00:58:32','2023-12-20 00:58:32'),(255,1,255,1,NULL,0,1,'2023-12-20 01:21:17','2023-12-20 01:21:17'),(256,5,256,1,NULL,0,1,'2023-12-20 01:23:29','2023-12-20 01:23:29'),(257,5,257,1,NULL,0,1,'2023-12-20 01:59:40','2023-12-20 01:59:40'),(258,1,258,1,NULL,0,1,'2023-12-20 02:38:30','2023-12-20 02:38:30'),(259,6,259,1,NULL,0,1,'2023-12-20 03:08:31','2023-12-20 03:08:31'),(260,5,260,1,NULL,0,1,'2023-12-20 03:26:28','2023-12-20 03:26:28'),(261,5,261,1,NULL,0,1,'2023-12-20 14:21:18','2023-12-20 14:21:18'),(262,5,262,1,NULL,0,1,'2023-12-20 17:53:10','2023-12-20 17:53:10'),(263,5,263,1,NULL,0,1,'2023-12-20 19:12:59','2023-12-20 19:12:59'),(264,2,264,1,NULL,0,1,'2023-12-20 22:13:27','2023-12-20 22:13:27'),(265,6,265,1,NULL,0,1,'2023-12-20 23:01:47','2023-12-20 23:01:47'),(266,4,266,1,NULL,0,1,'2023-12-20 23:11:42','2023-12-20 23:11:42'),(267,5,267,1,NULL,0,1,'2023-12-21 01:23:40','2023-12-21 01:23:40'),(268,6,268,1,NULL,0,1,'2023-12-21 03:47:39','2023-12-21 03:47:39'),(269,5,269,1,NULL,0,1,'2023-12-21 12:26:14','2023-12-21 12:26:14'),(270,5,270,1,NULL,0,1,'2023-12-21 13:04:58','2023-12-21 13:04:58'),(271,4,271,1,NULL,0,1,'2023-12-21 23:24:08','2023-12-21 23:24:08'),(272,5,272,1,NULL,0,1,'2023-12-22 00:21:58','2023-12-22 00:21:58'),(273,4,273,1,NULL,0,1,'2023-12-22 01:34:01','2023-12-22 01:34:01'),(274,4,274,1,NULL,0,1,'2023-12-22 02:02:57','2023-12-22 02:02:57'),(275,4,275,1,NULL,0,1,'2023-12-22 03:52:12','2023-12-22 03:52:12'),(276,3,276,1,NULL,0,1,'2023-12-22 13:10:40','2023-12-22 13:10:40'),(277,3,277,1,NULL,0,1,'2023-12-22 22:03:48','2023-12-22 22:03:48'),(278,4,278,1,NULL,0,1,'2023-12-22 23:09:25','2023-12-22 23:09:25');
/*!40000 ALTER TABLE `alumno_carreras` ENABLE KEYS */;
UNLOCK TABLES;

--
-- Table structure for table `alumno_dato_extras`
--

DROP TABLE IF EXISTS `alumno_dato_extras`;
/*!40101 SET @saved_cs_client     = @@character_set_client */;
/*!50503 SET character_set_client = utf8mb4 */;
CREATE TABLE `alumno_dato_extras` (
  `id` bigint unsigned NOT NULL AUTO_INCREMENT,
  `alumno_id` bigint unsigned NOT NULL,
  `campo` varchar(100) CHARACTER SET utf8mb3 COLLATE utf8mb3_unicode_ci NOT NULL,
  `valor` json NOT NULL,
  PRIMARY KEY (`id`),
  KEY `alumno_dato_extras_alumno_id_foreign` (`alumno_id`),
  CONSTRAINT `alumno_dato_extras_alumno_id_foreign` FOREIGN KEY (`alumno_id`) REFERENCES `alumnos` (`id`) ON DELETE CASCADE
) ENGINE=InnoDB DEFAULT CHARSET=utf8mb3 COLLATE=utf8mb3_unicode_ci;
/*!40101 SET character_set_client = @saved_cs_client */;

--
-- Dumping data for table `alumno_dato_extras`
--

LOCK TABLES `alumno_dato_extras` WRITE;
/*!40000 ALTER TABLE `alumno_dato_extras` DISABLE KEYS */;
/*!40000 ALTER TABLE `alumno_dato_extras` ENABLE KEYS */;
UNLOCK TABLES;

--
-- Table structure for table `alumnos`
--

DROP TABLE IF EXISTS `alumnos`;
/*!40101 SET @saved_cs_client     = @@character_set_client */;
/*!50503 SET character_set_client = utf8mb4 */;
CREATE TABLE `alumnos` (
  `id` bigint unsigned NOT NULL AUTO_INCREMENT,
  `apellido` varchar(50) CHARACTER SET utf8mb3 COLLATE utf8mb3_unicode_ci NOT NULL,
  `nombre` varchar(50) CHARACTER SET utf8mb3 COLLATE utf8mb3_unicode_ci NOT NULL,
  `tipo_documento` varchar(10) CHARACTER SET utf8mb3 COLLATE utf8mb3_unicode_ci NOT NULL,
  `numero_documento` varchar(10) CHARACTER SET utf8mb3 COLLATE utf8mb3_unicode_ci NOT NULL,
  `estado_civil` varchar(15) CHARACTER SET utf8mb3 COLLATE utf8mb3_unicode_ci DEFAULT NULL,
  `sexo` char(1) CHARACTER SET utf8mb3 COLLATE utf8mb3_unicode_ci NOT NULL,
  `fecha_nacimiento` datetime NOT NULL,
  `localidad_nacimiento` varchar(15) CHARACTER SET utf8mb3 COLLATE utf8mb3_unicode_ci DEFAULT NULL,
  `pais_nacimiento` varchar(50) CHARACTER SET utf8mb3 COLLATE utf8mb3_unicode_ci DEFAULT NULL,
  `domicilio_calle` varchar(255) COLLATE utf8mb3_unicode_ci DEFAULT NULL,
  `domicilio_altura` varchar(10) CHARACTER SET utf8mb3 COLLATE utf8mb3_unicode_ci DEFAULT NULL,
  `domicilio_piso` varchar(10) CHARACTER SET utf8mb3 COLLATE utf8mb3_unicode_ci DEFAULT NULL,
  `domicilio_departamento` varchar(10) CHARACTER SET utf8mb3 COLLATE utf8mb3_unicode_ci DEFAULT NULL,
  `domicilio_provincia_id` bigint unsigned DEFAULT NULL,
  `domicilio_distrito` varchar(50) CHARACTER SET utf8mb3 COLLATE utf8mb3_unicode_ci DEFAULT NULL,
  `domicilio_localidad_id` bigint unsigned DEFAULT NULL,
  `domicilio_codigo_postal` varchar(10) CHARACTER SET utf8mb3 COLLATE utf8mb3_unicode_ci DEFAULT NULL,
  `telefono` varchar(30) CHARACTER SET utf8mb3 COLLATE utf8mb3_unicode_ci DEFAULT NULL,
  `celular` varchar(30) CHARACTER SET utf8mb3 COLLATE utf8mb3_unicode_ci DEFAULT NULL,
  `email` varchar(255) CHARACTER SET utf8mb3 COLLATE utf8mb3_unicode_ci DEFAULT NULL,
  `titulo_secundario` tinyint(1) DEFAULT NULL,
  `adeuda_materias` int DEFAULT NULL,
  `adeuda_descripcion` varchar(150) CHARACTER SET utf8mb3 COLLATE utf8mb3_unicode_ci DEFAULT NULL,
  `titulo` varchar(150) CHARACTER SET utf8mb3 COLLATE utf8mb3_unicode_ci DEFAULT NULL,
  `orientacion` varchar(150) COLLATE utf8mb3_unicode_ci DEFAULT NULL,
  `otorgado_por` varchar(150) COLLATE utf8mb3_unicode_ci DEFAULT NULL,
  `anio_egreso` int DEFAULT NULL,
  `promedio` decimal(18,2) DEFAULT NULL,
  `titulo_tramite` tinyint(1) DEFAULT NULL,
  `mayor_titulo` varchar(50) CHARACTER SET utf8mb3 COLLATE utf8mb3_unicode_ci DEFAULT NULL,
  `mayor_titulo_descripcion` varchar(150) CHARACTER SET utf8mb3 COLLATE utf8mb3_unicode_ci DEFAULT NULL,
  `mayor_titulo_institucion` varchar(150) CHARACTER SET utf8mb3 COLLATE utf8mb3_unicode_ci DEFAULT NULL,
  `mayor_titulo_promedio` decimal(18,2) DEFAULT NULL,
  `fotocopia_titulo` tinyint(1) DEFAULT NULL,
  `constancia_titulo_tramite` tinyint(1) DEFAULT NULL,
  `constancia_adeuda_materias` tinyint(1) DEFAULT NULL,
  `cantidad_adeuda_materias` int DEFAULT NULL,
  `certificado_aptitud` tinyint(1) DEFAULT NULL,
  `fotocopia_documento` tinyint(1) DEFAULT NULL,
  `foto_carnet` tinyint(1) DEFAULT NULL,
  `fotocopia_partida_nacimiento` tinyint(1) DEFAULT NULL,
  `vacuna_antihepatitis` tinyint(1) DEFAULT NULL,
  `vacuna_antitetanica` tinyint(1) DEFAULT NULL,
  `recibo` int DEFAULT NULL,
  `monto` decimal(18,2) DEFAULT NULL,
  `foto_url` varchar(255) CHARACTER SET utf8mb3 COLLATE utf8mb3_unicode_ci DEFAULT NULL,
  `comprobante_url` varchar(255) COLLATE utf8mb3_unicode_ci DEFAULT NULL,
  `email_encriptado` varchar(255) COLLATE utf8mb3_unicode_ci DEFAULT NULL,
  `email_verificado` tinyint(1) DEFAULT NULL,
  `active` tinyint(1) DEFAULT NULL,
  `created_at` timestamp NULL DEFAULT NULL,
  `updated_at` timestamp NULL DEFAULT NULL,
  PRIMARY KEY (`id`),
  KEY `alumnos_domicilio_provincia_id_foreign` (`domicilio_provincia_id`),
  KEY `alumnos_domicilio_localidad_id_foreign` (`domicilio_localidad_id`),
  CONSTRAINT `alumnos_domicilio_localidad_id_foreign` FOREIGN KEY (`domicilio_localidad_id`) REFERENCES `localidades` (`id`) ON DELETE SET NULL,
  CONSTRAINT `alumnos_domicilio_provincia_id_foreign` FOREIGN KEY (`domicilio_provincia_id`) REFERENCES `provincias` (`id`) ON DELETE SET NULL
) ENGINE=InnoDB AUTO_INCREMENT=279 DEFAULT CHARSET=utf8mb3 COLLATE=utf8mb3_unicode_ci;
/*!40101 SET character_set_client = @saved_cs_client */;

--
-- Dumping data for table `alumnos`
--

LOCK TABLES `alumnos` WRITE;
/*!40000 ALTER TABLE `alumnos` DISABLE KEYS */;
INSERT INTO `alumnos` VALUES (1,'Mauricio','Julio','DNI','34661219','casado','M','1989-03-03 00:00:00','Guernica','Argentina','San Juan','1524',NULL,NULL,2,'Presidente Peron',117,'1862','01130493389','1130493389','marianagonzalezlino@hotmail.com',1,NULL,NULL,'Bachiller en Ciencias Naturales','Ciencias Naturales','Instituto Victoria',2006,8.00,0,'terciario','Tecnico Analista Programador','ISFDyT 93',8.00,NULL,NULL,NULL,NULL,NULL,NULL,NULL,NULL,NULL,NULL,NULL,NULL,NULL,'/comprobantes/fb5265095f1ca0f8613b05d6d459fd02.png',NULL,NULL,1,'2023-12-01 10:28:42','2023-12-01 10:28:42'),(2,'sdsd','sdsd','DNI','11546897','casado','F','2012-12-12 00:00:00',NULL,'Argentina',NULL,NULL,NULL,NULL,NULL,NULL,NULL,NULL,NULL,NULL,NULL,0,6,'matematica y geografia',NULL,NULL,NULL,NULL,NULL,1,NULL,NULL,NULL,NULL,NULL,NULL,NULL,NULL,NULL,NULL,NULL,NULL,NULL,NULL,NULL,NULL,NULL,'/comprobantes/2c99e4e16a33796b801f88be7099e816.html',NULL,NULL,1,'2023-12-02 21:53:59','2023-12-02 21:53:59'),(3,'l','l','DNI','12545878','soltero','M','2005-12-02 00:00:00',NULL,'Argentina',NULL,NULL,NULL,NULL,2,NULL,NULL,'1865','+541141901523',NULL,'adanfrancisco@gmail.com',1,NULL,NULL,'aa','aa','aa',2001,3.00,0,NULL,NULL,NULL,NULL,NULL,NULL,NULL,NULL,NULL,NULL,NULL,NULL,NULL,NULL,NULL,NULL,NULL,NULL,NULL,NULL,1,'2023-12-03 00:23:54','2023-12-03 00:23:54'),(4,'aa','aa','LE','12314233','soltero','F','2554-12-12 00:00:00','Alejandro korn','Argentina',NULL,NULL,NULL,NULL,2,'SAN VICENTE',62,'1865','+541141901523',NULL,'adanfrancisco@gmail.com',1,NULL,NULL,'aa','aa','aa',333434,323.00,0,NULL,NULL,NULL,NULL,NULL,NULL,NULL,NULL,NULL,NULL,NULL,NULL,NULL,NULL,NULL,NULL,NULL,NULL,NULL,NULL,1,'2023-12-03 16:48:24','2023-12-03 16:48:24'),(5,'Florentin','Osvaldo','DNI','30810261','casado','M','1984-04-14 00:00:00','otraLocalidadN','Argentina','Malvinas','1017',NULL,NULL,2,'Presidente peron',117,'1862','1125530450','1125530450','Florentin_o@hotmail.com',1,NULL,NULL,'Secundario','Completo','La escuela',2020,10.00,0,NULL,NULL,NULL,NULL,NULL,NULL,NULL,NULL,NULL,NULL,NULL,NULL,NULL,NULL,NULL,NULL,NULL,NULL,NULL,NULL,1,'2023-12-03 21:28:20','2023-12-03 21:28:20'),(6,'Florentin','Osvaldo','DNI','30810261','casado','M','2023-12-05 00:00:00',NULL,'Argentina','Hahha','22',NULL,NULL,2,'Otro',50,'1862','1125530450','1125530450','Florentin_o@hotmail.com',0,2,'Edad',NULL,NULL,NULL,NULL,NULL,0,NULL,NULL,NULL,NULL,NULL,NULL,NULL,NULL,NULL,NULL,NULL,NULL,NULL,NULL,NULL,NULL,NULL,'/comprobantes/445e391dc0e23aff97dc96106d45d20b.png',NULL,NULL,1,'2023-12-03 21:32:58','2023-12-03 21:32:58'),(7,'ALOE','ADÁN','DNI','11236523','casado','M','1973-11-17 00:00:00','San Vicente','Argentina',NULL,NULL,NULL,NULL,2,'SAN VICENTE',179,'1865',NULL,'1141901523','adanfrancisco@gmail.com',1,NULL,NULL,'Bachiller','Contable','Ees7',1991,9.98,0,'terciario','Analista de sistemas','ISFDyT93',9.00,NULL,NULL,NULL,NULL,NULL,NULL,NULL,NULL,NULL,NULL,NULL,NULL,NULL,NULL,NULL,NULL,1,'2023-12-03 22:48:28','2023-12-03 22:48:28'),(8,'Mendez','Roberto','DNI','28710901','soltero','M','1981-04-28 00:00:00','otraLocalidadN','Argentina','Rosas','536',NULL,NULL,2,'San vicente',233,'1826','01168274772','11','robmen.prof@gmail.com',1,NULL,NULL,'Bachiller en computacion','Apl','Eet 2',2000,7.56,0,'terciario','Analista','93',8.58,NULL,NULL,NULL,NULL,NULL,NULL,NULL,NULL,NULL,NULL,NULL,NULL,NULL,NULL,NULL,NULL,1,'2023-12-04 02:05:51','2023-12-04 02:05:51'),(9,'aa','aa','LC','12121','viudo','M','2324-12-12 00:00:00','Alejandro korn','Argentina',NULL,NULL,NULL,NULL,2,'SAN VICENTE',179,'1865','+541141901523',NULL,'adanfrancisco@gmail.com',1,NULL,NULL,'aa','aa','aa',2332,11223.00,0,NULL,NULL,NULL,NULL,NULL,NULL,NULL,NULL,NULL,NULL,NULL,NULL,NULL,NULL,NULL,NULL,NULL,NULL,NULL,NULL,1,'2023-12-04 19:42:29','2023-12-04 19:42:29'),(10,'Spandre','Omar Jose','DNI','16182022','viudo','O','1963-03-05 00:00:00','San Vicente','Argentina','French','972','1',NULL,2,'San vicente',179,'1865','2224550282','2224550282','spandreomar@gmail.com',1,NULL,NULL,'Bachiller','Educacion fisica','Ees4',2020,7.00,0,NULL,NULL,NULL,NULL,NULL,NULL,NULL,NULL,NULL,NULL,NULL,NULL,NULL,NULL,NULL,NULL,NULL,NULL,'746715f494793b64ebd14d6e2779ec3c',0,1,'2023-12-06 01:11:17','2023-12-06 01:11:17'),(11,'ALOE','ADÁN','DNI','12223331','casado','M','1973-11-17 00:00:00','San Vicente','Argentina',NULL,NULL,NULL,NULL,2,NULL,179,'1865','+541141901523','1141901523','adanfrancisco@gmail.com',1,NULL,NULL,'biologo','animales pequeños','ISFT93',2020,9.98,0,NULL,NULL,NULL,NULL,NULL,NULL,NULL,NULL,NULL,NULL,NULL,NULL,NULL,NULL,NULL,NULL,NULL,NULL,'722cb3b4e9acc756661e0d3dcea72295',1,1,'2023-12-06 12:24:44','2023-12-06 15:35:30'),(12,'ALOE','ADÁN','DNI','23618812','casado','M','1973-11-17 00:00:00','San Vicente','Argentina','popeye','213',NULL,NULL,2,'SAN VICENTE',179,'1865','+541141901523',NULL,'adanfrancisco@gmail.com',1,NULL,NULL,'Bachiller','Contable','Ees7',1991,9.00,0,NULL,NULL,NULL,NULL,NULL,NULL,NULL,NULL,NULL,NULL,NULL,NULL,NULL,NULL,NULL,NULL,NULL,'/comprobantes/a9a0e5fcdd5068293de2b126d9552e7e.jpg','722cb3b4e9acc756661e0d3dcea72295',0,1,'2023-12-06 15:34:36','2023-12-06 15:34:36'),(13,'Jacobsen','Betiana Maricel','DNI','25535140','divorciado','F','1976-10-28 00:00:00','San Vicente','Argentina','Primera Junta','34',NULL,NULL,2,'San Vicente',179,'1865',NULL,'2224455001','bjacobsen@abc.gob.ar',1,NULL,NULL,'Perito Mercantil','Contable','EEMNº2',1884,9.00,0,'terciario','Prof. Economía','ISFDYTNº99',6.00,NULL,NULL,NULL,NULL,NULL,NULL,NULL,NULL,NULL,NULL,NULL,NULL,NULL,NULL,'1ea91ba56ff8c310653d70216f0051ed',0,1,'2023-12-07 22:36:38','2023-12-07 22:36:38'),(14,'GALVAN','EZEQUIEL MANUEL','DNI','28333333',NULL,'M','1994-12-09 00:00:00',NULL,NULL,NULL,NULL,NULL,NULL,NULL,NULL,NULL,NULL,NULL,NULL,NULL,1,NULL,NULL,'Gg','Gg','Gg',2022,5.00,0,NULL,NULL,NULL,NULL,NULL,NULL,NULL,NULL,NULL,NULL,NULL,NULL,NULL,NULL,NULL,NULL,NULL,NULL,'d41d8cd98f00b204e9800998ecf8427e',0,1,'2023-12-09 03:48:32','2023-12-09 03:48:32'),(15,'ALOE','ADÁN','DNI','23636852','casado','M','2023-12-15 00:00:00','San Vicente','Argentina','Micalle','3362',NULL,NULL,2,'SAN VICENTE',179,'1865','+541141901523','1162524357','adanfrancisco@gmail.com',1,NULL,NULL,'Papa','Pop','ISFT93',2022,9.00,0,NULL,NULL,NULL,NULL,NULL,NULL,NULL,NULL,NULL,NULL,NULL,NULL,NULL,NULL,NULL,NULL,NULL,NULL,'722cb3b4e9acc756661e0d3dcea72295',0,1,'2023-12-11 22:06:37','2023-12-11 22:06:37'),(16,'Putzolo','Facundo Gabriel','DNI','45989727','soltero','M','2005-02-07 00:00:00','San Vicente','Argentina','San juan','933','0','1',2,'Guernica',159,'1862','1128831656','2224524106','facundoputzolo9@gmail.com',1,NULL,NULL,'Bachilier en ciencias sociales','Ciencias sociales','Escuela secundaria n°5',2022,6.84,1,NULL,NULL,NULL,NULL,NULL,NULL,NULL,NULL,NULL,NULL,NULL,NULL,NULL,NULL,NULL,NULL,NULL,'/comprobantes/0718fbe646733921cd9a5260f2d7f695.png','778f4501e9fe9aeb6e2715df9f3679f5',1,1,'2023-12-11 22:30:54','2023-12-12 01:35:00'),(17,'Petinari','Zamora','DNI','46699805','soltero','M','2005-07-16 00:00:00','Alejandro korn','Argentina','Velez Sarfield','615',NULL,NULL,2,'San Vicente',NULL,'1864',NULL,'1126394976','luchopetinari.17@gmail.com',1,NULL,NULL,'Bachiller en Ciencias Naturales','Ciencias Naturales','Secundaria n4',2023,9.20,1,NULL,NULL,NULL,NULL,NULL,NULL,NULL,NULL,NULL,NULL,NULL,NULL,NULL,NULL,NULL,NULL,NULL,NULL,'7ec2d4f08363f68899bbbb480994c63e',1,1,'2023-12-11 22:31:25','2023-12-11 22:32:01'),(18,'gomez','Tobias valentin','DNI','46635638','soltero','M','2005-06-06 00:00:00','Alejandro korn','Argentina','Martin fierro','667',NULL,NULL,2,'ALEJANDRO KORN',179,'1864',NULL,'1157469335','tvgtobiasgomez@gmail.com',1,NULL,NULL,'Bachiller en ciencias naturales','Ciencias naturales','Secundaria 4',2023,8.20,1,NULL,NULL,NULL,NULL,NULL,NULL,NULL,NULL,NULL,NULL,NULL,NULL,NULL,NULL,NULL,NULL,NULL,'/comprobantes/150ceded70acf7802f27afc70d9eb145.jpg','f410281d523cff58e16bf093cdc1b6f2',1,1,'2023-12-11 22:34:08','2023-12-12 09:43:40'),(19,'Payal','Flavia lorena','DNI','30238024','soltero','F','1983-04-20 00:00:00','Brandsen','Argentina','Vicente casares','44411',NULL,NULL,2,'San Vicente',179,'1864','2225451931','1138094532','Lorenapayal@gmail.com',1,NULL,NULL,'Bachiller','Docente','Escuela n 4 almafuerte',2014,742.00,0,NULL,NULL,NULL,NULL,NULL,NULL,NULL,NULL,NULL,NULL,NULL,NULL,NULL,NULL,NULL,NULL,NULL,NULL,'53a11fa7d55c02166ffee247a972c99a',1,1,'2023-12-11 22:52:06','2023-12-13 10:44:48'),(20,'Wright','Evangelina','DNI','38858783','soltero','F','1995-03-24 00:00:00','Brandsen','Argentina','Ruta 210','54900',NULL,NULL,2,'Domselaar',179,'1984',NULL,'2224 45 6364','evangelina.w@hotmail.com',1,NULL,NULL,'Bachiller en ciencias Naturales','Naturales','Media N°4 Nacional Almafuerte',2013,8.49,0,NULL,NULL,NULL,NULL,NULL,NULL,NULL,NULL,NULL,NULL,NULL,NULL,NULL,NULL,NULL,NULL,NULL,'/comprobantes/429342d89c55d06660e6642d054bf438.png','787eb0e0cf1e202b43aa973f98a0dfc5',1,1,'2023-12-11 22:54:58','2023-12-11 22:56:31'),(21,'Campos','Alejandra Edith','DNI','27592431','viudo','F','1979-08-13 00:00:00','Alejandro korn','Argentina','Florida','480',NULL,NULL,2,'Alejandro Korn',179,'B1864',NULL,'1169013019','alejandraedithcampos1@gmail.com',1,NULL,NULL,'Secundario','Ciencias sociales','Escuela secundaria N3',2017,882.00,0,NULL,NULL,NULL,NULL,NULL,NULL,NULL,NULL,NULL,NULL,NULL,NULL,NULL,NULL,NULL,NULL,NULL,'/comprobantes/bdd7796f5d66da6b39dd871f2a1e59a9.png','bf9136a817d8379612a15d314443f476',1,1,'2023-12-11 22:56:30','2023-12-12 00:00:07'),(22,'Fleitas','Noelia griselda','DNI','39812485','casado','F','1995-02-14 00:00:00','San Vicente','Argentina','6 entre 39 y 39 bis','976',NULL,NULL,2,'Presidente peron',NULL,'1862','11','62030921','Noelia_142006@hotmail.com',1,NULL,NULL,'Bachiller en ciencias naturales','Ciencias naturales','Noelia Griselda fleitas',2012,7.44,0,NULL,NULL,NULL,NULL,NULL,NULL,NULL,NULL,NULL,NULL,NULL,NULL,NULL,NULL,NULL,NULL,NULL,NULL,'d74aeb11ff573b7fa36e03d7f6fa4063',1,1,'2023-12-11 23:01:03','2023-12-11 23:01:20'),(23,'Anadon','Maria Pura','DNI','20193555','casado','F','1969-01-07 00:00:00','otraLocalidadN','Argentina','Cañuelas','1092',NULL,NULL,2,'San Vicente',179,'B1864','01140255151','01140255151','nautica069.ma@gmail.com',1,NULL,NULL,'Bachiller','C.Naturales,Salud y Ambiente','CENS 451',2021,9.36,0,NULL,NULL,NULL,NULL,NULL,NULL,NULL,NULL,NULL,NULL,NULL,NULL,NULL,NULL,NULL,NULL,NULL,'/comprobantes/cd56c692df9f0e122f70db8851055257.jpg','aff708b40205da7f316654068b0ff555',1,1,'2023-12-11 23:03:17','2023-12-15 11:40:58'),(24,'Penida','Santiago Camilo','DNI','43895585','soltero','M','2002-04-02 00:00:00','San Vicente','Argentina','Maipú','137',NULL,NULL,2,'San Vicente',179,'1865','2224542810','2224542810','santiagocamilo222@gmail.com',1,NULL,NULL,'Técnico personal y profesional en informática','Informática','E.D.T.S. N°2 Manuel Matheo',2020,7.82,0,NULL,NULL,NULL,NULL,NULL,NULL,NULL,NULL,NULL,NULL,NULL,NULL,NULL,NULL,NULL,NULL,NULL,'/comprobantes/50b56ae4d63384b12e01ed0131741791.pdf','900c5d4b43bd44fb5cf8e75d1ced4953',1,1,'2023-12-11 23:05:56','2023-12-11 23:06:27'),(25,'Dabrowski','Lautaro Alejo','DNI','43803960','soltero','M','2001-12-27 00:00:00','San Vicente','Argentina','España','376',NULL,NULL,2,'San Vicente',179,'1865','02224502889','02224493031','lautydickens27@gmail.com',1,NULL,NULL,'Bachiller','Comunicación','E.E.S. N°2 Alberto D. Bourras',2019,8.36,0,NULL,NULL,NULL,NULL,NULL,NULL,NULL,NULL,NULL,NULL,NULL,NULL,NULL,NULL,NULL,NULL,NULL,'/comprobantes/888919304da01f57d094c7e028622f71.pdf','85bda80eca5f9223da8729a59016568a',1,1,'2023-12-11 23:13:30','2023-12-11 23:14:27'),(26,'lodigiani','mauricio nicola','DNI','45004559','soltero','M','2004-01-03 00:00:00','otraLocalidadN','Argentina','santo domigo','703',NULL,NULL,2,'ALEJANDRO KORN',NULL,'1864',NULL,'1133131465','mauriciolodigiani@gmail.com',1,NULL,NULL,'educación secundaria tecnica','técnico agrónomo','instituto san jose',2022,7.70,0,NULL,NULL,NULL,NULL,NULL,NULL,NULL,NULL,NULL,NULL,NULL,NULL,NULL,NULL,NULL,NULL,NULL,'/comprobantes/3ab0e8e7e07dc699c4aa0731b383ac87.jpg','e125ebf5fbc34f00b27183ce3a00ecc2',1,1,'2023-12-11 23:14:06','2023-12-13 15:09:41'),(27,'Fernández','Elsa','DNI','21642215','soltero','F','1970-09-11 00:00:00','Alejandro korn','Argentina','Juan b justo','1048',NULL,NULL,2,'San vicente',179,'1864','1138124684','1138124684','Fernandezelsa05@gmail.com',1,NULL,NULL,'Bachiller','Tecnológica','Monseñor schell',2000,6.89,0,NULL,NULL,NULL,NULL,NULL,NULL,NULL,NULL,NULL,NULL,NULL,NULL,NULL,NULL,NULL,NULL,NULL,NULL,'fcb099c1fc8aa137d861168f071038ba',1,1,'2023-12-11 23:14:22','2023-12-11 23:43:15'),(28,'Arevalo','Mariela','DNI','28679609','soltero','F','1981-02-26 00:00:00','Alejandro korn','Argentina','Costa','2502',NULL,NULL,2,'Alejandro korn',NULL,'1864','02224550948','2224550948','marielaarevalo137@gmail.com',1,NULL,NULL,'Bachiller','Docente','Escuela media número 4',1999,8.00,0,NULL,NULL,NULL,NULL,NULL,NULL,NULL,NULL,NULL,NULL,NULL,NULL,NULL,NULL,NULL,NULL,NULL,'/comprobantes/82c86d03706f65eaefa0c6fd0a2adc20.png','fe596202f22f72d3deb32495f677f2bd',1,1,'2023-12-11 23:14:56','2023-12-11 23:15:44'),(29,'Cruz','Monica Evangelina','DNI','26899832','soltero','F','1979-04-11 00:00:00','Alejandro korn','Argentina','Tucuman','369',NULL,NULL,2,'Alejandro korn',179,'1864','1133634153','1133634153','monicaevangelina.1179@gmail.com',1,NULL,NULL,'Perito mercantil','Orientación contable','Escuela de comercio N °27',2009,7.08,0,NULL,NULL,NULL,NULL,NULL,NULL,NULL,NULL,NULL,NULL,NULL,NULL,NULL,NULL,NULL,NULL,NULL,NULL,'6c211656c97232d9746d192c0d8afa3b',1,1,'2023-12-11 23:33:18','2023-12-12 00:07:07'),(30,'Santander','Adriana Paola','DNI','31352376','soltero','F','1981-05-26 00:00:00','San Vicente','Argentina','Rio bamba','349',NULL,NULL,2,'San Vicente',179,'1865',NULL,'1170254825','santanderadriana20@gmail.com',1,NULL,NULL,'Bachiller','Ciencias Sociales','Fines',2022,8.00,0,NULL,NULL,NULL,NULL,NULL,NULL,NULL,NULL,NULL,NULL,NULL,NULL,NULL,NULL,NULL,NULL,NULL,NULL,'b21eacb3a8b2bcd00a494c5ee2201a29',0,1,'2023-12-11 23:34:36','2023-12-11 23:34:36'),(31,'Zavala','Ileana Elisa','DNI','29160870','soltero','F','1982-02-19 00:00:00','Alejandro korn','Argentina','Vicente Casares','963',NULL,NULL,2,'San vicente',179,'1864','2224534475',NULL,'ileanaelisazavala@gmail.com',1,NULL,NULL,'Bachiller','Ciencias naturales','Escuela normal número 5',2001,725.00,0,NULL,NULL,NULL,NULL,NULL,NULL,NULL,NULL,NULL,NULL,NULL,NULL,NULL,NULL,NULL,NULL,NULL,NULL,'22b3e01bf8e9be7900e8218ab7dbeef9',1,1,'2023-12-11 23:40:34','2023-12-13 10:05:46'),(32,'Oller','Karina nancy','DNI','26100134','casado','F','1997-08-05 00:00:00','Alejandro korn','Argentina','Ascasubi','375',NULL,NULL,2,'San vicente',179,'1864','1169665477','1169665477','Kary32@live.com.ar',1,NULL,NULL,'Bachiller','Ciencias sociales','Secundario 451',2021,9.53,0,NULL,NULL,NULL,NULL,NULL,NULL,NULL,NULL,NULL,NULL,NULL,NULL,NULL,NULL,NULL,NULL,NULL,NULL,'87191d19894072fed67947076b732e55',1,1,'2023-12-11 23:41:05','2023-12-12 00:25:03'),(33,'Rodriguez de olivera','María cristina','DNI','28060090','casado','F','1980-05-05 00:00:00','otraLocalidadN','Argentina','Jujuy','650',NULL,NULL,2,'San vicente',179,'1864',NULL,'1155118491','martina_soriano1@yahoo.com.ar',1,NULL,NULL,'Título secundario','Ciencias sociales','CENS 451 LA MATANZA',2014,7.00,1,NULL,NULL,NULL,NULL,NULL,NULL,NULL,NULL,NULL,NULL,NULL,NULL,NULL,NULL,NULL,NULL,NULL,NULL,'a88682b1ec739a1f3e1ddf0f0b9fed31',1,1,'2023-12-11 23:42:36','2023-12-11 23:43:14'),(34,'Coronel','Fernanda daniela','DNI','38255186','soltero','F','1994-06-15 00:00:00','San Vicente','Argentina','Juana María López casa 5',NULL,NULL,NULL,2,'San Vicente',179,'1865','1170174889',NULL,'fernandadanielacoronel@gmail.com',1,NULL,NULL,'Bachiller','Ciencias naturales','Escuela de educación secundaria 21',2015,7.25,0,'terciario','Técnico superior en administración pública','Instituto superior de formación docente y técnica 93',8.04,NULL,NULL,NULL,NULL,NULL,NULL,NULL,NULL,NULL,NULL,NULL,NULL,NULL,NULL,'4f8b25ca6be82a14b28642ec3dfd15b4',1,1,'2023-12-11 23:49:35','2023-12-11 23:50:04'),(35,'Romero','Alejo Andres','DNI','45989759','soltero','M','2005-03-06 00:00:00','Alejandro korn','Argentina','Cuitiño','862',NULL,NULL,2,'San Vicente',179,'1864',NULL,'2224548100','alejo.romero689@gmail.com',0,0,'0',NULL,NULL,NULL,NULL,NULL,1,NULL,NULL,NULL,NULL,NULL,NULL,NULL,NULL,NULL,NULL,NULL,NULL,NULL,NULL,NULL,NULL,NULL,NULL,'cc4c969ee55607a1a0a77547d1cd3032',1,1,'2023-12-11 23:52:37','2023-12-11 23:53:05'),(36,'Almada Renard','Maria Malén','DNI','35409119','soltero','F','1991-03-08 00:00:00','otraLocalidadN','Argentina','Juan José Paso','181','-','-',2,'San Vicente',179,'1865',NULL,'2224464986','m.almada.renard@gmail.com',1,NULL,NULL,'Bachiller','Producción de bienes y servicios','Instituto San José',2008,8.51,0,NULL,NULL,NULL,NULL,NULL,NULL,NULL,NULL,NULL,NULL,NULL,NULL,NULL,NULL,NULL,NULL,NULL,NULL,'95bc007c8f386facfc3af14dca577c75',1,1,'2023-12-11 23:52:53','2023-12-11 23:54:16'),(37,'Gallo','Susana mabel','DNI','25338741','soltero','F','1976-11-18 00:00:00',NULL,'Argentina','Lugines','557',NULL,NULL,2,'Alejandro korn',179,'1864','1137771469','1137771469','Susanagallo00@gmail.com',1,NULL,NULL,'Bachiller','Ciencias sociales','RFIFD',2023,9.00,0,NULL,NULL,NULL,NULL,NULL,NULL,NULL,NULL,NULL,NULL,NULL,NULL,NULL,NULL,NULL,NULL,NULL,NULL,'616df69055050d6b5edf656f284ac803',1,1,'2023-12-12 00:00:58','2023-12-12 00:02:41'),(38,'Acevedo','Priscila Berenice','DNI','42039401','soltero','F','1999-08-20 00:00:00','Guernica','Argentina','Falucho','961','No','No',2,'San Vicente',179,'1864','1136201375','1136201375','acevedoberenice33@gmail.com',1,NULL,NULL,'Bachillerato','Artes visuales','Ministerio de educación',2018,8.50,0,NULL,'Ma',NULL,NULL,NULL,NULL,NULL,NULL,NULL,NULL,NULL,NULL,NULL,NULL,NULL,NULL,NULL,NULL,'f7ebc4a619fcde6fa2dec35259f9ee0b',1,1,'2023-12-12 00:01:32','2023-12-12 00:26:08'),(39,'Toledo','Elvira Beatriz','DNI','31156241','soltero','F','1984-08-14 00:00:00','otraLocalidadN','Argentina','Vidal','840',NULL,NULL,2,'San Vicente',179,'1864',NULL,'2657281181','betutoledo91@gmail.com',1,NULL,NULL,'Bachiller','Ciencias Sociales','CENS 451',2018,9.30,0,NULL,NULL,NULL,NULL,NULL,NULL,NULL,NULL,NULL,NULL,NULL,NULL,NULL,NULL,NULL,NULL,NULL,NULL,'7551e464ed2e9dee6cfd949dc3432d13',1,1,'2023-12-12 00:02:58','2023-12-12 00:05:31'),(40,'Garay busso','Jenifer natali','DNI','35110537','casado','F','1989-11-24 00:00:00','otraLocalidadN','Argentina','Jamaica','993',NULL,NULL,2,'San vicente',NULL,'1864',NULL,'01164040200','jonasludmila2069@gmail.com',1,NULL,NULL,'Bachiller','Gestión y administración','C.e.n.s n451',2019,9.40,0,NULL,NULL,NULL,NULL,NULL,NULL,NULL,NULL,NULL,NULL,NULL,NULL,NULL,NULL,NULL,NULL,NULL,'/comprobantes/a406907581ec39365aa9c5aa4c4ca191.jpg','2787d028d74d28cb6aafeb97016bffb3',1,1,'2023-12-12 00:17:08','2023-12-20 11:47:29'),(41,'Scollo trejo','Sandra Fabiana','DNI','27382434','casado','F','1979-07-04 00:00:00','otraLocalidadN','Argentina','Falucho','961','No','No',2,'San Vicente',179,'1864','1133069888','1133069888','fabianascollo@gmail.com',1,NULL,NULL,'Centro fines','Título con oficio','Ministerio de educación',2022,9.00,0,NULL,NULL,NULL,NULL,NULL,NULL,NULL,NULL,NULL,NULL,NULL,NULL,NULL,NULL,NULL,NULL,NULL,NULL,'0509d51730873344cd768dbaeb3def41',1,1,'2023-12-12 00:19:54','2023-12-12 00:26:22'),(42,'Díaz','Sofía Aida','DNI','40881235','soltero','F','1997-11-09 00:00:00','Guernica','Argentina','38b entre 33y34','667',NULL,NULL,2,'Presidente Perón',117,'1862','01165385005','1165385005','sofia.aida.diaz@gmail.com',1,NULL,NULL,'Bachillerato en Ciencias sociales','Ciencias sociales','.',2021,5.00,0,NULL,NULL,NULL,NULL,NULL,NULL,NULL,NULL,NULL,NULL,NULL,NULL,NULL,NULL,NULL,NULL,NULL,NULL,'1d21a4242d0a0fca568ed10c5aa7d62a',1,1,'2023-12-12 00:22:37','2023-12-12 00:23:20'),(43,'Suarez','Juan Pablo','DNI','44968492','soltero','M','2003-08-07 00:00:00','otraLocalidadN','Argentina','Evaristo Carriego','265','1','1',2,'Almirante Brown',233,'1856','1136276718',NULL,'suarezjuanpablo97@gmail.com',1,NULL,NULL,'Bachiller','Artes visuales','RFIFD',2022,7.24,0,NULL,NULL,NULL,NULL,NULL,NULL,NULL,NULL,NULL,NULL,NULL,NULL,NULL,NULL,NULL,NULL,NULL,NULL,'beafee5c7ad0fb6e94f915bfdbf8693d',0,1,'2023-12-12 00:30:11','2023-12-12 00:30:11'),(44,'Storz','Rosana Marina','DNI','31563335','soltero','F','1985-06-19 00:00:00','San Vicente','Argentina','Nuestas Malvina','141',NULL,NULL,2,'Almirante Bronw',233,'1856','02224425373','1122858002','rosanamarinastorz@gmail.com',1,NULL,NULL,'Bachiller con orientación en ciencias sociales','Ciencia sociales','E. E. Media nro 3',2010,7.32,0,NULL,NULL,NULL,NULL,NULL,NULL,NULL,NULL,NULL,NULL,NULL,NULL,NULL,NULL,NULL,NULL,NULL,'/comprobantes/db7e05ab9fc508e588458026c9cc68d5.jpg','498590d600d8f19e44a3d307ddc1e6d3',1,1,'2023-12-12 00:30:22','2023-12-13 13:00:39'),(45,'Casas','Jazmín Denise','DNI','43181631','soltero','F','2001-01-19 00:00:00','Guernica','Argentina','122','2450',NULL,NULL,2,NULL,159,'1862','2224508211','1135901248','jazminyedu2819@gmail.com',1,NULL,NULL,'Bachiller','Ciencias naturales','RM N°2372/12',2018,7.90,0,NULL,NULL,NULL,NULL,NULL,NULL,NULL,NULL,NULL,NULL,NULL,NULL,NULL,NULL,NULL,NULL,NULL,'/comprobantes/612c81650a9f22faf2f878abc281fdc7.jpg','ee6b0d4ebf0650459afa9a88b15f1129',1,1,'2023-12-12 00:32:54','2023-12-12 00:35:58'),(46,'Diaz','Gabriela viviana','DNI','30048816','soltero','F','1983-02-14 00:00:00','Alejandro korn','Argentina','Alma fuerte','752','.','.',2,'San Vicente',NULL,'1864','02225 425996','1161680885','gd565917@gmail.com',1,NULL,NULL,'Bachiller Modalidad y ciencias sociales','Educación secundaria','Escuela de educación secundaria N° 5',2013,7.25,0,NULL,NULL,NULL,NULL,NULL,NULL,NULL,NULL,NULL,NULL,NULL,NULL,NULL,NULL,NULL,NULL,NULL,NULL,'f667eb3772fb9c2d1412d822909d5f87',0,1,'2023-12-12 00:33:01','2023-12-12 00:33:01'),(47,'Vallejo','Nicolas','DNI','45300435','soltero','M','2003-09-24 00:00:00','Guernica','Argentina','Ruta 210 esquina peru','24803',NULL,NULL,2,'Presidente peron',117,'1862',NULL,'1127253392','Nicolasvallejo249@gmail.com',1,NULL,NULL,'Bachiller','Ciencias sociales','Roxana funes',2021,6.12,0,NULL,NULL,NULL,NULL,NULL,NULL,NULL,NULL,NULL,NULL,NULL,NULL,NULL,NULL,NULL,NULL,NULL,'/comprobantes/9adecaa4361ee68a293f142781c6761e.jpg','e047d835e5e7c9ca94a72e86a93084a6',1,1,'2023-12-12 00:34:41','2023-12-12 00:35:53'),(48,'Quiroga','Carolina Beatriz','DNI','27528719','soltero','F','1979-07-18 00:00:00','Alejandro korn','Argentina','Kennedy','433','-','-',2,'San Vicente',NULL,'1864','02225 424442','1127163545','carolinaq.1807@gmail.com',1,NULL,NULL,'Bachiller de adultos','Tecnológica','EET Nro 2 de San Vicente',2000,7.00,0,NULL,NULL,NULL,NULL,NULL,NULL,NULL,NULL,NULL,NULL,NULL,NULL,NULL,NULL,NULL,NULL,NULL,'/comprobantes/66dda62b97a3bfd5e61fd52c12413d6e.jpg','7384577c3bf012b6726567113e5eed07',1,1,'2023-12-12 00:37:28','2023-12-12 00:38:13'),(49,'Gutierrez','Gabriel','DNI','45625196','soltero','M','2004-08-01 00:00:00','San Vicente','Argentina','Esmeralda','742',NULL,NULL,2,'San Vicente',NULL,'1864',NULL,'1127951229','gabrielmaky2@gmail.com',1,NULL,NULL,'Bachillerato','Economia','Secundaria N°9',2022,7.31,0,NULL,NULL,NULL,NULL,NULL,NULL,NULL,NULL,NULL,NULL,NULL,NULL,NULL,NULL,NULL,NULL,NULL,NULL,'af3189b47ece0b0d83817d165edb963a',1,1,'2023-12-12 00:41:08','2023-12-12 00:41:36'),(50,'Gomez','Monica Beatriz','DNI','23266031','soltero','F','1973-03-12 00:00:00','otraLocalidadN','Argentina','Martin Fierro','194','-','-',2,'San Vicente',179,'1864','1132848634','1132848634',NULL,1,NULL,NULL,'Bachiller','Cienciad Sociales','SENS N° 451',2018,9.20,0,NULL,NULL,NULL,NULL,NULL,NULL,NULL,NULL,NULL,NULL,NULL,NULL,NULL,NULL,NULL,NULL,NULL,'/comprobantes/2dff86c2acc9d6613a9156aa1ccfc085.png','d41d8cd98f00b204e9800998ecf8427e',0,1,'2023-12-12 00:47:44','2023-12-12 00:47:44'),(51,'Benitez','Oriana Gisele','DNI','46638000','soltero','F','2005-05-07 00:00:00','Guernica','Argentina','39 esquina 8','406',NULL,NULL,2,'Presidente Perón',117,'1862','01121043737','1168557226','orianabbenitez15@gmail.com',0,0,'Ninguna',NULL,NULL,NULL,NULL,NULL,1,NULL,NULL,NULL,NULL,NULL,NULL,NULL,NULL,NULL,NULL,NULL,NULL,NULL,NULL,NULL,NULL,NULL,'/comprobantes/7c07cfa720a5a7ba57e2297fbf28317f.png','ca01419a851a11210a60779ad737f3d2',1,1,'2023-12-12 00:49:06','2023-12-12 15:49:16'),(52,'Garay','Nadia soledad','DNI','31263050','casado','F','1984-11-21 00:00:00','San Vicente','Argentina','Arcuri','1823',NULL,NULL,2,'Alejandro korn',179,'1864',NULL,'1121624174','nadia33garay@gmail.com',1,NULL,NULL,'Bachillerato','Ciencias sociales','La cuidad de Alejandro korn',2021,890.00,0,NULL,NULL,NULL,NULL,NULL,NULL,NULL,NULL,NULL,NULL,NULL,NULL,NULL,NULL,NULL,NULL,NULL,'/comprobantes/717a43d3d90ec83e893b3d3454dcf1b0.jpg','e8f2fc685090e6115cecaf0bfb49c667',1,1,'2023-12-12 00:58:25','2023-12-12 00:59:17'),(53,'Luna','Marcela Valeria','DNI','22959524',NULL,'F','2023-12-29 00:00:00','Alejandro korn','Argentina','Zeballos','1093',NULL,NULL,2,'Alejandro korn',NULL,'1864',NULL,'1139302093','lunavaleriaarg@gmail.com',1,NULL,NULL,'Bachiller','Bachiller','Media 4 Almafuerte',2018,6.98,0,NULL,NULL,NULL,NULL,NULL,NULL,NULL,NULL,NULL,NULL,NULL,NULL,NULL,NULL,NULL,NULL,NULL,NULL,'54eb1eb3e9c62f1568d5ae3a8dfde53c',1,1,'2023-12-12 01:27:48','2023-12-13 00:03:14'),(54,'Herrera lopez','Tobias nahuel','DNI','44895390','soltero','M','2003-08-06 00:00:00','Guernica','Argentina','Santa elena','1019',NULL,NULL,2,'Presidente peron',117,'1862','1164339624','1164339624','tobiasherrera03@gmail.com',0,0,'ninguna',NULL,NULL,'cens 452 guernica',2023,NULL,1,NULL,NULL,NULL,NULL,NULL,NULL,NULL,NULL,NULL,NULL,NULL,NULL,NULL,NULL,NULL,NULL,NULL,'/comprobantes/454a965369fff124699169cc18fd089b.jpg','72b1a0e00eb07f65ffce8d817b7dc5d6',1,1,'2023-12-12 01:33:45','2023-12-12 01:55:29'),(55,'Kahlie','Leandro dilan Nicolas','DNI','46190506','soltero','M','2004-10-16 00:00:00','Guernica','Argentina','Moreno','356',NULL,NULL,2,'Presidente peron',117,'1862','111561490725','1122864000','Leandrokahlie2004@gmail.com',1,NULL,NULL,'Secundario','Economía y administración','Escuela superior victoria',2022,6.73,0,NULL,NULL,NULL,NULL,NULL,NULL,NULL,NULL,NULL,NULL,NULL,NULL,NULL,NULL,NULL,NULL,NULL,'/comprobantes/6eb422ffd0e0b95376f7325d34c46417.jpg','4a5ad916ba37a81a5203a05a260936b5',1,1,'2023-12-12 01:42:04','2023-12-13 17:58:19'),(56,'Dama Bianchi Dodaro','Ailén','DNI','39911176','soltero','F','1996-09-03 00:00:00','otraLocalidadN','Argentina','Callao','322',NULL,NULL,2,'Alejandro Korn',179,'1864',NULL,'1161504135','ailudb67@gmail.com',1,NULL,NULL,'Bachiller','Lenguas extranjeras','Secundaria n4',2014,6.00,0,NULL,NULL,NULL,NULL,NULL,NULL,NULL,NULL,NULL,NULL,NULL,NULL,NULL,NULL,NULL,NULL,NULL,'/comprobantes/375599968565b5f2f5908e8b82fa2f43.jpg','cc13953bdd46c8ec37dbaeb7d81f6559',0,1,'2023-12-12 02:20:53','2023-12-12 02:20:53'),(57,'Feressin','Federico','DNI','43629306','soltero','M','2001-10-18 00:00:00','Guernica','Argentina','Jujuy','1835',NULL,NULL,2,'Guernica',159,'1862','01164599588','91166056295','fedeferessin2001@gmail.com',1,NULL,NULL,'Bachiller en Arte - Artes Visuales','Artes Visuales','E.E.S N° 3 Glew',2018,8.37,0,NULL,NULL,NULL,NULL,NULL,NULL,NULL,NULL,NULL,NULL,NULL,NULL,NULL,NULL,NULL,NULL,NULL,NULL,'b3f6afad2a6eea6cfb6d3e37cafe58ad',0,1,'2023-12-12 05:04:57','2023-12-12 05:04:57'),(58,'Lopez','Noelia lucia','DNI','41742690','soltero','F','1996-09-18 00:00:00','Alejandro korn','Argentina','Presidente Perón','4333',NULL,NULL,2,'Alejandro Korn',179,'1864','02224468615','02224468615','noelialucialopez1@gmail.com',1,NULL,NULL,'Bachiller','Ciencias sociales','Escuela de educación secundaria n4',2014,7.55,0,NULL,NULL,NULL,NULL,NULL,NULL,NULL,NULL,NULL,NULL,NULL,NULL,NULL,NULL,NULL,NULL,NULL,'/comprobantes/a5fc9e6b4cb821ecdb3327ecd8e99ab0.png','5332c3e209a60ba2a8d427f6b784c430',1,1,'2023-12-12 12:17:39','2023-12-12 12:36:09'),(59,'Ferreira','Jennifer Agostina','DNI','46699751','soltero','F','2005-06-19 00:00:00','Alejandro korn','Argentina','Floro lavalle','1063',NULL,NULL,2,'Alejandro korn',179,'1864',NULL,'1138347171','jf7810974@gmail.com',1,NULL,NULL,'Bachiller en ciencias sociales','Ciencias sociales','El RFIFD VALIDEZ NACIONAL/RM N°338/16',2022,9.10,0,NULL,NULL,NULL,NULL,NULL,NULL,NULL,NULL,NULL,NULL,NULL,NULL,NULL,NULL,NULL,NULL,NULL,'/comprobantes/488247b8644678a7c58a02dc0072dde1.png','0ad19809256f3051b5fe802d3de40502',1,1,'2023-12-12 13:05:39','2023-12-12 19:55:52'),(60,'Pupilli','Valentino','DNI','47092057','soltero','M','2006-04-14 00:00:00','otraLocalidadN','Argentina','Cordoba 352',NULL,NULL,NULL,2,'Alejandro korn',179,'1864','2224544277',NULL,'valentinopupilli@gmail.com',1,NULL,NULL,'Bachiller orientación ciencias sociales','Ciencias sociales','Escuela de educación segundaria N°4 almafuerte',2023,7.00,0,NULL,NULL,NULL,NULL,NULL,NULL,NULL,NULL,NULL,NULL,NULL,NULL,NULL,NULL,NULL,NULL,NULL,NULL,'7e42334429ffd18468054525cc3ff543',1,1,'2023-12-12 13:31:29','2023-12-12 13:32:32'),(61,'Aresti','Rocio Macarena','DNI','41062435','soltero','F','1998-03-13 00:00:00','otraLocalidadN','Argentina','Dorrego','137',NULL,NULL,2,'Presidente Perón',117,'1862',NULL,'1157951962','rochyaresti@gmail.com',1,NULL,NULL,'Bachiller','Ciencias Sociales','Escuela de Educación secundaria N°1',2015,8.26,0,NULL,NULL,NULL,NULL,NULL,NULL,NULL,NULL,NULL,NULL,NULL,NULL,NULL,NULL,NULL,NULL,NULL,'/comprobantes/07c731199e845fcc5e86526b475da8e7.jpg','1b6fee4a698b67ff1ca9c08a65693a9c',1,1,'2023-12-12 14:00:51','2023-12-12 14:17:02'),(62,'Frutos','Alejandro','DNI','95183491','soltero','M','2002-11-30 00:00:00','Alejandro korn',NULL,'Ascasubi','1037',NULL,NULL,2,'Alejandro Korn',179,'1864',NULL,'11 53391413','alejandrofrutos3011@gmail.com',1,NULL,NULL,'Técnico en Electromecánica','Electromecánica','E.E.S.T.N°1 ING. JOSÉ RAFAEL CANTÓN',2022,6.97,1,NULL,NULL,NULL,NULL,NULL,NULL,NULL,NULL,NULL,NULL,NULL,NULL,NULL,NULL,NULL,NULL,NULL,'/comprobantes/a58834a17033d26a2b0e2680247e805f.jpg','9867ce198f2437b2240625a1403aafe4',1,1,'2023-12-12 14:15:26','2023-12-12 17:17:40'),(63,'Marchan','Cintia estefania','DNI','33719818','casado','F','1988-06-02 00:00:00','San Vicente','Argentina','Saavedra','336',NULL,NULL,1,'San vicente',NULL,'1865',NULL,'1167846681','cemarchan97@gmail.com',1,NULL,NULL,'T3cnica en informatica','Informatica','EET N°2 san vicente',2016,782.00,0,'terciario','No','Escuela de salud pilar',720.00,NULL,NULL,NULL,NULL,NULL,NULL,NULL,NULL,NULL,NULL,NULL,NULL,NULL,NULL,'4df1b706662e34d4948d3f999460efa1',1,1,'2023-12-12 17:12:20','2023-12-12 17:13:00'),(64,'Vallejos','Claudia elizabeth','DNI','29066380','soltero','F','1981-10-06 00:00:00','otraLocalidadN','Argentina','808','1661',NULL,NULL,2,'Alejandro korn',179,'1864',NULL,'1169574096','lizijoajua@hotmail.com',1,NULL,NULL,'Bachiller','Ciencias sociales especializado en gestión de políticas publicas','Dirección gral. De cultura y educacion',2014,8.80,0,NULL,NULL,NULL,NULL,NULL,NULL,NULL,NULL,NULL,NULL,NULL,NULL,NULL,NULL,NULL,NULL,NULL,NULL,'4f11edd838e7179c43b1504ceca68114',1,1,'2023-12-12 18:53:42','2023-12-12 18:54:32'),(65,'Morales','Barbara Melisa','DNI','32671513','casado','F','1986-12-30 00:00:00','Alejandro korn','Argentina','Falucho','572',NULL,NULL,2,'San Vicente',NULL,'1864',NULL,'1160199648','melisabmorales@gmail.com',1,NULL,NULL,'Perito mercantil','Impositiva y contable','Comercial N°18',2004,7.00,1,NULL,NULL,NULL,NULL,NULL,NULL,NULL,NULL,NULL,NULL,NULL,NULL,NULL,NULL,NULL,NULL,NULL,NULL,'8ca524ef084cb08011635b936e7e54ed',1,1,'2023-12-12 19:51:51','2023-12-12 20:01:20'),(66,'Martinez','Daniela andrea','DNI','41026745','soltero','F','1998-04-22 00:00:00','San Vicente','Argentina','Lavalle','1130',NULL,NULL,2,'Alejandro korn',179,'1864',NULL,'1126801562','Dm8276997@gmail.com',1,NULL,NULL,'Bachiller en ciencias naturales','Ciencias naturales','El RFIFD',2016,6.78,0,NULL,NULL,NULL,NULL,NULL,NULL,NULL,NULL,NULL,NULL,NULL,NULL,NULL,NULL,NULL,NULL,NULL,NULL,'db2a56e8e76bd952f3b99b62583f07c2',1,1,'2023-12-12 19:54:08','2023-12-12 20:02:37'),(67,'Erazo','Anahi','DNI','46905253','soltero','F','2005-09-10 00:00:00','San Vicente','Argentina','Gianuzzi','1122',NULL,NULL,2,'Guernica',NULL,'1862',NULL,'1133791494','anahi.erazo12@gmail.com',0,1,'Matemáticas',NULL,NULL,NULL,NULL,NULL,0,NULL,NULL,NULL,NULL,NULL,NULL,NULL,NULL,NULL,NULL,NULL,NULL,NULL,NULL,NULL,NULL,NULL,'/comprobantes/d58915ccf2109b108d3af94073670875.pdf','eebf7af1c61e3709aa687f858c7a3b18',1,1,'2023-12-12 19:54:41','2023-12-12 20:08:50'),(68,'Arguello','Antonella Jacqueline','DNI','45910332','soltero','F','1999-05-09 00:00:00','otraLocalidadN','Argentina','Bach','970',NULL,NULL,2,'Alejandro Korn',179,'1864',NULL,'1133057524','antopisacco@gmail.com',1,NULL,NULL,'Bachiller','Ciencias sociales','El RFIFD',2020,8.65,0,NULL,NULL,NULL,NULL,NULL,NULL,NULL,NULL,NULL,NULL,NULL,NULL,NULL,NULL,NULL,NULL,NULL,NULL,'f78133fbf4b53a416067107df112cb59',0,1,'2023-12-12 21:08:14','2023-12-12 21:08:14'),(69,'Olmedo','Maria','DNI','28875670','soltero','F','1981-07-01 00:00:00','San Vicente','Argentina','Av. Pte Peron','2812',NULL,NULL,2,'San vicente',179,'1865',NULL,'1170545278','maolmedo11@gmail.com',1,NULL,NULL,'Bachiller','Sociales','Instituto Modelo San Jose',1999,833.00,0,NULL,NULL,NULL,NULL,NULL,NULL,NULL,NULL,NULL,NULL,NULL,NULL,NULL,NULL,NULL,NULL,NULL,NULL,'ce41a693972c8ebc7f317a692ebf37c9',0,1,'2023-12-12 22:12:24','2023-12-12 22:12:24'),(70,'Lobos Dominguez','Lucas Agustín','DNI','94014647','soltero','M','2003-08-31 00:00:00','Guernica','Chile','110','617',NULL,NULL,2,'Presidente Peron',159,'1862','1158798848','1158798848','Lucaslobos83103@gmail.com',1,NULL,NULL,'Bachiller','Economía','Colegio Superior Victoria',2021,7.90,0,NULL,NULL,NULL,NULL,NULL,NULL,NULL,NULL,NULL,NULL,NULL,NULL,NULL,NULL,NULL,NULL,NULL,'/comprobantes/98feb21231b159bc9c7f008833be7d9a.png','98da695f211372b73f202d34a674a318',1,1,'2023-12-12 22:13:07','2023-12-12 22:15:18'),(71,'Maidana','Ayelen benita','DNI','41079307','soltero','F','1998-04-15 00:00:00','San Vicente','Argentina','Madero','682',NULL,NULL,2,'San vicente',NULL,'1865',NULL,'2227576152','maidanaayelen69@gmail.com',1,NULL,NULL,'Bachiller de comunicacion','Comunicacion','Intututo secundario nro 2',2015,6.79,0,NULL,NULL,NULL,NULL,NULL,NULL,NULL,NULL,NULL,NULL,NULL,NULL,NULL,NULL,NULL,NULL,NULL,'/comprobantes/73b19f930c99d1e49bb07efe6cfb7daf.jpg','57bfcc29e9842bbbb54370519945f240',1,1,'2023-12-12 22:24:25','2023-12-13 13:03:10'),(72,'Mourdad','Ignacio','DNI','46687171','soltero','M','2005-04-20 00:00:00','Alejandro korn','Argentina','Tosso','2543',NULL,NULL,2,'Alejandro korn',179,'1864','01131411678','1131411678','nacho42140183@gmail.com',1,NULL,NULL,'constancia general','ciencias sociales','escuela educacion secundaria n°5',6,10.00,0,NULL,NULL,NULL,NULL,NULL,NULL,NULL,NULL,NULL,NULL,NULL,NULL,NULL,NULL,NULL,NULL,NULL,'/comprobantes/520a0a7ec37f3094feee0933fe98e418.jpg','78686cf786d2fe83a626fe2ee9235e08',1,1,'2023-12-12 22:40:02','2023-12-12 22:40:29'),(73,'ALBORNOZ','LORENA DEL CARMEN','DNI','34282736','soltero','F','1991-11-24 00:00:00','otraLocalidadN','Argentina','Arturo jauretche','2214','-','5',2,'Presidente Peron',117,'1862','-','1132001228','looalbornoz@gmail.com',1,NULL,NULL,'Bachiller','Ciencias sociales','E.E.M N°3',2011,8.00,0,'terciario','Auxiliar de enfermeria','I.s.d f d y t n°53',6.83,NULL,NULL,NULL,NULL,NULL,NULL,NULL,NULL,NULL,NULL,NULL,NULL,NULL,'/comprobantes/fa3fd569939fb7c5c5d945434a17dd2c.jpg','963d6ccf2d043463dc57cd1b1a1783f2',1,1,'2023-12-12 22:41:20','2023-12-13 02:17:57'),(74,'Tejeda','Maria Estela','DNI','31656504','soltero','F','1984-09-30 00:00:00','otraLocalidadN','Argentina','Juan Bautista Alberdi','23',NULL,NULL,2,'Alejandro Korn',179,'1864',NULL,'2224440652','Tedamaria345@gmail.com',1,NULL,NULL,'Bachiller','Ciencias sociales','Rfifd',20102021,6.58,0,NULL,NULL,NULL,NULL,NULL,NULL,NULL,NULL,NULL,NULL,NULL,NULL,NULL,NULL,NULL,NULL,NULL,NULL,'6699ddf38720ebf1ad6b6b4e7efc3d8d',1,1,'2023-12-12 22:50:32','2023-12-13 22:34:59'),(75,'Dama Bianchi Dodaro','Teo','DNI','46089797','soltero','M','2004-11-23 00:00:00','Alejandro korn','Argentina','callao','322',NULL,NULL,2,'Alejandro Korn',179,'1864','422140','2224532644','teodamabianchi@gmail.com',0,1,'Química del carbono',NULL,NULL,NULL,NULL,NULL,1,NULL,NULL,NULL,NULL,NULL,NULL,NULL,NULL,NULL,NULL,NULL,NULL,NULL,NULL,NULL,NULL,NULL,'/comprobantes/fc88bcd9d574d0d0b680ed9f329e0b53.pdf','867c221e6688569935a83d48e508b513',1,1,'2023-12-12 22:50:47','2023-12-12 22:59:41'),(76,'Ceballos Pardo','Manuela','DNI','38148803','soltero','F','1993-12-19 00:00:00','otraLocalidadN','Argentina','Esmeralda','285',NULL,NULL,2,'Alejandro Korn',179,'1864',NULL,'1127002849','manuelaceballospardo@gmail.com',1,NULL,NULL,'Tecnico','Electrónico','E.E.S.T N2 San Vicente',2011,7.37,0,NULL,NULL,NULL,NULL,NULL,NULL,NULL,NULL,NULL,NULL,NULL,NULL,NULL,NULL,NULL,NULL,NULL,'/comprobantes/2954ad2d2500211694449d23079e5316.jpg','04f257c789a2ac30bcd78cdcba156c86',1,1,'2023-12-12 22:58:51','2023-12-13 01:28:11'),(77,'Soria','Mónica Yanina','DNI','32128214','soltero','F','1986-01-17 00:00:00','otraLocalidadN','Argentina','Ayala','220',NULL,NULL,2,'Almirante Brown',NULL,'1856','1132853907','1132853907','yanisoria3312@gmail.com',0,0,'Ninguna',NULL,NULL,NULL,NULL,NULL,1,NULL,NULL,NULL,NULL,NULL,NULL,NULL,NULL,NULL,NULL,NULL,NULL,NULL,NULL,NULL,NULL,NULL,NULL,'80c92f2029c76b79218754c23f7f4be0',1,1,'2023-12-12 23:29:38','2023-12-13 01:33:59'),(78,'Rivero','Valeria Jesica','DNI','33328903','soltero','F','1987-11-13 00:00:00','Guernica','Argentina','María del corral','2423',NULL,NULL,2,'Presidente Perón',NULL,'1862',NULL,'1168320890','martinamendieta02@gmail.com',1,NULL,NULL,'Bachiller','Ciencias sociales especializado en gestión de políticas públicas','RFIFD',2015,8.90,0,NULL,NULL,NULL,NULL,NULL,NULL,NULL,NULL,NULL,NULL,NULL,NULL,NULL,NULL,NULL,NULL,NULL,'/comprobantes/c8db436b96a6dcbd4233fddcb6f56f30.pdf','3f06cf46ae2b4ec1e6b7f77e9d8d2ffe',1,1,'2023-12-12 23:38:37','2023-12-12 23:39:44'),(79,'Carrizo','Lautaro','DNI','47277015','soltero','M','2006-04-22 00:00:00','Guernica','Argentina','Montevideo','1868',NULL,NULL,2,'Almirante Brown',233,'1856',NULL,'1127355798','lautaro89tomas@gmail.com',0,1,'Primer cuatrimestre de proyecto e investigación',NULL,NULL,NULL,NULL,NULL,1,NULL,NULL,NULL,NULL,NULL,NULL,NULL,NULL,NULL,NULL,NULL,NULL,NULL,NULL,NULL,NULL,NULL,'/comprobantes/50331ac41e3764e23d9095b332e29617.jpg','7e95bd8d86f64f567e10a75f19d90b00',0,1,'2023-12-12 23:45:43','2023-12-12 23:45:43'),(80,'Ruibal','Alma Sarai','DNI','46822244','soltero','F','2005-07-18 00:00:00','otraLocalidadN','Argentina','Viamonte','270',NULL,NULL,2,'San Vicente',179,'1865',NULL,'1154252362','almaruibal5@gmail.com',0,0,'ninguna',NULL,NULL,NULL,NULL,NULL,1,NULL,NULL,NULL,NULL,NULL,NULL,NULL,NULL,NULL,NULL,NULL,NULL,NULL,NULL,NULL,NULL,NULL,'/comprobantes/34f164647e62d7251ce994ef36977507.jpg','132f0f1b342e83e965c005020d6593c0',1,1,'2023-12-12 23:45:48','2023-12-18 21:23:11'),(81,'Esquender','Romina','DNI','31823811','casado','F','1985-11-21 00:00:00','San Vicente','Argentina','Presidente peron','2100',NULL,NULL,2,'San Vicente',179,'1865','01121544048',NULL,'romiesquender@hotmail.com',1,NULL,NULL,'Bachiller','Gestion','Media número 2',2003,7.00,0,'universitario','Lic en instrumentación quirugica','Maimonides',8.00,NULL,NULL,NULL,NULL,NULL,NULL,NULL,NULL,NULL,NULL,NULL,NULL,NULL,NULL,'7868db667fe42b8488e7b974c0c27457',1,1,'2023-12-12 23:48:23','2023-12-13 00:02:45'),(82,'Morlivo','Juan Gabriel','DNI','36570555','soltero','M','1991-10-22 00:00:00','Alejandro korn','Argentina','Parera 902',NULL,NULL,NULL,2,'Alejandro korn',179,'1864',NULL,'1125005051','gabrielmorlivo27@gmail.com',1,NULL,NULL,'Bachiller','Ciencias naturales, salud y ambiental','RFIFD',2019,780.00,0,NULL,NULL,NULL,NULL,NULL,NULL,NULL,NULL,NULL,NULL,NULL,NULL,NULL,NULL,NULL,NULL,NULL,NULL,'bde8f7ed63c4d79ac0bbf7fbb18e720f',0,1,'2023-12-13 00:16:16','2023-12-13 00:16:16'),(83,'Arroyo','Elias','DNI','46739416','soltero','M','2005-05-23 00:00:00','San Vicente','Argentina','Larrea','480',NULL,NULL,2,'San Vicente',179,'1865',NULL,'2224550676','eliasaarroyo@gmail.com',0,2,'Modelos y sistemas, organización y metodos',NULL,NULL,NULL,NULL,NULL,1,NULL,NULL,NULL,NULL,NULL,NULL,NULL,NULL,NULL,NULL,NULL,NULL,NULL,NULL,NULL,NULL,NULL,NULL,'ff9a731e88befd7c96ff34c00845c2ab',1,1,'2023-12-13 00:19:19','2023-12-13 00:20:47'),(84,'Medina','Yesica Mariela','DNI','36660958','casado','F','1988-05-22 00:00:00','otraLocalidadN','Argentina','Prof Angel C. Bassi','756',NULL,NULL,2,'San Vicente',179,'1865',NULL,'1125128385','medinayesica193@gmail.com',1,NULL,NULL,'Bachiller con orientación 3n Ciencias Sociales','Ciencias sociales especializado en gestión políticas públicas','Ciudad de Lomas de Zamora',2019,9.10,0,NULL,NULL,NULL,NULL,NULL,NULL,NULL,NULL,NULL,NULL,NULL,NULL,NULL,NULL,NULL,NULL,NULL,'/comprobantes/aa126cab8da4ab98cdbd12a07f76b824.pdf','49eccb3433033b9ded1a318872decd32',1,1,'2023-12-13 00:24:21','2023-12-13 00:26:43'),(85,'Montes','Noelia','DNI','36117707','soltero','F','1991-03-27 00:00:00','Alejandro korn','Argentina','Garat','383',NULL,NULL,2,'San Vicente',NULL,'1864',NULL,'1126950236','Noeliamontes767@gmail.com',1,NULL,NULL,'Bachiller','Gestion y Administración de empresa','Escuela media n 1',2012,7.88,0,NULL,NULL,NULL,NULL,NULL,NULL,NULL,NULL,NULL,NULL,NULL,NULL,NULL,NULL,NULL,NULL,NULL,'/comprobantes/1e652d3614b810662c9e981690fc5edb.jpg','f621be00cea9c68e5e4986ec8806fc50',0,1,'2023-12-13 00:30:27','2023-12-13 00:30:27'),(86,'Zacarias','Adán','DNI','28707311','soltero','M','1981-01-03 00:00:00',NULL,'Argentina','G.paz','3325',NULL,NULL,2,'San Vicente',NULL,'1864',NULL,'1126584951','adan30053@gmail.com',1,NULL,NULL,'Bachiller','Ciencias Sociales','CENS N° 451',2020,9.40,0,NULL,NULL,NULL,NULL,NULL,NULL,NULL,NULL,NULL,NULL,NULL,NULL,NULL,NULL,NULL,NULL,NULL,NULL,'2f5b622287e7a7e85641c3deeef6f197',1,1,'2023-12-13 00:32:33','2023-12-14 13:13:45'),(87,'Zaracho','Rosana','DNI','32581569','casado','F','1986-10-07 00:00:00','Alejandro korn','Argentina','Carola lorenzini','1502','-','-',2,'Alejandro korn',179,'1864','2225427088','1132692225','rsnzaracho@gmail.com',1,NULL,NULL,'Centro Educativo de nivel secundario n451 C.U.E.N0622461-00','De ciencias sociales especializado en gestion de politicas publicas','Decreto N144/08YRES.MIN.N1120/10',11072014,8.37,0,NULL,NULL,NULL,NULL,NULL,NULL,NULL,NULL,NULL,NULL,NULL,NULL,NULL,NULL,NULL,NULL,NULL,'/comprobantes/e068c5c3a0f2176f02ab0b4c93145c7d.jpg','39a2d61b1302f598de91fbf47dfe6ff1',1,1,'2023-12-13 00:38:40','2023-12-16 11:21:37'),(88,'Meza','Mauro Nicolas','DNI','45735461','soltero','M','2004-05-31 00:00:00','Guernica','Argentina','113','320',NULL,NULL,2,'Presidente Peron',117,'1862',NULL,'1131309615','mauromeza04@gmail.com',0,4,'Historia, geografía, literatura y arte',NULL,NULL,NULL,NULL,NULL,0,NULL,NULL,NULL,NULL,NULL,NULL,NULL,NULL,NULL,NULL,NULL,NULL,NULL,NULL,NULL,NULL,NULL,NULL,'55ea6bfb1ea69c6d05d1d84f85d65d42',1,1,'2023-12-13 00:42:41','2023-12-13 14:11:20'),(89,'Rallab','Julián Fernando','DNI','40428211','soltero','M','1997-08-29 00:00:00','San Vicente','Argentina','MITRE','171',NULL,NULL,2,'San Vicente',179,'1865',NULL,'1122511812','julianrallab@gmail.com',0,0,'0',NULL,NULL,NULL,NULL,NULL,1,NULL,NULL,NULL,NULL,NULL,NULL,NULL,NULL,NULL,NULL,NULL,NULL,NULL,NULL,NULL,NULL,NULL,NULL,'1ce80d64b684042eb32ccdd0e16058a5',1,1,'2023-12-13 00:43:06','2023-12-13 01:19:40'),(90,'Zavala','Mirian Alejandra','DNI','28407742','casado','F','1980-09-08 00:00:00','San Vicente','Argentina','Libertad','632',NULL,NULL,2,'San Vicente',179,'1864','1138225215','1138225215','mirianalejandrazavala1980@gmail.com',1,NULL,NULL,'Bachiller','Cs. Sociales','Cens 451',2023,9.77,1,NULL,NULL,NULL,NULL,NULL,NULL,NULL,NULL,NULL,NULL,NULL,NULL,NULL,NULL,NULL,NULL,NULL,NULL,'515ce1d795fedb035357888f5ed492a9',1,1,'2023-12-13 00:52:45','2023-12-13 05:26:24'),(91,'Vitaller','Jose luis','DNI','34134506','conviviente','M','1988-10-08 00:00:00','San Vicente','Argentina','Falucho','1307',NULL,NULL,2,'Alejandro korn',179,'1864',NULL,'2224463772','joseluisvitaller17@gmail.com',1,NULL,NULL,'Secundario','Ciencias sociales','Centro edicativo nibel secundario N° 451',2016,9.00,0,NULL,NULL,NULL,NULL,NULL,NULL,NULL,NULL,NULL,NULL,NULL,NULL,NULL,NULL,NULL,NULL,NULL,NULL,'b9262018ef79734fbb10dabac32dfc5d',1,1,'2023-12-13 01:00:38','2023-12-13 01:01:28'),(92,'Barrios','Sabrina Ileana','DNI','36348128','soltero','F','1991-10-29 00:00:00','otraLocalidadN','Argentina','Primera junta','1340','Ninguno','Casa',2,'Presidente peron',117,'1868','1161450854','1161450854','sabrinabarrios.9999@gmail.com',1,NULL,NULL,'Bachiller','Ciencias sociales','Naciones unidas',25112014,7.00,0,NULL,NULL,NULL,NULL,NULL,NULL,NULL,NULL,NULL,NULL,NULL,NULL,NULL,NULL,NULL,NULL,NULL,'/comprobantes/576036de2d2ac4a45b87df0494ebd1fd.png','81e8c0ad620525515e4e31491cbd0b5d',1,1,'2023-12-13 01:02:13','2023-12-13 01:02:43'),(93,'Garcia','Lidia Romina','DNI','32273091','soltero','F','1985-05-28 00:00:00','Alejandro korn','Argentina','Cuitiño','1061',NULL,NULL,2,'Alejandro korn',179,'1864',NULL,'2224537731',NULL,0,0,'Ninguna',NULL,NULL,NULL,NULL,NULL,1,NULL,NULL,NULL,NULL,NULL,NULL,NULL,NULL,NULL,NULL,NULL,NULL,NULL,NULL,NULL,NULL,NULL,NULL,'d41d8cd98f00b204e9800998ecf8427e',0,1,'2023-12-13 01:10:18','2023-12-13 01:10:18'),(94,'Villarreal','María florencia','DNI','35907878','soltero','F','1991-02-09 00:00:00','Alejandro korn','Argentina','8 entre costa y gonnet','251',NULL,NULL,2,'San vicente',NULL,'1864','1164186574','1164186584','Mv4314496@gmail.com',1,NULL,NULL,'Bachiller','Ciencias sociales',NULL,NULL,NULL,0,NULL,NULL,NULL,NULL,NULL,NULL,NULL,NULL,NULL,NULL,NULL,NULL,NULL,NULL,NULL,NULL,NULL,NULL,'0f299e2febee5b164bb05379e8c82dee',0,1,'2023-12-13 01:11:47','2023-12-13 01:11:47'),(95,'Plaza','Yanina romina','DNI','35031060','soltero','F','1989-11-24 00:00:00','Alejandro korn','Argentina','Gonnet','2860','0','0',2,'Alejandro korn',NULL,'1864','2225420487','1137800957','yplaza205@gmail.com',0,0,'0',NULL,NULL,NULL,NULL,NULL,1,NULL,NULL,NULL,NULL,NULL,NULL,NULL,NULL,NULL,NULL,NULL,NULL,NULL,NULL,NULL,NULL,NULL,'/comprobantes/c63b294c143994089866c8ef46aa5048.jpg','562c20a26104285c544bc70eed7b12ba',1,1,'2023-12-13 01:12:20','2023-12-13 07:18:03'),(96,'Acosta','Noelia','DNI','34999593','soltero','F','1989-11-29 00:00:00','Guernica','Argentina','Patagones','1502','1','Casa',2,'Presidente peron',117,'1862','01135201637','1126924431','noeacosta15@gmail.com',0,0,'0',NULL,NULL,NULL,NULL,NULL,1,NULL,NULL,NULL,NULL,NULL,NULL,NULL,NULL,NULL,NULL,NULL,NULL,NULL,NULL,NULL,NULL,NULL,'/comprobantes/6ff1dfcb37a7a15af462f68455f29b01.jpg','b63fbeb13e2751b189161b92d7a76365',1,1,'2023-12-13 01:26:34','2023-12-13 01:27:41'),(97,'Olmos','Maria celeste','DNI','36995153','soltero','F','1992-08-13 00:00:00','Alejandro korn','Argentina','Cortejarena','140',NULL,NULL,2,'San vicente',NULL,'1864',NULL,'1157290130',NULL,1,NULL,NULL,'Bachiller','Cs.sociales','Cuidad alejandro korn',2010,7.66,0,NULL,NULL,NULL,NULL,NULL,NULL,NULL,NULL,NULL,NULL,NULL,NULL,NULL,NULL,NULL,NULL,NULL,NULL,'d41d8cd98f00b204e9800998ecf8427e',0,1,'2023-12-13 01:36:09','2023-12-13 01:36:09'),(98,'Maciel','Jaqueline edith','DNI','36176051','soltero','F','1990-01-06 00:00:00','otraLocalidadN','Argentina','Martin miguel de guemes','1180',NULL,NULL,2,'Alejandro korn',NULL,'1864','1171474571','1171474571','jaquelineedith9@gmail.com',1,NULL,NULL,'Bachiller',NULL,NULL,NULL,NULL,0,NULL,NULL,NULL,NULL,NULL,NULL,NULL,NULL,NULL,NULL,NULL,NULL,NULL,NULL,NULL,NULL,NULL,'/comprobantes/42abc634dd5587da6ca6d75691809f9c.jpg','a73a183efbb0186975416e6845f91d49',1,1,'2023-12-13 01:38:41','2023-12-15 11:24:52'),(99,'Luna','Luciana belen','DNI','40894382','soltero','F','1998-03-30 00:00:00','San Vicente','Argentina','Liniers','903',NULL,NULL,2,'San Vicente',179,'1864','01163094079','01163094079','luliluna129@gmail.com',1,NULL,NULL,'Bachiller','Ciencias sociales','Escuela media n°5',2015,7.53,0,NULL,NULL,NULL,NULL,NULL,NULL,NULL,NULL,NULL,NULL,NULL,NULL,NULL,NULL,NULL,NULL,NULL,'/comprobantes/ac1b35d7a8ffedc5d0c0a589e848fc4b.png','7c9f9f7ce114c7e490ba9357a3146196',1,1,'2023-12-13 01:41:05','2023-12-13 01:46:14'),(100,'Acevedo','Yesica maría','DNI','36074735','casado','F','1985-08-06 00:00:00','Alejandro korn','Argentina','San salvador','1132',NULL,NULL,2,'San Vicente',179,'1864',NULL,'1156459239','Yesiacevedo237@gmail.com',1,NULL,NULL,'Bachiller','CS.SOCIALES','Centro educativo n°451',2013,8.80,0,NULL,NULL,NULL,NULL,NULL,NULL,NULL,NULL,NULL,NULL,NULL,NULL,NULL,NULL,NULL,NULL,NULL,'/comprobantes/65cce0f825e08f3baddccebb71346fd9.pdf','874e1b218afcfc5a9f44d5f88204168f',1,1,'2023-12-13 01:48:45','2023-12-13 18:45:08'),(101,'Almirón','Oriana priscila','DNI','46740536','soltero','F','2005-06-06 00:00:00','Alejandro korn','Argentina','Martin fierro','865',NULL,NULL,2,'San Vicente',179,'1864',NULL,'1126343292','orianaalmiron06@gmail.com',1,NULL,NULL,'Bachiller','Naturales','E.E.S.N°5',2023,7.63,0,NULL,NULL,NULL,NULL,NULL,NULL,NULL,NULL,NULL,NULL,NULL,NULL,NULL,NULL,NULL,NULL,NULL,NULL,'f4c49249e101bff3dba063cd7cb5b479',1,1,'2023-12-13 01:49:17','2023-12-13 01:49:53'),(102,'Machado Aranda','Shirley Viviana','DNI','44255959','soltero','F','2002-05-24 00:00:00','otraLocalidadN','Argentina','Entre rios','1152',NULL,NULL,2,'Alejandro korn',179,'1864',NULL,'2225402024','Shirleymachado998@gmail.com',1,NULL,NULL,'Técnico electrónica','Electrónica','E.E.S.T n°2',2022,7.97,0,NULL,NULL,NULL,NULL,NULL,NULL,NULL,NULL,NULL,NULL,NULL,NULL,NULL,NULL,NULL,NULL,NULL,'/comprobantes/7b8c66497719965f3a13117fcf476b41.jpg','128859e444e2e790b1e24115e867a701',1,1,'2023-12-13 01:52:17','2023-12-21 21:56:43'),(103,'Meza','Cintia','DNI','36176526','soltero','F','1991-08-12 00:00:00','Alejandro korn','Argentina','Cuitiño','915',NULL,NULL,2,'Alejandro Korn',179,'B1864','1141498988','1132549470','cintiacarp72@gmail.com',1,NULL,NULL,'Bachiller','Ciencias sociales especializado en gestión de políticas públicas','Alejandro korn',2016,8.00,0,NULL,NULL,NULL,NULL,NULL,NULL,NULL,NULL,NULL,NULL,NULL,NULL,NULL,NULL,NULL,NULL,NULL,'/comprobantes/c2d7a38f97cbde31b2bb8d3514c058ee.png','830f78076274325a086b8a3b2cda1b7d',1,1,'2023-12-13 01:52:48','2023-12-13 01:56:35'),(104,'Pani','Romina giselw','DNI','32261563','casado','F','1985-12-26 00:00:00','otraLocalidadN','Argentina','Drago','832',NULL,NULL,2,'San vicente',NULL,'1864',NULL,'1151386813','angekdanielaguirre@gmail.com',1,NULL,NULL,'Bachiller','Cs naturales','RFIFD',2021,7.33,0,NULL,NULL,NULL,NULL,NULL,NULL,NULL,NULL,NULL,NULL,NULL,NULL,NULL,NULL,NULL,NULL,NULL,NULL,'83ebd0d0f5df69c85c954e7625a52600',1,1,'2023-12-13 02:21:18','2023-12-13 02:31:42'),(105,'Romaniuk','Ivanna Yanet','DNI','35331917','soltero','F','1990-11-01 00:00:00','Alejandro korn','Argentina','E. Maffia','433','.','.',2,'San Vicente',179,'1864','.','1133439766','Nicolymahia@gm',1,NULL,NULL,'Bachiller','Ciencias sociales','Escuela primaria n 9',20082021,8.00,0,NULL,NULL,NULL,NULL,NULL,NULL,NULL,NULL,NULL,NULL,NULL,NULL,NULL,NULL,NULL,NULL,NULL,'/comprobantes/1b02c4efc527f105e19e866fa08fac57.jpg','a6514a158c2060cff7e4f3eb13ce21cc',0,1,'2023-12-13 02:34:14','2023-12-13 02:34:14'),(106,'Pucheta','Alejandra','DNI','35393237','soltero','F','1990-09-10 00:00:00','Alejandro korn','Argentina','Garat','533',NULL,NULL,2,'San Vicente',179,'1864','0222415462526','02224462526','Puchetaalejandra571@gmail.com',1,NULL,NULL,'Bachiller','Ciencia sociales especializado en política públicas','RFIFD',2021,7.80,0,NULL,NULL,NULL,NULL,NULL,NULL,NULL,NULL,NULL,NULL,NULL,NULL,NULL,NULL,NULL,NULL,NULL,'/comprobantes/5985ae46ee15082dfd1fc8168f8193ab.jpg','c2477e400d4ffa88c53e324fa4698030',1,1,'2023-12-13 03:05:55','2023-12-15 02:40:46'),(107,'Baldonedo','Carla Giselle','DNI','31642033','conviviente','F','1985-05-04 00:00:00','otraLocalidadN','Argentina','Gobernador arias','1643',NULL,NULL,2,'Almirante brown',256,'1854','42334044','1137059948','karlabaldonedo59@gmail.com',1,NULL,NULL,'Bachillerato','Ciencia sociales','Centro educativo nivel secundario n 451',2016,7.83,0,NULL,NULL,NULL,NULL,NULL,NULL,NULL,NULL,NULL,NULL,NULL,NULL,NULL,NULL,NULL,NULL,NULL,NULL,'ef18c010010d8c804f21ea6665d75ff9',0,1,'2023-12-13 03:13:17','2023-12-13 03:13:17'),(108,'Perez','Debora Noemi','DNI','31139093','soltero','F','1983-12-10 00:00:00','San Vicente','Argentina','J.B.Alberdi','1073',NULL,NULL,2,'Alejandro korn',179,'1864',NULL,'1133243217','deboperez2414@gmail.com',1,NULL,NULL,'Bachiller','Ciencias sociales especializado en gestión de políticas públicas','RM N° 184/21',2022,8.37,0,NULL,NULL,NULL,NULL,NULL,NULL,NULL,NULL,NULL,NULL,NULL,NULL,NULL,NULL,NULL,NULL,NULL,NULL,'34536d1ba4e55eee1fdf2bc4a1ac4c7d',0,1,'2023-12-13 08:22:05','2023-12-13 08:22:05'),(109,'Nuñez','Julieta','DNI','32639795','divorciado','F','1987-06-09 00:00:00','Alejandro korn','Argentina','Vidal','850',NULL,NULL,2,'Alejandro Korn',NULL,'1864','2225420728','1127282851','susana0juli28@gmail.com',1,NULL,NULL,'Bachiller','Administración y gestion','Rm n° 4823/17',2023,9.47,0,NULL,NULL,NULL,NULL,NULL,NULL,NULL,NULL,NULL,NULL,NULL,NULL,NULL,NULL,NULL,NULL,NULL,NULL,'6c2ca1ee714b9994300468f7f61cfdc7',1,1,'2023-12-13 12:56:48','2023-12-13 18:38:15'),(110,'ALFONZO','Daira Agustina','DNI','42280948','soltero','F','2000-02-25 00:00:00','San Vicente','Argentina','Las Heras','447',NULL,NULL,2,'San vicente',179,'1865','1139413736','1139413736','daira.agustina.alfonzo2@gmail.com',1,NULL,NULL,'BACHILLER','Gestión y administración','Centro educativo de nivel secundario 452',11122020,7.96,0,NULL,NULL,NULL,NULL,NULL,NULL,NULL,NULL,NULL,NULL,NULL,NULL,NULL,NULL,NULL,NULL,NULL,NULL,'f8f5255f947a3fa0f4e319620a720268',0,1,'2023-12-13 14:43:21','2023-12-13 14:43:21'),(111,'Giampaolo','Celene','DNI','46571464','soltero','F','2005-04-23 00:00:00','otraLocalidadN','Argentina','9 de julio','1773',NULL,NULL,2,'San Vicente',179,'1865',NULL,'2224464246','Celenegiampaolo95@gmail.com',1,NULL,NULL,'Técnica Electromecánica','Electromecánica','Escuela secundaria técnica N 2',2023,8.00,1,NULL,NULL,NULL,NULL,NULL,NULL,NULL,NULL,NULL,NULL,NULL,NULL,NULL,NULL,NULL,NULL,NULL,NULL,'0e639e730319baedf13e5837ec81db2f',0,1,'2023-12-13 15:11:31','2023-12-13 15:11:31'),(112,'Velazque','Tamara Elisabeth','DNI','36441470','casado','F','1991-09-02 00:00:00','Alejandro korn','Argentina','Pueyrredón','570',NULL,NULL,2,'San Vicente',179,'1864',NULL,'2224557795','tamyvelazque36@gmail.com',1,NULL,NULL,'Bachiller','Gestión y administración especializada en microemprendimiento','Cens 451',2023,9.00,0,NULL,NULL,NULL,NULL,NULL,NULL,NULL,NULL,NULL,NULL,NULL,NULL,NULL,NULL,NULL,NULL,NULL,'/comprobantes/b53d09c6a033c765179efcf616d1d0a7.jpg','fef66653d3c3784ea1982c2982a6dc88',1,1,'2023-12-13 16:45:24','2023-12-13 16:46:15'),(113,'Córdoba','Brian Ezequiel','DNI','40428183','soltero','M','1997-08-19 00:00:00','San Vicente','Argentina','Primera junta','253',NULL,NULL,2,'San Vicente',179,'1865','2224444105',NULL,'bc3852086@gmail.com',1,NULL,NULL,'Bachillerato en administración y economía','Economía','Secundaria 2 Alberto D bourras',2021,7.00,0,NULL,NULL,NULL,NULL,NULL,NULL,NULL,NULL,NULL,NULL,NULL,NULL,NULL,NULL,NULL,NULL,NULL,NULL,'1d24498e7a2d4d2ec891176f5f09f02e',1,1,'2023-12-13 17:27:23','2023-12-13 22:14:54'),(114,'Cabrera','Gisela Sabrina','DNI','29091092','conviviente','F','1981-09-11 00:00:00','otraLocalidadN','Argentina','Entre ríos','1254',NULL,NULL,2,'Alejandro korn',179,'1864',NULL,'1134179883','gisecabrera2@gmail.com',1,NULL,NULL,'Bachiller','Gestión y administración especializado en microemprendimientos','Cens n° 451',2023,9.17,0,NULL,NULL,NULL,NULL,NULL,NULL,NULL,NULL,NULL,NULL,NULL,NULL,NULL,NULL,NULL,NULL,NULL,'/comprobantes/71aa1bec086afe3467c9ab5ace623819.jpg','16867d4d7e8830952e2ca262f61756b5',1,1,'2023-12-13 17:57:20','2023-12-13 17:57:47'),(115,'Miqueo','Alison Ariana','DNI','40894387','soltero','F','1998-03-19 00:00:00','Alejandro korn','Argentina','Hipólito Yrigoyen','28022',NULL,NULL,2,'San Vicente',179,'1864',NULL,'1161265478','alisonmiqueo@gmail.com',1,NULL,NULL,'Bachiller','Ciencias naturales','Escuela de educación secundaria N5',2015,8.00,0,NULL,NULL,NULL,NULL,NULL,NULL,NULL,NULL,NULL,NULL,NULL,NULL,NULL,NULL,NULL,NULL,NULL,NULL,'19fd71ccd540622a96d09c23a8c9deee',1,1,'2023-12-13 21:04:38','2023-12-13 21:07:42'),(116,'Godoy','Leandro Matias','DNI','37382154','conviviente','M','1994-01-25 00:00:00','otraLocalidadN','Argentina','Bolivar','535',NULL,NULL,2,'San Vicente',179,'1865',NULL,'2224499039','leogodoy77@gmail.com',1,NULL,NULL,'Tecnico en Electronica','Electronica','Escuela Tecnica N°2  San Vicente',2011,5.63,0,NULL,NULL,NULL,NULL,NULL,NULL,NULL,NULL,NULL,NULL,NULL,NULL,NULL,NULL,NULL,NULL,NULL,NULL,'9f0a5d041e8a67843b1be77966621b9a',0,1,'2023-12-13 22:20:02','2023-12-13 22:20:02'),(117,'Lucero','Nancy noemi','DNI','33086764','soltero','F','1987-06-22 00:00:00','Alejandro korn','Argentina','San Martin','148',NULL,NULL,2,'San Vicente',179,'1864','1166704988','1166704988','nancy87lucero@gmail.com',1,NULL,NULL,'Bachiller','Cs naturales','E.N.S.A media N°4',2009,7.41,1,NULL,NULL,NULL,NULL,NULL,NULL,NULL,NULL,NULL,NULL,NULL,NULL,NULL,NULL,NULL,NULL,NULL,'/comprobantes/cddd6bfd1d0c41006b3a34e6f21296a1.jpg','dd1ce3672d3d8199383975a2035c2f80',1,1,'2023-12-13 22:20:03','2023-12-14 00:58:07'),(118,'Farina','Aixa ayelen','DNI','37868776','soltero','F','1993-10-23 00:00:00','San Vicente','Argentina','Almirante Brown','700',NULL,NULL,2,'San Vicente',179,'1865',NULL,'2224499073','farinaaixa2@gmail.com',1,NULL,NULL,'Bachiller','Gestión y administración','Cens 452',2022,7.70,0,NULL,NULL,NULL,NULL,NULL,NULL,NULL,NULL,NULL,NULL,NULL,NULL,NULL,NULL,NULL,NULL,NULL,NULL,'7da776ddb03c47b6ac8460c52ae216ae',1,1,'2023-12-13 22:50:26','2023-12-13 22:51:06'),(119,'Pflüger','Mayra ayelen','DNI','37868734','soltero','F','1993-07-26 00:00:00','San Vicente','Argentina','Los nogales','1390',NULL,NULL,2,'Alejandro korn',179,'1864',NULL,'2224606697','ayelenpfl@gmail.com',1,NULL,NULL,'Bachiller','Ciencias naturales','Escuela secundaria alma fuerte',2012,7.00,0,NULL,NULL,NULL,NULL,NULL,NULL,NULL,NULL,NULL,NULL,NULL,NULL,NULL,NULL,NULL,NULL,NULL,NULL,'a046d4183481f845481e6d87f3d31a85',1,1,'2023-12-13 23:01:35','2023-12-14 00:05:47'),(120,'Ferrarese','Brisa Giselle','DNI','42671825','soltero','F','2000-06-03 00:00:00','otraLocalidadN','Argentina','Cordoba','425',NULL,NULL,2,'Alejandro Korn',179,'1864',NULL,'1151852162','brisa1d17@gmail.com',1,NULL,NULL,'Bachiller','Naturales','Escuela Normal Superior Alma fuerte',2019,8.93,0,NULL,NULL,NULL,NULL,NULL,NULL,NULL,NULL,NULL,NULL,NULL,NULL,NULL,NULL,NULL,NULL,NULL,'/comprobantes/3a5fef45bf62b203b401004320c83218.jpg','201aaf231498d3a1e1bf36a060f0e72b',1,1,'2023-12-13 23:17:49','2023-12-13 23:18:56'),(121,'Godoy','Miriam solange','DNI','36601596','soltero','F','1992-01-10 00:00:00','San Vicente','Argentina','Serrano','1785',NULL,NULL,2,'Sin vicente',179,'1865',NULL,'2224446300','Miriansolange392@gmail.com',0,0,'Ninguna',NULL,NULL,NULL,NULL,NULL,1,NULL,NULL,NULL,NULL,NULL,NULL,NULL,NULL,NULL,NULL,NULL,NULL,NULL,NULL,NULL,NULL,NULL,'/comprobantes/328d3cc3c496ecf31207af6655a1f017.jpg','b3d3554d69021f3f2fb50da943b9d2dd',1,1,'2023-12-13 23:21:39','2023-12-13 23:22:16'),(122,'Yannuzzi','Nahuel','DNI','42367262','conviviente','M','1998-05-21 00:00:00','Guernica','Argentina','Alférez Page','636',NULL,'5',2,'Almirante brown',233,'1856',NULL,'1167257719','florsita1998@outlook.com',1,NULL,NULL,'Bachiller','Ciencias sociales','Encab media n°1',2016,7.94,0,NULL,NULL,NULL,NULL,NULL,NULL,NULL,NULL,NULL,NULL,NULL,NULL,NULL,NULL,NULL,NULL,NULL,'/comprobantes/a79c46492b4b520416be4f4a70b40b11.png','c22565705c21c79f7498d0085db4f0d3',1,1,'2023-12-13 23:29:11','2023-12-15 15:03:15'),(123,'Juarez brugnoli','Joaquin Nicolas','DNI','45989779','soltero','M','2005-03-18 00:00:00','Alejandro korn','Argentina','Av. Pres.peron','3960',NULL,NULL,2,'Alejandro Korn',179,'1864',NULL,'1154071635','Joaquinnicolasjuarez@gmail.com',1,NULL,NULL,'Título de bachiller en comunicación','Comunicación','Escuela de educación secundaria n°11',2022,8.44,0,NULL,NULL,NULL,NULL,NULL,NULL,NULL,NULL,NULL,NULL,NULL,NULL,NULL,NULL,NULL,NULL,NULL,'/comprobantes/1e7fff34f85d6a2903bca1856bd40388.jpg','a4c83884198370ba2af900da09c30ee7',1,1,'2023-12-13 23:29:23','2023-12-13 23:47:49'),(124,'Alderetes','Luciana anahi','DNI','41131361','soltero','F','1998-04-14 00:00:00','otraLocalidadN','Argentina','Los pozos','147',NULL,NULL,2,'San vicente',179,'1865','2224553933',NULL,'Lucianaalderetes7@gmail.com',1,NULL,NULL,'Administracion','Administracion','Cens 452',2018,8.25,0,NULL,NULL,NULL,NULL,NULL,NULL,NULL,NULL,NULL,NULL,NULL,NULL,NULL,NULL,NULL,NULL,NULL,NULL,'a9927f9af2621b7a3cd77040f983befb',1,1,'2023-12-13 23:39:06','2023-12-14 00:08:08'),(125,'Arevalo Reta','Juan Ignacio','DNI','42012620','soltero','M','1999-05-31 00:00:00','Alejandro korn','Argentina','Cordoba','340',NULL,NULL,2,'Alejandro Korn',NULL,'1864','425957','1127856730','juanreta102@gmail.com',1,NULL,NULL,'Secundario Completo','Ciencias Sociales','Educacion Secundaria N° 5',2020,7.32,0,NULL,NULL,NULL,NULL,NULL,NULL,NULL,NULL,NULL,NULL,NULL,NULL,NULL,NULL,NULL,NULL,NULL,NULL,'06a43566e04c3eb6f0fe8ae9be0df925',1,1,'2023-12-13 23:45:42','2023-12-13 23:47:19'),(126,'DÍAZ','MAYRA YANET','DNI','38511595','soltero','F','1993-12-10 00:00:00','otraLocalidadN','Argentina','Calle 102','2531',NULL,NULL,2,'Presidente Perón',NULL,'1862',NULL,'1130676029','mayrayanetdiaz@outlook.com',1,NULL,NULL,'Bachiller en economía y gestión de las organizaciónes','Economía','Ministerio de educacion',2011,5.85,0,NULL,NULL,NULL,NULL,NULL,NULL,NULL,NULL,NULL,NULL,NULL,NULL,NULL,NULL,NULL,NULL,NULL,'/comprobantes/e2eb0cb24ffa84687d31d094c16f0313.pdf','ca88a53b0ce2e377ead9d3a5b17dc8af',1,1,'2023-12-13 23:51:14','2023-12-13 23:52:00'),(127,'Quiroga','Estefania Rocio Yanil','DNI','37371829','soltero','F','1993-04-20 00:00:00','Alejandro korn','Argentina','Córdoba','920',NULL,NULL,2,'San Vicente',NULL,'1864',NULL,'1149707444','yanilquiroga3@gmail.com',1,NULL,NULL,'Bachillerato','Ciencias sociales','RFIFD',2020,770.00,0,'posgrado','Auxiliar de enfermería','Utn',9.00,NULL,NULL,NULL,NULL,NULL,NULL,NULL,NULL,NULL,NULL,NULL,NULL,NULL,'/comprobantes/ce3a25b9c225771d5a94fa95c7d8f83f.png','093bfed9920c23c89a2e63779c899181',1,1,'2023-12-14 00:02:13','2023-12-14 00:18:41'),(128,'Cepeda','Florencia nahir','DNI','41131726','conviviente','F','1998-06-10 00:00:00','Alejandro korn','Argentina','Corrientes','121',NULL,NULL,2,'Alejandro korn',NULL,'1864',NULL,'1169298874','Cepedanahir484@gmail.com',1,0,NULL,'Secundario','Ciencias sociales','Fines trayecto Cens n°451',2023,9.00,1,NULL,NULL,NULL,NULL,NULL,NULL,NULL,NULL,NULL,NULL,NULL,NULL,NULL,NULL,NULL,NULL,NULL,'/comprobantes/0924d7b7b7441d2cf06b20b789a7a168.jpg','5d4c727f40a5e2f60d075ecfe051a9ed',1,1,'2023-12-14 00:03:28','2023-12-14 00:05:35'),(129,'Lencinas rodriguez','Elias matias jose','DNI','46635665','soltero','M','2005-07-06 00:00:00','San Vicente','Argentina','General paz',NULL,NULL,NULL,2,'San vicente',179,'1864','2225421732','92224534556','Eliaslencinas10@gmail.com',1,NULL,NULL,'Bachiller ciencias sociales','Ciencias sociales','Escuela secundaria n°4',2023,8.00,1,NULL,NULL,NULL,NULL,NULL,NULL,NULL,NULL,NULL,NULL,NULL,NULL,NULL,NULL,NULL,NULL,NULL,NULL,'2d7a0f61f93b0f306ed15e7ef36ada1d',1,1,'2023-12-14 00:08:39','2023-12-14 02:11:51'),(130,'Molinari','Santiago Martin','DNI','42148289','soltero','M','1999-10-06 00:00:00','San Vicente','Argentina','La Rioja','589',NULL,NULL,2,'San Vicente',179,'1865','02224499078',NULL,'santiagoserantes15@gmail.com',1,NULL,NULL,'Bachiller','Ciencias sociales','Media n°5',2019,5.23,0,NULL,NULL,NULL,NULL,NULL,NULL,NULL,NULL,NULL,NULL,NULL,NULL,NULL,NULL,NULL,NULL,NULL,NULL,'532a6e364a11cd5b24f2fdc1a6bd4e8e',1,1,'2023-12-14 00:16:10','2023-12-14 00:29:04'),(131,'Caputo Yapura','Melody Priscila','DNI','40834331','soltero','F','1995-03-16 00:00:00','otraLocalidadN','Argentina','Prospero avellaneda','1032',NULL,NULL,2,'San Vicente',179,'1865',NULL,'1121739448','yapuramelodypriscila@gmail.com',1,NULL,NULL,'Bachiller','Gestión  y Administración','Cens 453',2017,9.25,0,NULL,NULL,NULL,NULL,NULL,NULL,NULL,NULL,NULL,NULL,NULL,NULL,NULL,NULL,NULL,NULL,NULL,NULL,'a72de0834d6759ac5fb4527b199dc749',1,1,'2023-12-14 00:19:34','2023-12-25 14:41:28'),(132,'Pelaez Godoy','Brenda Katherine','DNI','38690187','soltero','F','1995-01-21 00:00:00','Alejandro korn','Argentina','Independencia','1001','Casa','Casa',2,'Alejandro Korn',179,'1864','1123207488','1123207488','pelaezbrenda164@gmail.com',1,NULL,NULL,'Bachillerato tecnológico','Tecnologica','Escuela tecnica n3',2015,7.81,0,NULL,NULL,NULL,NULL,NULL,NULL,NULL,NULL,NULL,NULL,NULL,NULL,NULL,NULL,NULL,NULL,NULL,NULL,'e2285e7da1839e74503a581c04a6c3c2',1,1,'2023-12-14 00:41:12','2023-12-14 01:42:01'),(133,'Ruiz','Candela Rocio','DNI','40894383','soltero','F','1998-03-06 00:00:00','Alejandro korn','Argentina','Cuitiño','1033',NULL,NULL,2,'San vicente',NULL,'1864',NULL,'1172345903','canderuiz2601@gmail.com',1,NULL,NULL,'Bachiller','Gestión y administración','Centro educativo nivel secundario N° 451',2023,8.53,0,NULL,NULL,NULL,NULL,NULL,NULL,NULL,NULL,NULL,NULL,NULL,NULL,NULL,NULL,NULL,NULL,NULL,'/comprobantes/cf1b07942e85c947d76a997ed033962c.jpg','fbe92d8c6fe18c1cc1a02e60061a1624',1,1,'2023-12-14 00:46:00','2023-12-14 00:50:33'),(134,'Vilte','Catherine','DNI','41456386','soltero','F','1998-10-13 00:00:00','Guernica','Argentina','Lorenzo bernardo','100',NULL,NULL,2,'Presidente peron',NULL,'1862',NULL,'1171222546','viltecatherine7@gmail.com',1,NULL,NULL,'Bachiller','Cs naturales','Secundaria N2',2021,7.00,0,NULL,NULL,NULL,NULL,NULL,NULL,NULL,NULL,NULL,NULL,NULL,NULL,NULL,NULL,NULL,NULL,NULL,'/comprobantes/62fac59a6af0b1dd7a8e433f3939706b.pdf','f5531a0e9733e531289e1c5a720b9000',1,1,'2023-12-14 00:57:54','2023-12-14 01:10:12'),(135,'Rodriguez','Carolina Noelia','DNI','37744791','soltero','F','1993-05-05 00:00:00','San Vicente','Argentina','Juan jose paso','1673',NULL,NULL,2,'San vicente',NULL,'1865',NULL,'1158331926','carolina2236@outlook.com',1,NULL,NULL,'Bachiller','Ciencias sociales','N 451',2020,7.70,0,NULL,NULL,NULL,NULL,NULL,NULL,NULL,NULL,NULL,NULL,NULL,NULL,NULL,NULL,NULL,NULL,NULL,NULL,'a9b0c2ade41507aef41642212dded6f4',1,1,'2023-12-14 01:00:48','2023-12-14 01:37:46'),(136,'Quevedo','Evelyn','DNI','37426925','soltero','F','1992-09-16 00:00:00','Alejandro korn','Argentina','Gonnet','493',NULL,NULL,2,'Alejandro korn',179,'1864','02225401657',NULL,'evelynquevedo68@gmail.com',1,NULL,NULL,'Bachiller de orientación en','Ciencias sociales','Alejandro korn',2012,684.00,0,NULL,NULL,NULL,NULL,NULL,NULL,NULL,NULL,NULL,NULL,NULL,NULL,NULL,NULL,NULL,NULL,NULL,NULL,'39228ffa2dfa3acb32e620537c18ccab',1,1,'2023-12-14 01:05:09','2023-12-14 01:07:13'),(137,'Barrionuevo','Lautaro nahuel','DNI','46739505','soltero','M','2005-06-28 00:00:00','Guernica','Argentina','36','557',NULL,NULL,1,'presidente peron',NULL,'1862',NULL,'1137702810','barrionuevo1253@gmail.com',0,5,'biologia 3ro, literatura 6to, Ingles 6to, Arte 6to, Educ. fisica 6to',NULL,NULL,NULL,NULL,NULL,0,NULL,NULL,NULL,NULL,NULL,NULL,NULL,NULL,NULL,NULL,NULL,NULL,NULL,NULL,NULL,NULL,NULL,'/comprobantes/79585dadfab26e0423c56f8f8d0aa8dd.png','6ddb3d3f3b783e6bfe4fa21e9b4b190a',1,1,'2023-12-14 01:17:56','2023-12-14 01:41:03'),(138,'Cherei','Priscila','DNI','41132047','soltero','F','1998-05-20 00:00:00',NULL,'Argentina','La rastra','453',NULL,NULL,2,'Florencio Varela',229,'1888','01137036620',NULL,'priscilacherei0@gmail.com',1,NULL,NULL,'Si','Si','Si',2022,8.00,0,NULL,NULL,NULL,NULL,NULL,NULL,NULL,NULL,NULL,NULL,NULL,NULL,NULL,NULL,NULL,NULL,NULL,NULL,'0014d625bfe2e797224d094279f31306',1,1,'2023-12-14 01:31:34','2023-12-15 01:13:05'),(139,'Lallement','Micaela','DNI','40396517','casado','F','1997-03-31 00:00:00','otraLocalidadN','Argentina','Vélez Sarsfield','372',NULL,NULL,2,'San Vicente',179,'1864','2224448104',NULL,'lallementmicaela@hotmail.com',1,NULL,NULL,'Bachiller','Ciencias naturales','Escuela secundaria media n°5',2014,8.26,0,NULL,NULL,NULL,NULL,NULL,NULL,NULL,NULL,NULL,NULL,NULL,NULL,NULL,NULL,NULL,NULL,NULL,NULL,'da5a767ee5d5b4c66dabe40480b4ea2d',1,1,'2023-12-14 01:34:44','2023-12-19 15:15:34'),(140,'rodriguez','Marcela beatriz','DNI','32678979','soltero','F','1986-07-20 00:00:00','Guernica','Argentina','36 Guernica','557',NULL,NULL,2,'Guernica',117,'1862',NULL,'1127152749','mr1155198@gmail.com',1,NULL,NULL,'Bachillerato para adultos','Ciencias sociales','Cens 451',2022,7.50,1,NULL,NULL,NULL,NULL,NULL,NULL,NULL,NULL,NULL,NULL,NULL,NULL,NULL,NULL,NULL,NULL,NULL,'/comprobantes/162880098b62d0e92e9dd17fa44372e6.jpg','2bfc364d7695e84f6cc0ec45061f8d5e',1,1,'2023-12-14 01:37:59','2023-12-14 01:39:42'),(141,'Espinosa','Micaela','DNI','38936514','soltero','F','1994-12-13 00:00:00','Alejandro korn','Argentina','Fernando Aragón','425',NULL,NULL,2,'Alejandro Korn',179,'1864',NULL,'1126588157','espinosamicaela18@gmail.com',1,NULL,NULL,'Bachillerato de adulto','Ciencias sociales','Cens 451',2021,9.00,1,'terciario','Extraccionista de laboratorio auxiliar de bioquímico y extraccionista de sangre','Instituto pago de iades lomas de zamora',9.00,NULL,NULL,NULL,NULL,NULL,NULL,NULL,NULL,NULL,NULL,NULL,NULL,NULL,'/comprobantes/42e9e9ccf4a35cc269d85f8b93f0f633.jpg','19b9fc721ed2450e1dca8445d8d45ea5',1,1,'2023-12-14 02:00:40','2023-12-14 02:06:06'),(142,'Sosa','Aaron','DNI','45989763','soltero','M','2005-03-09 00:00:00','Alejandro korn','Argentina','Juan jose paso','3113',NULL,NULL,2,'Alejandro korn',179,'1864',NULL,'2224493058','aaronsosa6162@gmail.com',1,NULL,NULL,'Secundario','Ciencias sociales','Escuela Nacional Almafuerte N° 4',2022,8.50,0,NULL,NULL,NULL,NULL,NULL,NULL,NULL,NULL,NULL,NULL,NULL,NULL,NULL,NULL,NULL,NULL,NULL,'/comprobantes/095a97a06c4b8635ec5c8d0c00bd3bbc.jpg','2360506609e62350de4c4005666e62e3',1,1,'2023-12-14 02:35:18','2023-12-14 04:30:50'),(143,'Canguillem','Brenda Noelia','DNI','38955310','soltero','F','1995-09-07 00:00:00','Brandsen','Argentina','Juan B justo','103',NULL,NULL,2,'Domselaar',179,'1984',NULL,'2224455778','brencanguillem@gmail.com',1,NULL,NULL,'Bachiller en economía y administración','Economía y administración','Instituto santa rita de cascia',2014,6.46,0,NULL,NULL,NULL,NULL,NULL,NULL,NULL,NULL,NULL,NULL,NULL,NULL,NULL,NULL,NULL,NULL,NULL,NULL,'bc85dfde206716840f16cb4268b95e92',0,1,'2023-12-14 02:52:52','2023-12-14 02:52:52'),(144,'Reyna Marchesi','Milagros Lorena','DNI','39854342','conviviente','F','1996-11-12 00:00:00','Domselaar','Argentina','Artigas 55',NULL,NULL,NULL,2,'Domselaar',179,'1984','2224480022',NULL,'Milagrosreynamarchesi@gmail.com',1,NULL,NULL,'Bachiller en ciencias sociales','Sociales','Escuela secundaria n 6',2014,7.00,0,NULL,NULL,NULL,NULL,NULL,NULL,NULL,NULL,NULL,NULL,NULL,NULL,NULL,NULL,NULL,NULL,NULL,NULL,'cee3da71188a9a0e0ece18144c544bd5',1,1,'2023-12-14 04:09:49','2023-12-14 04:10:19'),(145,'martinez','lautaro','DNI','46022645','soltero','M','2004-06-16 00:00:00','San Vicente','Argentina','avellaneda','160',NULL,NULL,2,'san vicente',179,'1865','1122802295','1122802295','Lautaaromartinezzz@gmail.com',0,0,'0',NULL,NULL,NULL,NULL,NULL,1,NULL,NULL,NULL,NULL,NULL,NULL,NULL,NULL,NULL,NULL,NULL,NULL,NULL,NULL,NULL,NULL,NULL,NULL,'4753ca84e069885996541dafe5c27ebb',1,1,'2023-12-14 06:59:49','2023-12-14 07:00:16'),(146,'Dorado','Santiago gabriel','DNI','45310349','soltero','M','2004-09-23 00:00:00','San Vicente','Argentina','españa','143',NULL,NULL,2,'san vicente',179,'1865',NULL,'1158499396','santi.dorado239@gmail.com',1,NULL,NULL,'técnico informático orientado en redes','informatica','escuela secundaria técnica manuel mateo n°2',2023,7.00,1,NULL,NULL,NULL,NULL,NULL,NULL,NULL,NULL,NULL,NULL,NULL,NULL,NULL,NULL,NULL,NULL,NULL,NULL,'ee90a8cdd5a73b1576d3f0c2b71bfa62',1,1,'2023-12-14 11:04:34','2023-12-14 11:04:58'),(147,'Gutierrez','Iara','DNI','41743403','soltero','F','1999-04-06 00:00:00','San Vicente','Argentina','Colombres','1254',NULL,NULL,2,'San Vicente',179,'1865','1158899303','2224493943','Iaaliymai@gmail.com',1,NULL,NULL,'Bachiller en comunicacion','Comunicaciones','Rm n° 2373/12',2018,695.00,0,NULL,NULL,NULL,NULL,NULL,NULL,NULL,NULL,NULL,NULL,NULL,NULL,NULL,NULL,NULL,NULL,NULL,'/comprobantes/e29ce81efc2fb9cfef21e93ee838953a.png','3705a513eb61193afecf1aafbe854bd6',1,1,'2023-12-14 12:18:29','2023-12-17 23:25:31'),(148,'Dorado','Lucas Alejandro','DNI','40849566','soltero','M','1997-12-02 00:00:00','San Vicente','Argentina','Quilmes','143',NULL,NULL,2,'San Vicente',179,'1865','02224493819','02224493819','ladlupercal97@gmail.com',1,NULL,NULL,'Técnico Electrónico','Tecnico','E.E.S.T N°2',2016,8.66,0,NULL,NULL,NULL,NULL,NULL,NULL,NULL,NULL,NULL,NULL,NULL,NULL,NULL,NULL,NULL,NULL,NULL,'/comprobantes/e1886d2a9e1e78dd7f26a60b994dcfed.pdf','f92b18b7ec73d2698b0a8e007f45a937',1,1,'2023-12-14 13:35:53','2023-12-14 13:38:28'),(149,'cortinas quiroga','xavier franco','DNI','45041129','soltero','M','2003-07-27 00:00:00','otraLocalidadN','Argentina','av pres peron','2513',NULL,NULL,2,'San Vicente',179,'1865',NULL,'1123254100','xaviercortinas03@gmail.com',1,NULL,NULL,'Bachiller en Ciencias Sociales','Ciencias Sociales','Humberto Zigo',2021,7.55,0,NULL,NULL,NULL,NULL,NULL,NULL,NULL,NULL,NULL,NULL,NULL,NULL,NULL,NULL,NULL,NULL,NULL,NULL,'3e9296254cdede5e2bc31a76f9020d4e',0,1,'2023-12-14 13:37:37','2023-12-14 13:37:37'),(150,'Gonzalez','Maribel','DNI','41448128','soltero','F','1993-08-26 00:00:00','San Vicente','Argentina','Ugarte','503',NULL,NULL,2,'San Vicente',179,'1865','01123110092',NULL,'roma260893@gmail.com',1,NULL,NULL,'Economía y gestión','Economía y gestión','Economía y gestión',2018,8.00,0,NULL,NULL,NULL,NULL,NULL,NULL,NULL,NULL,NULL,NULL,NULL,NULL,NULL,NULL,NULL,NULL,NULL,'/comprobantes/1de09aec6d77b444750141576a0a6c84.png','98ac4c235f419f69e3f7254c355b146e',1,1,'2023-12-14 14:44:56','2023-12-14 14:46:09'),(151,'Gonzalez','Noelia evelin','DNI','40715101','soltero','F','1996-11-13 00:00:00','San Vicente','Argentina','Eduardo wilde','1018',NULL,NULL,2,'San Vicente',179,'1866',NULL,'11 62 14 54 64','evecuchu2011@gmail.com',1,NULL,NULL,'Secundario','Bachiller en economía y administración','EM n 5',2019,8.00,0,NULL,NULL,NULL,NULL,NULL,NULL,NULL,NULL,NULL,NULL,NULL,NULL,NULL,NULL,NULL,NULL,NULL,'/comprobantes/873b42dc33ab47b651526076f8d30347.jpg','fc2ce80258d4b3ebbf6b17056d62ea16',1,1,'2023-12-14 15:06:20','2023-12-14 15:15:12'),(152,'Garavano','Gabriela mailen','DNI','35136401','conviviente','F','1990-03-17 00:00:00','San Vicente','Argentina','Av San Martin','675',NULL,NULL,2,'San Vicente',179,'1865','1154893807','1154893807','gabiiimailen@gmail.com',1,NULL,NULL,'Bachiller','Humanidades y cs sociales','Secundaria Almafuerte',2007,7.80,0,'terciario','Técnico en administración pública','Isfdyt n°93',8.30,NULL,NULL,NULL,NULL,NULL,NULL,NULL,NULL,NULL,NULL,NULL,NULL,NULL,NULL,'19d165106852ac63594438f0f556e238',1,1,'2023-12-14 15:38:21','2023-12-14 15:39:02'),(153,'Aguilar','Guadalupe','DNI','44938754','soltero','F','2003-06-13 00:00:00','otraLocalidadN','Argentina','Matheu','2003',NULL,NULL,2,'San Vicente',179,'1865',NULL,'2224 505250','ag.guadalup@gmail.com',1,NULL,NULL,'Bachiller','TURISMO','RFIFD',2022,7.78,0,NULL,NULL,NULL,NULL,NULL,NULL,NULL,NULL,NULL,NULL,NULL,NULL,NULL,NULL,NULL,NULL,NULL,NULL,'8973f093ad056826579f205fbb95e273',1,1,'2023-12-14 19:07:56','2023-12-14 19:08:24'),(154,'Gómez','Macarena','DNI','46315016','soltero','F','2004-11-13 00:00:00','Alejandro korn','Argentina','Lavalle','720',NULL,NULL,2,'San Vicente',179,'1864','1137770428',NULL,'macarenagomez5167@gmail.com',1,NULL,NULL,'Bachiller','Ciencias naturales','Escuela secundaria numero 5',2022,7.00,1,NULL,NULL,NULL,NULL,NULL,NULL,NULL,NULL,NULL,NULL,NULL,NULL,NULL,NULL,NULL,NULL,NULL,NULL,'8f660fd752e8f093eecf3eedd1f2d87a',1,1,'2023-12-14 20:58:14','2023-12-14 20:59:20'),(155,'Leiva','Leila Jazmín','DNI','42997631','soltero','F','2000-06-28 00:00:00','otraLocalidadN','Argentina','Rio Gallegos','332',NULL,NULL,2,'San Vicente',179,'1865',NULL,'1121568139','Leilajazminleiva@yahoo.com.ar',1,NULL,NULL,'Bachiller en comunicación','Comunicaciones','EES N2',2018,788.00,0,NULL,NULL,NULL,NULL,NULL,NULL,NULL,NULL,NULL,NULL,NULL,NULL,NULL,NULL,NULL,NULL,NULL,'/comprobantes/875513bc7a0fff7e900d9c247675e0f1.jpg','4e17ddcb9b416667d181817db8a23904',1,1,'2023-12-14 22:12:18','2023-12-14 22:13:28'),(156,'Arce','Nicole Abigail','DNI','45523046','soltero','F','2004-02-21 00:00:00','Alejandro korn','Argentina','Flor lavalle','833',NULL,NULL,2,'San Vicente',179,'1864','1132677758','1132677758','nicoleabigail1121@gmail.com',1,NULL,NULL,'Bachiller en ciencias sociales','Bachiller en ciencias sociales','RM N°174',2021,7.29,0,NULL,NULL,NULL,NULL,NULL,NULL,NULL,NULL,NULL,NULL,NULL,NULL,NULL,NULL,NULL,NULL,NULL,NULL,'a1741593ade10eb00b9c335937fa19dc',1,1,'2023-12-14 22:23:33','2023-12-15 00:13:48'),(157,'Aguirre','Sabrina','DNI','46815101',NULL,'F','2005-11-14 00:00:00','Alejandro korn','Argentina','Almirante Brown','449',NULL,NULL,2,'San vicente',NULL,'1864','02225423567','1138094428','sabrina2020aguirre@gmail.com',0,0,'No tengo','E.E.E.S','Orientación ciencias sociales',NULL,NULL,NULL,1,NULL,NULL,NULL,NULL,NULL,NULL,NULL,NULL,NULL,NULL,NULL,NULL,NULL,NULL,NULL,NULL,NULL,NULL,'b87251f4a6e480226c1e1796e2aef970',0,1,'2023-12-14 22:45:00','2023-12-14 22:45:00'),(158,'Leiva','Ludmila','DNI','46430214','soltero','F','2004-11-06 00:00:00','San Vicente','Argentina','O\'Higgins','1743',NULL,NULL,2,'San Vicente',179,'1865','2224536375',NULL,'ludmilaleivamcr@gmail.com',1,NULL,NULL,'Bachiller en economía y administración','Economia','EESN°2',2022,9.24,0,NULL,NULL,NULL,NULL,NULL,NULL,NULL,NULL,NULL,NULL,NULL,NULL,NULL,NULL,NULL,NULL,NULL,'/comprobantes/9b4ba96d462b5f59fafbd228774b59c9.jpg','f85a2559d8bfef425d310d02ef652bab',1,1,'2023-12-14 22:58:24','2023-12-14 22:58:50'),(159,'Salas','Ana Laura','DNI','44798014','soltero','F','2003-03-31 00:00:00','San Vicente','Argentina','Serrano','199',NULL,NULL,1,'San Vicente',NULL,'1865','2224535186','2224535186','anasalas744@gmail.com',1,NULL,NULL,'Bachiller en economía y administración','Economía','Alberto Bourras',2020,7.32,1,NULL,NULL,NULL,NULL,NULL,NULL,NULL,NULL,NULL,NULL,NULL,NULL,NULL,NULL,NULL,NULL,NULL,'/comprobantes/a5da17aa9d2492cd0c2541b82ddccb1b.jpg','ff23c122f994bb5ad490accd4f88fe46',1,1,'2023-12-14 23:00:02','2023-12-15 03:17:26'),(160,'Rodríguez','Cecilia Noemi','DNI','37110841','soltero','F','1992-04-11 00:00:00','otraLocalidadN','Argentina','Ruta 6','75',NULL,NULL,2,'San Vicente',NULL,'1865',NULL,'1159375375','cecydnglucca@gmail.com',1,NULL,NULL,'BACHILLER','GESTIÓN Y ADMINISTRACIÓN','RM n° 4823/17',2021,9.00,0,NULL,NULL,NULL,NULL,NULL,NULL,NULL,NULL,NULL,NULL,NULL,NULL,NULL,NULL,NULL,NULL,NULL,NULL,'57c1420e139ccde4e16558803ca3a63c',1,1,'2023-12-14 23:01:40','2023-12-14 23:03:36'),(161,'Martinez Quevedo','Luciana Nicole','DNI','44216475','soltero','F','2002-12-08 00:00:00','Alejandro korn','Argentina','Gonnet','423',NULL,NULL,2,'Alejandro Korn',179,'1864',NULL,'2224486722','Quevedoluciana84@gmail.com',1,NULL,NULL,'Secundario','Naturales','Media 5',2020,7.00,0,NULL,NULL,NULL,NULL,NULL,NULL,NULL,NULL,NULL,NULL,NULL,NULL,NULL,NULL,NULL,NULL,NULL,NULL,'56c2ce29bca18dd45fea30a7ba325ed6',0,1,'2023-12-14 23:04:54','2023-12-14 23:04:54'),(162,'Díaz','Lucas Ezequiel','DNI','43594653','soltero','M','2001-07-22 00:00:00','Guernica','Argentina','109','1262',NULL,NULL,2,NULL,117,'1862','1160135935','1132376971','Ldiaz8653@gmail.com',1,NULL,NULL,'Secundaria','Económico','Instituto rosario vera peñaloza',2020,7.00,0,NULL,NULL,NULL,NULL,NULL,NULL,NULL,NULL,NULL,NULL,NULL,NULL,NULL,NULL,NULL,NULL,NULL,NULL,'1806dfd76ed959324525469787df4143',1,1,'2023-12-14 23:10:44','2023-12-15 01:44:10'),(163,'Zurita','Carla Valentina','DNI','45625069','soltero','F','2004-05-15 00:00:00','Alejandro korn','Argentina','Don Quijote','1232',NULL,NULL,2,'Alejandro Korn',179,'1864','1164240030','1164240030','Carlazurita099@gmail.com',1,NULL,NULL,'Bachiller en ciencias sociales','Ciencias sociales','Secundaria n4º “Almafuerte”',2021,8.00,0,NULL,NULL,NULL,NULL,NULL,NULL,NULL,NULL,NULL,NULL,NULL,NULL,NULL,NULL,NULL,NULL,NULL,'/comprobantes/507a2384ea2a04cc71d705c6de9a99ab.png','bcda05ee0c948a13667c7453820ba2aa',0,1,'2023-12-14 23:20:09','2023-12-14 23:20:09'),(164,'Paiva Duarte','Jean Carlos Daniel','DNI','95237175','soltero','M','2005-01-22 00:00:00','San Vicente','Argentina','210','550','1','1',2,'San Vicente',179,'1864',NULL,'1157240315','paivajean263@gmail.com',1,NULL,NULL,'BACHILLER EN CIENCIAS SOCIALES','Ciencias Sociales','Domselaar-San Vicente',2022,8.17,0,NULL,NULL,NULL,NULL,NULL,NULL,NULL,NULL,NULL,NULL,NULL,NULL,NULL,NULL,NULL,NULL,NULL,NULL,'6cb035c6b283b611a0930effaf3a4473',1,1,'2023-12-14 23:28:53','2023-12-14 23:30:32'),(165,'Dardis','Macarena','DNI','44216433','soltero','F','2002-12-02 00:00:00','Alejandro korn','Argentina','la Madrid','320',NULL,NULL,2,'Alejandro Korn',179,'1864',NULL,'1166519153','macarenadardis@gmail.com',0,1,'Estado y política',NULL,NULL,NULL,NULL,NULL,0,NULL,NULL,NULL,NULL,NULL,NULL,NULL,NULL,NULL,NULL,NULL,NULL,NULL,NULL,NULL,NULL,NULL,NULL,'02b8b3aa0f12989118737548e2fa9990',1,1,'2023-12-14 23:52:36','2023-12-15 00:31:03'),(166,'Risso','Agustina','DNI','45574186','soltero','F','2004-05-04 00:00:00','Alejandro korn','Argentina','Gonnet','2762',NULL,NULL,2,'San Vicente',NULL,'1864','1151545239','1123505838','rissoagustina865@gmail.com',1,NULL,NULL,'Titulo','Ciencias sociales','Escuela secundaria media 5',2021,775.00,0,NULL,NULL,NULL,NULL,NULL,NULL,NULL,NULL,NULL,NULL,NULL,NULL,NULL,NULL,NULL,NULL,NULL,NULL,'a123a5b1b9eb4ebac73af6bf956856d2',1,1,'2023-12-15 00:08:51','2023-12-15 00:10:40'),(167,'Franco','Pablo Andres','DNI','44207295','soltero','M','2002-09-17 00:00:00','San Vicente','Argentina','Fariña','173',NULL,NULL,2,'Alejandro korn',179,'1864',NULL,'1141426878','Paabloofraancooo@gmail.com',0,0,'Ninguna',NULL,NULL,NULL,NULL,NULL,1,NULL,NULL,NULL,NULL,NULL,NULL,NULL,NULL,NULL,NULL,NULL,NULL,NULL,NULL,NULL,NULL,NULL,'/comprobantes/2398c540d0490bc307b49a90a8221e25.jpg','215bfdb4e63ffc010cb869559f723ea9',1,1,'2023-12-15 00:17:31','2023-12-15 00:18:19'),(168,'Blanco Martinez','Nicole Melanie','DNI','44832504','soltero','F','2003-05-10 00:00:00','Guernica','Argentina','Neuquen','875',NULL,NULL,2,'Presidente peron',NULL,'1862',NULL,'1144374758','melblanco901@gmail.com',1,NULL,NULL,'Secundario','Comunicación','DGCyE',2021,8.39,0,NULL,NULL,NULL,NULL,NULL,NULL,NULL,NULL,NULL,NULL,NULL,NULL,NULL,NULL,NULL,NULL,NULL,'/comprobantes/005173807fa9544c484372b4e1580aaa.jpg','df99ef811c08d0d37573be88b38824b3',1,1,'2023-12-15 00:19:37','2023-12-15 00:20:24'),(169,'Coronel','Judith Elba','DNI','36877843','soltero','F','1997-12-12 00:00:00','San Vicente','Argentina','Saavedra','1158',NULL,NULL,2,'San Vicente',179,'1865',NULL,'1155126518','coroneljudith592@gmail.com',1,NULL,NULL,'Bachillerato','Ciencias Sociales','Secundaria 451',2018,7.90,0,NULL,NULL,NULL,NULL,NULL,NULL,NULL,NULL,NULL,NULL,NULL,NULL,NULL,NULL,NULL,NULL,NULL,NULL,'7fa0af29692d525514a8d02e227b4577',1,1,'2023-12-15 00:25:07','2023-12-15 00:34:56'),(170,'Andrade Olmos','Sergio Gonzalo','DNI','43384929','soltero','M','2001-07-09 00:00:00','Alejandro korn','Argentina','Chaco','1110',NULL,NULL,2,'Alejandro Korn',179,'1864','426551','1126661299','gonzaolmos308@gmail.com',1,NULL,NULL,'D.G.C y E','C. Sociales','D.G.C y E',2020,6.74,0,NULL,NULL,NULL,NULL,NULL,NULL,NULL,NULL,NULL,NULL,NULL,NULL,NULL,NULL,NULL,NULL,NULL,NULL,'d67709822eda9b706e5a48ca14f7601b',0,1,'2023-12-15 00:27:44','2023-12-15 00:27:44'),(171,'Quiroga','Arturo Daniel','DNI','44271348','soltero','M','2023-09-25 00:00:00','otraLocalidadN','Argentina','Chacabuco','279','_','_',2,'San Vicente',NULL,'B1865','+5493878245173','+5493878245173','danielquiroga316@gmail.com',1,NULL,NULL,'TITULO DE BACHILLER EN CIENCIAS SOCIALES Y HUMANIDADES','Ciencias Sociales y Humanidades','Centro Educativo Fe y Alegría Jesús N° 8176',2020,8.33,0,NULL,NULL,NULL,NULL,NULL,NULL,NULL,NULL,NULL,NULL,NULL,NULL,NULL,NULL,NULL,NULL,NULL,'/comprobantes/26e8159ea0415eb4e8cb7e81646f705f.jpg','5445904ed47510d7bf304b076937b0b8',0,1,'2023-12-15 00:28:10','2023-12-15 00:28:10'),(172,'Gauna','Milagros','DNI','45609301','soltero','F','2004-03-14 00:00:00','otraLocalidadN','Argentina','Kennedy','1098',NULL,NULL,2,'Alejandro korn',179,'1864','2225511283','2225511283','micaela.m.gauna635@gmail.com',1,NULL,NULL,'Bachiller en economía y administración','Economía y administración','RM N°338/16',2021,7.79,0,NULL,NULL,NULL,NULL,NULL,NULL,NULL,NULL,NULL,NULL,NULL,NULL,NULL,NULL,NULL,NULL,NULL,NULL,'62b75b51d80613829f57d55261d5091f',1,1,'2023-12-15 00:32:27','2023-12-15 00:37:59'),(173,'Coronel','Ana Esther','DNI','37944354','soltero','F','1993-04-04 00:00:00','San Vicente','Argentina','Castelli','1824',NULL,NULL,2,'San Vicente',179,'1865',NULL,'2224548552','logan4rous@gmail.com',1,NULL,NULL,'Bachillerato','Ciencias Sociales','Secundaria 451',2018,8.20,0,NULL,NULL,NULL,NULL,NULL,NULL,NULL,NULL,NULL,NULL,NULL,NULL,NULL,NULL,NULL,NULL,NULL,NULL,'202a3097e21eb79f6ba5ec73c044ac70',0,1,'2023-12-15 00:32:27','2023-12-15 00:32:27'),(174,'Luna','Melissa','DNI','43460412','soltero','F','2001-05-28 00:00:00','otraLocalidadN','Argentina','Rodrigo albert','212',NULL,NULL,2,'Guernica',159,'1862','-','1140635703','melissaluna140@gmail.com',0,0,'-',NULL,NULL,NULL,NULL,NULL,1,NULL,NULL,NULL,NULL,NULL,NULL,NULL,NULL,NULL,NULL,NULL,NULL,NULL,NULL,NULL,NULL,NULL,NULL,'5da6c805ab7f67ef14422869825c63b8',1,1,'2023-12-15 00:32:36','2023-12-16 14:28:38'),(175,'Rojas','Yamila','DNI','45025036','soltero','F','2003-07-10 00:00:00','otraLocalidadN','Argentina','Maderos','598',NULL,NULL,2,'San Vicente',NULL,'1865',NULL,'2224551883','rojasclaribel2224551883@gmail.com',1,NULL,NULL,'Técnico en informática personal y profesional','Informática','E.E.S.T N°2 San Vicente',2022,8.87,0,NULL,NULL,NULL,NULL,NULL,NULL,NULL,NULL,NULL,NULL,NULL,NULL,NULL,NULL,NULL,NULL,NULL,NULL,'f79ab8787d2cca66ebe7a7011f6f9b34',1,1,'2023-12-15 00:34:07','2023-12-15 22:28:12'),(176,'Cerpa','Brenda Nicole','DNI','43199979','soltero','F','2001-04-09 00:00:00','otraLocalidadN','Argentina','Pascual santoro','554',NULL,NULL,2,'San Vicente',179,'1865','1131675896',NULL,'brendanicolecerpa@gmail.com',1,NULL,NULL,'Economía y administración','Bachiller en economía y administración','Rodrigo j. Corimayo burgos',2018,7.70,0,NULL,NULL,NULL,NULL,NULL,NULL,NULL,NULL,NULL,NULL,NULL,NULL,NULL,NULL,NULL,NULL,NULL,'/comprobantes/6acb2e828b9ea3c2b9965af75f646f75.jpg','116ef91460b9d7f75e9336948980ca47',1,1,'2023-12-15 00:39:49','2023-12-15 00:41:02'),(177,'Taboada','Aylen Yasmin','DNI','44649055','soltero','F','2003-02-04 00:00:00','otraLocalidadN','Argentina','Pueyrredón','200',NULL,NULL,2,'Alejandro Korn',179,'1864',NULL,'1127828037','Taboadaaylen2@gmail.com',1,NULL,NULL,'Bachiller','Arte-danza','RM N°338/16',2020,7.10,0,NULL,NULL,NULL,NULL,NULL,NULL,NULL,NULL,NULL,NULL,NULL,NULL,NULL,NULL,NULL,NULL,NULL,NULL,'82849e0b9e60413cd86edb0d9474b5f2',1,1,'2023-12-15 00:48:07','2023-12-15 00:54:38'),(178,'Gramajo','Karen Yanina','DNI','43967909','soltero','F','2002-01-03 00:00:00','Alejandro korn','Argentina','Alzaga','1021',NULL,NULL,2,'San vicente',NULL,'1864','1138751197','1122550538','gramajokaren19@gmail.com',0,1,'Matematicas',NULL,NULL,NULL,NULL,NULL,0,NULL,NULL,NULL,NULL,NULL,NULL,NULL,NULL,NULL,NULL,NULL,NULL,NULL,NULL,NULL,NULL,NULL,NULL,'7471243b7aec05812ba26b828c773232',1,1,'2023-12-15 00:49:25','2023-12-15 00:50:07'),(179,'Ponce','Brenda noemi','DNI','41922245','soltero','F','1999-05-01 00:00:00','Guernica','Argentina','Formosa','372',NULL,NULL,2,'Presidente peron',117,'1862','1158130030',NULL,'Brendaponce469@gmail.com',1,NULL,NULL,'Bachiller en economía y administración','Economía','DGDCYE E.E.S N°2',2019,6.14,0,NULL,NULL,NULL,NULL,NULL,NULL,NULL,NULL,NULL,NULL,NULL,NULL,NULL,NULL,NULL,NULL,NULL,'/comprobantes/be27b867d3c4dc0b5fc4897290280c26.png','dfe346052de438470353ced8178e803b',1,1,'2023-12-15 01:12:31','2023-12-15 01:16:28'),(180,'Ferrari','Inés maria','DNI','44744456','soltero','F','2003-04-16 00:00:00','otraLocalidadN','Argentina','San borombon','60',NULL,NULL,2,'San vicente',NULL,'1865','1139367526','1153266712','inesferrari096@gmail.com',1,NULL,NULL,'Tecnico en producción agropecuaria','Agroalimentos','R.M.N°1466/18 Y R.M.N°2206/22',2021,7.03,0,NULL,NULL,NULL,NULL,NULL,NULL,NULL,NULL,NULL,NULL,NULL,NULL,NULL,NULL,NULL,NULL,NULL,NULL,'5b7f3a09b105c5083ed1571059618a9b',1,1,'2023-12-15 01:15:08','2023-12-15 01:17:29'),(181,'Aguilar','Macarena adriana','DNI','40881288','casado','F','1997-01-24 00:00:00','otraLocalidadN','Argentina','O.lagos','1901',NULL,NULL,2,'Almirante Brown',256,'1854','1171303172','1171303162','Macarena_aguilar22@hotmail.com',0,0,'0',NULL,NULL,NULL,NULL,NULL,1,NULL,NULL,NULL,NULL,NULL,NULL,NULL,NULL,NULL,NULL,NULL,NULL,NULL,NULL,NULL,NULL,NULL,NULL,'06493350a12e7a9a8e2707e511172082',1,1,'2023-12-15 01:29:36','2023-12-15 01:34:55'),(182,'Torres sena','Yazmin Solange','DNI','45198017','soltero','F','2003-08-06 00:00:00','Guernica','Argentina','131','740',NULL,NULL,2,'Presidente Perón',117,'1862',NULL,'1161778973','yaztorrez2003@gmail.com',1,NULL,NULL,'Bachiller en arte-musica','Arte-musica','Cuidad de Guernica-presidente Perón provincia de Buenos Aires',10122021,8.15,0,NULL,NULL,NULL,NULL,NULL,NULL,NULL,NULL,NULL,NULL,NULL,NULL,NULL,NULL,NULL,NULL,NULL,'/comprobantes/0a45197b4d171ed8a7b788ccda7f9ead.png','d1bd601f1cd446471a05ba247b273a8e',1,1,'2023-12-15 01:30:58','2023-12-15 01:31:56'),(183,'Arizio','Bárbara Antonella','DNI','46818891','soltero','F','2006-01-18 00:00:00','Alejandro korn','Argentina','Juan B. justo','144',NULL,NULL,2,'San Vicente',179,'1864','2224501702','2224444472','ariziobarbara18@gmail.com',1,NULL,NULL,'Bachiller','Ciencias naturales','Escuela de educación secundaria N°5',2023,7.00,1,NULL,NULL,NULL,NULL,NULL,NULL,NULL,NULL,NULL,NULL,NULL,NULL,NULL,NULL,NULL,NULL,NULL,NULL,'b69cbf88790dfb5a4e6a7a9b17f16c12',0,1,'2023-12-15 01:34:48','2023-12-15 01:34:48'),(184,'guerra','daira  lujan','DNI','46337547','conviviente','F','2004-12-02 00:00:00','Guernica','Argentina','eva peron 2503 e/20a y 20b','2503',NULL,NULL,2,'Presidente peron',117,'1862','01127718522','1127718522','daichuu04@gmail.com',1,NULL,NULL,'Bachicher en economía y administración','Economía','El colegio',2022,8.00,0,NULL,NULL,NULL,NULL,NULL,NULL,NULL,NULL,NULL,NULL,NULL,NULL,NULL,NULL,NULL,NULL,NULL,NULL,'e70195d5f667034b342f16282fb53560',1,1,'2023-12-15 01:56:26','2023-12-15 01:57:19'),(185,'Luna','Luciano','DNI','46347992','soltero','M','2005-02-19 00:00:00','Domselaar','Argentina','Gabriela Mistral','93',NULL,NULL,2,'San Vicente',NULL,'1984',NULL,'2224496252','lunalucianoalejandro@gmail.com',1,NULL,NULL,'Secundario','Sociales','Maria Laura',2023,8.27,1,NULL,NULL,NULL,NULL,NULL,NULL,NULL,NULL,NULL,NULL,NULL,NULL,NULL,NULL,NULL,NULL,NULL,NULL,'43c04b5316c73a18441d81e43216521f',1,1,'2023-12-15 02:11:56','2023-12-15 21:59:53'),(186,'AGUILAR','CELESTE AILEN ANAHI','DNI','44091329','soltero','F','2002-03-30 00:00:00','otraLocalidadN','Argentina','MAFFIA','1282',NULL,NULL,2,'SAN VICENTE',179,'1865',NULL,'1153434964','Celestee303@gmail.com',1,NULL,NULL,'BACHILLERATO','COMUNICACION','E.E.S.N⁰2 PROF ALBERTO D BOURRAS',2020,7.78,0,NULL,NULL,NULL,NULL,NULL,NULL,NULL,NULL,NULL,NULL,NULL,NULL,NULL,NULL,NULL,NULL,NULL,NULL,'7a1319de67438270dced8b83b7c5dafe',1,1,'2023-12-15 02:18:27','2023-12-15 02:19:34'),(187,'Fernandez','Fabrizio Blas','DNI','47101170','soltero','M','2005-12-24 00:00:00','otraLocalidadN','Argentina','Calle 106','973','0','0',2,'Guernica',159,'1862',NULL,'1135898158','fabriblas2016@gmail.com',1,NULL,NULL,'Martha Salotti','Educacion Fisica','no lo se',2023,8.00,1,NULL,NULL,NULL,NULL,NULL,NULL,NULL,NULL,NULL,NULL,NULL,NULL,NULL,NULL,NULL,NULL,NULL,NULL,'5f99cadada65002bfa70f2208ab3b121',1,1,'2023-12-15 02:58:05','2023-12-17 17:13:13'),(188,'Cabrera','Micaela','DNI','45310230','soltero','F','2004-04-12 00:00:00','Alejandro korn','Argentina','Floro Lavalle','450','_','_',2,'Alejandro Korn',NULL,'1864','1149149807','1158654997','micacabreranoemi@gmail.com',0,0,'Ninguna',NULL,NULL,NULL,2021,NULL,1,NULL,NULL,NULL,NULL,NULL,NULL,NULL,NULL,NULL,NULL,NULL,NULL,NULL,NULL,NULL,NULL,NULL,'/comprobantes/f7e54c56c5c2e3c875f987646c84110f.png','12d09a42bf001e4d37bd4558175ebad3',1,1,'2023-12-15 03:15:45','2023-12-15 13:44:33'),(189,'torres gonzalez','vanina','DNI','47805027','soltero','F','2005-09-22 00:00:00','Alejandro korn','Argentina','Mariano Moreno','32',NULL,NULL,2,'Alejandro Korn',179,'B1864',NULL,'1140896398','nortorres1972@gmail.com',0,0,'ningúna',NULL,NULL,NULL,NULL,NULL,1,NULL,NULL,NULL,NULL,NULL,NULL,NULL,NULL,NULL,NULL,NULL,NULL,NULL,NULL,NULL,NULL,NULL,NULL,'e6812645e9cd0015a31a19afaeb3e067',0,1,'2023-12-15 12:44:56','2023-12-15 12:44:56'),(190,'Laure','Matias','DNI','45394904','soltero','M','2003-11-19 00:00:00','otraLocalidadN','Argentina','Romanella','1772',NULL,NULL,2,NULL,256,'1854',NULL,'1160229146','mymlaure@gmail.com',1,NULL,NULL,'Título en bachiller en ciencias sociales','Ciencias Sociales','Escuela de educación secundaria N°26',2021,7.49,1,NULL,NULL,NULL,NULL,NULL,NULL,NULL,NULL,NULL,NULL,NULL,NULL,NULL,NULL,NULL,NULL,NULL,NULL,'35dd69ebdf0a40478aab25b37ebdb1f7',1,1,'2023-12-15 16:46:35','2023-12-15 16:47:02'),(191,'Fernández','Nadina Fernanda','DNI','32273123','soltero','F','1986-05-27 00:00:00','San Vicente','Argentina','Frias','695',NULL,NULL,2,'San Vicente',179,'1864','1150083237','1150083237','nadinafernandez20@gmail.com',1,NULL,NULL,'Bachiller','Humanidades y cs sociales','EEM n 4',2005,9.09,0,NULL,NULL,NULL,NULL,NULL,NULL,NULL,NULL,NULL,NULL,NULL,NULL,NULL,NULL,NULL,NULL,NULL,NULL,'7da7ff0af3d15c4bfd0ca188128b2045',1,1,'2023-12-15 17:51:46','2023-12-16 11:29:35'),(192,'Ramirez','Florencia','DNI','46875412','soltero','F','2005-08-29 00:00:00','otraLocalidadN','Argentina','Moreno','772','0','0',2,'Alejandro korn',179,'1864',NULL,'1123195871','Sole26252.@gmail.com',0,0,'Ninguna',NULL,NULL,NULL,NULL,NULL,0,NULL,NULL,NULL,NULL,NULL,NULL,NULL,NULL,NULL,NULL,NULL,NULL,NULL,NULL,NULL,NULL,NULL,'/comprobantes/c77a5c2e7b6ab496fcbf28c18cd557cc.jpg','ef9e6d0a4f270b83a510ca0e0f253195',0,1,'2023-12-15 23:04:13','2023-12-15 23:04:13'),(193,'Orué','María Jose','DNI','95341547','soltero','F','2006-01-20 00:00:00','Alejandro korn','Argentina','Varela','1041',NULL,NULL,2,'Alejandro Korn',179,'1864','1127161177','1127161177','oruemariajose02@gmail.com',0,0,'Ninguna',NULL,NULL,NULL,NULL,NULL,0,NULL,NULL,NULL,NULL,NULL,NULL,NULL,NULL,NULL,NULL,NULL,NULL,NULL,NULL,NULL,NULL,NULL,'/comprobantes/912a0422c8c98df2ce02157266b9cc9c.png','5af90ec056a59a8020c7dafa8fdd8503',1,1,'2023-12-15 23:04:42','2023-12-16 12:32:23'),(194,'Quijada','Brenda Guadalupe','DNI','46432660','soltero','F','2005-03-05 00:00:00','otraLocalidadN','Argentina','Timoteo Gordillo','1746',NULL,NULL,2,'Almirante Brown',233,'1856','39742847','1157102110','Quijadaguadalupe916@gmail.com',1,NULL,NULL,'Bachiller en Ciencias naturales','Ciencias naturales','Almirante Brown',23122022,767.00,0,NULL,NULL,NULL,NULL,NULL,NULL,NULL,NULL,NULL,NULL,NULL,NULL,NULL,NULL,NULL,NULL,NULL,'/comprobantes/0f1e83788ba8c53f8553702044a6f302.png','38bcd74108f3083159089fb5643e24a4',1,1,'2023-12-15 23:20:56','2023-12-15 23:24:59'),(195,'Trejo','Iara soledad','DNI','47956382','soltero','F','2005-09-19 00:00:00','Brandsen','Argentina','Pilagas',NULL,NULL,NULL,2,'Coronel Brandsen',NULL,'1980','1132352966','1132352966','tsoledad594@gmail.com',1,NULL,NULL,'Bachiller','Comunicación','Secundaria número 2',2023,8.00,1,NULL,NULL,NULL,NULL,NULL,NULL,NULL,NULL,NULL,NULL,NULL,NULL,NULL,NULL,NULL,NULL,NULL,'/comprobantes/f4aeada8bac77cd52e7eeb4a47837fea.jpg','84d8de4717cb85b6cbf460e3d5230f0b',1,1,'2023-12-15 23:34:21','2023-12-15 23:58:08'),(196,'Chavez','Nazareno Blas','DNI','44586526','soltero','M','2003-07-18 00:00:00','otraLocalidadN','Argentina','Av Hipólito Yrigoyen','29317',NULL,NULL,2,'Alejandro Korn',179,'1864',NULL,'2224461196','nazarenochavez@rocketmail.com',1,NULL,NULL,'Bachillerato','Ciencias Naturales','RFIFD',2023,6.45,0,NULL,NULL,NULL,NULL,NULL,NULL,NULL,NULL,NULL,NULL,NULL,NULL,NULL,NULL,NULL,NULL,NULL,NULL,'6ac168401541f2adf49e1025e6379d5f',0,1,'2023-12-15 23:35:19','2023-12-15 23:35:19'),(197,'Benitez','Ivan uriel','DNI','45310325','soltero','M','2004-08-17 00:00:00','Alejandro korn','Argentina','Camino real','2050',NULL,NULL,2,'San vicente',179,'1864',NULL,'1132585499','ib2582814@gmail.com',1,NULL,NULL,'Secundario','Ciencias naturales','Dirección',2022,7.59,0,NULL,NULL,NULL,NULL,NULL,NULL,NULL,NULL,NULL,NULL,NULL,NULL,NULL,NULL,NULL,NULL,NULL,NULL,'40263733d10af63510818bbb130bf4c5',0,1,'2023-12-15 23:36:34','2023-12-15 23:36:34'),(198,'Lucero','Santiago','DNI','45146435','soltero','M','2003-10-10 00:00:00','Guernica','Argentina','Rio de la plata','2888',NULL,NULL,2,'Presidente peron',NULL,'1862',NULL,'1127925800','Acostasantyl626@gmail.com',0,0,'Nada',NULL,NULL,NULL,NULL,NULL,1,NULL,NULL,NULL,NULL,NULL,NULL,NULL,NULL,NULL,NULL,NULL,NULL,NULL,NULL,NULL,NULL,NULL,NULL,'43c9c3e5c5c208dcb1e64384788150d5',0,1,'2023-12-15 23:39:31','2023-12-15 23:39:31'),(199,'Rodríguez caceres','Claudia Andrea','DNI','95331413','conviviente','F','1991-03-16 00:00:00',NULL,NULL,'Sargento Cabral','704',NULL,NULL,2,NULL,179,'1864',NULL,'1139495274','claudiacaceresrodriguez888@gmail.com',0,0,'No tengo',NULL,NULL,NULL,NULL,NULL,1,NULL,NULL,NULL,NULL,NULL,NULL,NULL,NULL,NULL,NULL,NULL,NULL,NULL,NULL,NULL,NULL,NULL,NULL,'68e36eea8453a69e32c4059c063cf23a',1,1,'2023-12-15 23:49:26','2023-12-16 00:11:41'),(200,'Chavez Roa','Amada Raquel','DNI','93975968','soltero','F','1990-06-14 00:00:00','otraLocalidadN',NULL,'Bolívar','2030',NULL,NULL,2,'San Vicente',179,'1865',NULL,'1157674127','amitabru@hotmail.com',1,NULL,NULL,'Bachiller','Ciencias Sociales','Escuela de educación media N 3',2010,7.14,0,NULL,NULL,NULL,NULL,NULL,NULL,NULL,NULL,NULL,NULL,NULL,NULL,NULL,NULL,NULL,NULL,NULL,NULL,'d1df6f044d952a7b9637c80e65857fb1',1,1,'2023-12-15 23:50:08','2023-12-15 23:57:38'),(201,'Romero','Ariana Ayelen','DNI','43918508','soltero','F','2002-06-03 00:00:00','otraLocalidadN','Argentina','Batalla de Pavón 1102 entre Fernández de cuya y ruta','210','Baja','Casa',2,'Almirante Brown',233,'1856','2224422941','1164461892','arianaayelenromero32@gmail.com',1,NULL,NULL,'Secundario','Barchiller artes visuales','Longchamps',2020,86.00,0,NULL,NULL,NULL,NULL,NULL,NULL,NULL,NULL,NULL,NULL,NULL,NULL,NULL,NULL,NULL,NULL,NULL,'/comprobantes/60fbab91406a802965a26316154df1be.png','d5b8e02d864391c89bdb8e2799adbaf0',1,1,'2023-12-15 23:50:53','2023-12-15 23:55:53'),(202,'Ramirez','Lourdes Tamara Anahi','DNI','47185753','soltero','F','2006-02-20 00:00:00','Alejandro korn','Argentina','Gonnet','3062',NULL,NULL,2,'San Vicente',NULL,'1865','1168235679','1168235679','ramirezlourdes904@gmail.com',1,NULL,NULL,'Bachillerato','Ciencias Sociales','E.E.S N°11 Almirante Brown',2023,9.10,1,NULL,NULL,NULL,NULL,NULL,NULL,NULL,NULL,NULL,NULL,NULL,NULL,NULL,NULL,NULL,NULL,NULL,'/comprobantes/30b8659e70e0513cd8e662bd331b3e6e.jpg','adf20c6a2b657e96d296d57d6bf33389',1,1,'2023-12-15 23:53:57','2023-12-16 02:57:57'),(203,'Pasco Torres','Lucia','DNI','94005317','soltero','F','1973-01-10 00:00:00','otraLocalidadN','Perú','San martin','1005',NULL,NULL,2,'San vicente',179,'1864','1139180906',NULL,'Lucia.efigenia1973@gmail.com',1,NULL,NULL,'Tecnicatura','Costura','Miriscal toribio de Luzuriaga',1992,0.00,0,'terciario','Tecnico en electrocardiograma','A',4.00,NULL,NULL,NULL,NULL,NULL,NULL,NULL,NULL,NULL,NULL,NULL,NULL,NULL,'/comprobantes/a649254bc3a954d6b273361836ec5593.pdf','ab67a7eb0961ab27dd02b727bdd13342',0,1,'2023-12-16 00:00:31','2023-12-16 00:00:31'),(204,'Petracci','Ulises Damián','DNI','27272250','conviviente','M','1978-11-08 00:00:00','San Vicente','Argentina','Soler','1088',NULL,NULL,2,'San Vicente',179,'1865',NULL,'1156577425','petraccidamian@gmail.com',1,NULL,NULL,'Bachiller','En ciencias sociales especializada en gestión de políticas públicas','Cena 451',2015,9.25,0,NULL,NULL,NULL,NULL,NULL,NULL,NULL,NULL,NULL,NULL,NULL,NULL,NULL,NULL,NULL,NULL,NULL,NULL,'520022ad7ae28498090a9e4b8ee5e246',1,1,'2023-12-16 00:05:09','2023-12-18 00:37:59'),(205,'perez nuñez','yolanda','DNI','93722680','divorciado','F','1968-12-11 00:00:00','San Vicente','Perú','gobernador vergara','653',NULL,NULL,2,'buenos aires',179,'1865',NULL,'1173651181','yolidesanvi@gmail.com',1,NULL,NULL,'bachiller','gestion y administracion','escuela de educacion media n°1 de san vicente',2008,8.00,0,NULL,NULL,NULL,NULL,NULL,NULL,NULL,NULL,NULL,NULL,NULL,NULL,NULL,NULL,NULL,NULL,NULL,NULL,'b714a91282c8077df1479808169ec982',1,1,'2023-12-16 00:11:14','2023-12-16 00:12:00'),(206,'NALERIO MARTINEZ','Cristina paola','DNI','94907760','soltero','F','1983-12-22 00:00:00',NULL,NULL,'Espora','420',NULL,NULL,2,'San Vicente',179,'1865','2224539222',NULL,'cris_paomartinez@hotmail.com',1,NULL,NULL,'Si','Ciencias sociales','Escuela 29',2017,883.00,0,NULL,NULL,NULL,NULL,NULL,NULL,NULL,NULL,NULL,NULL,NULL,NULL,NULL,NULL,NULL,NULL,NULL,'/comprobantes/66e172ad3bfdb6fefc8091d9364dabe3.jpg','da263abd18b44cc3cb983034029fc9ed',0,1,'2023-12-16 00:16:10','2023-12-16 00:16:10'),(207,'Rivero','Milagros','DNI','47185888','soltero','F','2006-03-23 00:00:00','Guernica','Argentina','Patagones','1730',NULL,NULL,2,'Pte Perón',117,'1862',NULL,'1121692887','milyr0052@gmail.com',0,1,'Ed fisica',NULL,NULL,NULL,NULL,NULL,0,NULL,NULL,NULL,NULL,NULL,NULL,NULL,NULL,NULL,NULL,NULL,NULL,NULL,NULL,NULL,NULL,NULL,NULL,'3e1f212f1e86166a016a165b1eb38481',0,1,'2023-12-16 00:19:25','2023-12-16 00:19:25'),(208,'pelayo','sofia','DNI','46902675','soltero','F','2005-11-11 00:00:00','San Vicente','Argentina','castelli','1831',NULL,NULL,2,'san vicente',179,'1865','1141768670','1141768670','pipipelayo11@gmail.com',1,NULL,NULL,'secundario','ciencias naturales','la ciudad de san vicente',2023,8.30,1,NULL,NULL,NULL,NULL,NULL,NULL,NULL,NULL,NULL,NULL,NULL,NULL,NULL,NULL,NULL,NULL,NULL,NULL,'dc0e76158a4e5add1a6e8cc369a95e4d',1,1,'2023-12-16 00:28:05','2023-12-16 01:40:46'),(209,'Tapia','Candela','DNI','46199879','soltero','F','2005-01-14 00:00:00','San Vicente','Argentina','39','933',NULL,NULL,2,'Presidente Peron',117,'1862',NULL,'1173678001','candeladoblertapia@gmail.com',1,NULL,NULL,'Bachiller en Ciencias Sociales','Ciencias Sociales','Instituto Rosario Vera Peñaloza',2025,6.97,0,NULL,NULL,NULL,NULL,NULL,NULL,NULL,NULL,NULL,NULL,NULL,NULL,NULL,NULL,NULL,NULL,NULL,'/comprobantes/772de360d628b504530411d3a9b9a27b.pdf','f9cbce39ed15ac00cd7512270ed429f1',1,1,'2023-12-16 00:29:46','2023-12-16 00:35:32'),(210,'Barreto','Ailin candela','DNI','46089768','soltero','F','2005-01-06 00:00:00','Alejandro korn','Argentina','Alma fuerte','752','.','.',2,'San Vicente',179,'1864','02225 425996','1166481415','barretoailin258@gmail.com',1,NULL,NULL,'Bachiller en economía y administración','Educación secundaria','Escuela de educación secundaria N°9',2022,7.16,0,NULL,NULL,NULL,NULL,NULL,NULL,NULL,NULL,NULL,NULL,NULL,NULL,NULL,NULL,NULL,NULL,NULL,NULL,'b6c0ae35d19b27b5e6515408fa2630ca',1,1,'2023-12-16 00:35:13','2023-12-16 00:37:12'),(211,'Ledesma','Joaquín Alejandro','DNI','41131271','soltero','M','1998-04-09 00:00:00','otraLocalidadN','Argentina','Paris','2305',NULL,NULL,2,'Alejandro Korn',179,'1864',NULL,'1132700090','byjoa_ale98@hotmail.com',1,NULL,NULL,'Bachiller','Ciencias Sociales Especializado en Gestión de Políticas Públicas','RM N° 1845/21',2022,9.20,0,NULL,NULL,NULL,NULL,NULL,NULL,NULL,NULL,NULL,NULL,NULL,NULL,NULL,NULL,NULL,NULL,NULL,'/comprobantes/2e0e89a2b98d0914b435c81fda9dc094.pdf','9c4a8ea84cd6d08a12a7af3146412c87',1,1,'2023-12-16 00:41:22','2023-12-16 00:43:40'),(212,'Quintana Rodríguez','Rosalía','DNI','95409724','soltero','F','2001-03-28 00:00:00',NULL,NULL,'Echeverría','72',NULL,NULL,2,'Alejandro korn',179,'1864',NULL,'1127529369','rorodriguez2666@gmail.com',1,NULL,NULL,'Bachiller en ciencias naturales','Naturales','E.E.S. N°5',2020,7.61,0,NULL,NULL,NULL,NULL,NULL,NULL,NULL,NULL,NULL,NULL,NULL,NULL,NULL,NULL,NULL,NULL,NULL,'/comprobantes/f508dcc84ee8337c7faf77861e8813a7.png','4673dd9ea82028ca54f45843a16877bc',1,1,'2023-12-16 00:47:50','2023-12-16 00:56:13'),(213,'Arce Romero','Jeremias isaac','DNI','38177413','conviviente','M','1994-05-26 00:00:00','Alejandro korn','Argentina','Jujuy','387',NULL,NULL,2,'San Vicente',179,'1864','1166820880','1166613757','jeremiasisaacarce@gmail.com',0,0,'No adeudo ninguna materia','Bachiller','Ciencias sociales','Fines',2023,NULL,1,NULL,NULL,NULL,NULL,NULL,NULL,NULL,NULL,NULL,NULL,NULL,NULL,NULL,NULL,NULL,NULL,NULL,NULL,'1d8bb485513d2e085b4431bce2c093a0',1,1,'2023-12-16 00:51:05','2023-12-16 02:40:53'),(214,'Bogado','Antonella','DNI','46287362','soltero','F','2004-10-04 00:00:00','San Vicente','Argentina','Bouchard','2243',NULL,NULL,2,'San Vicente',NULL,'1865','1132871432',NULL,'bogadoantonella628@gmail.com',1,NULL,NULL,'Cs naturales','Cs naturales','E.E.E n°13',2023,7.60,1,NULL,NULL,NULL,NULL,NULL,NULL,NULL,NULL,NULL,NULL,NULL,NULL,NULL,NULL,NULL,NULL,NULL,NULL,'bf2485a49260c68f8607c5be411d885a',1,1,'2023-12-16 01:01:54','2023-12-16 01:12:02'),(215,'Valverde rodriguez','Mauricio','DNI','46644048','soltero','M','2005-04-12 00:00:00','Alejandro korn','Argentina','Segui','1420','0','0',2,'Alejandro korn',179,'1864','1140658523','1140658523','Lieval2018@gmail.com',0,0,'Ninguna',NULL,NULL,NULL,NULL,NULL,1,NULL,NULL,NULL,NULL,NULL,NULL,NULL,NULL,NULL,NULL,NULL,NULL,NULL,NULL,NULL,NULL,NULL,'/comprobantes/e010397fd6e6f37d9ed7d1a5d2c1ead6.jpg','b8e08bcf108b18f5bb69f040184fdc2b',1,1,'2023-12-16 01:24:20','2023-12-16 03:42:33'),(216,'Gómez Bolivar','Clementina','DNI','94530707','casado','F','1985-01-24 00:00:00',NULL,NULL,'Formosa','536',NULL,NULL,2,'San Vicente',179,'1865','01123194636','1123194636','clemengomez80@gmail.com',0,0,'O','Constancia general','Colegio CENS 452','Romano G Ariel',NULL,NULL,1,NULL,NULL,NULL,NULL,NULL,NULL,NULL,NULL,NULL,NULL,NULL,NULL,NULL,NULL,NULL,NULL,NULL,NULL,'d9bf859a0ad09df6f14794327b575d67',1,1,'2023-12-16 01:40:08','2023-12-16 01:44:29'),(217,'Gutierrez Choquecallata','Micaela Ayelén','DNI','46441011','soltero','F','2004-12-26 00:00:00','otraLocalidadN','Argentina','Bullrich','2089',NULL,NULL,2,'Alejandro korn',179,'1861',NULL,'2224460898','gutierrezmicaela911@gmail.com',1,NULL,NULL,'Bachillerato','Taetro/danza','Escuela secundaria n°7',2022,8.50,1,NULL,NULL,NULL,NULL,NULL,NULL,NULL,NULL,NULL,NULL,NULL,NULL,NULL,NULL,NULL,NULL,NULL,NULL,'908fda9c5e9b2e4c9f09c881732d83bd',1,1,'2023-12-16 01:45:47','2023-12-16 01:46:25'),(218,'vivas','Matilda victoria','DNI','46635650','soltero','F','2005-06-14 00:00:00','Alejandro korn','Argentina','Gonett','1970','Nada','Nada',2,'San Vicente',179,'1864','1153284118','1153284118','Vivasleonor171@gmail.com',0,0,'Ninguna',NULL,NULL,NULL,NULL,NULL,1,NULL,NULL,NULL,NULL,NULL,NULL,NULL,NULL,NULL,NULL,NULL,NULL,NULL,NULL,NULL,NULL,NULL,NULL,'27ca556db2b655b639807dedab302c5d',0,1,'2023-12-16 01:46:59','2023-12-16 01:46:59'),(219,'Porras caro','Valentina abril','DNI','47115809','soltero','F','2006-01-23 00:00:00','San Vicente','Argentina','Gainza','390','1','1',1,'Alejandro korm',NULL,'1864','1132031844','1132031844','Valencaro299@gmail.com',1,NULL,NULL,'Bachiller','Naturales','Escuela normal superior almafuerte',2023,8.00,1,NULL,NULL,NULL,NULL,NULL,NULL,NULL,NULL,NULL,NULL,NULL,NULL,NULL,NULL,NULL,NULL,NULL,NULL,'92f7eb840718d31c2f7976a332ca605f',0,1,'2023-12-16 02:13:01','2023-12-16 02:13:01'),(220,'Carrizo','Federico nicolas','DNI','40857108','casado','M','1994-10-06 00:00:00','Alejandro korn','Argentina','Juan manuel de rosas','917',NULL,NULL,2,'San vicente',179,'1864',NULL,'02224442017','Niconoe.carrizoabel@gmail.com',1,NULL,NULL,'Bachiller','Cs naturales,salud y ambiente','Cens 451',2015,8.43,0,NULL,NULL,NULL,NULL,NULL,NULL,NULL,NULL,NULL,NULL,NULL,NULL,NULL,NULL,NULL,NULL,NULL,NULL,'40a5361d4ec2ec2ab3265f5f096223a8',1,1,'2023-12-16 02:34:09','2023-12-16 03:59:53'),(221,'Gonzalez enciso','Veronica','DNI','95327317','soltero','F','1989-01-24 00:00:00',NULL,'Argentina','Vicente Casares entre Florencio Varela y magdalena','1628',NULL,NULL,2,'Alejandro korn',179,'1864',NULL,'1122687778','gonzalezveronica735@gmail.com',1,NULL,NULL,'Bachiller científico','Ciencias sociales','Colegio Nacional Dr Juan Manuel Frutos',2007,3.88,0,NULL,NULL,NULL,NULL,NULL,NULL,NULL,NULL,NULL,NULL,NULL,NULL,NULL,NULL,NULL,NULL,NULL,NULL,'76836e77cc8f2426e611bd975c85b774',1,1,'2023-12-16 09:38:46','2023-12-16 10:24:12'),(222,'Escalante','Jimena','DNI','43020570','casado','F','1996-08-11 00:00:00','San Vicente','Argentina','Catamarca','1259',NULL,NULL,2,'Presidente Peron',117,'1862','1122554289','1122849462',NULL,1,NULL,NULL,'Bachiller de orientación en economía y gestion','Economía y gestión','Escuela media n2',2014,8.50,0,NULL,NULL,NULL,NULL,NULL,NULL,NULL,NULL,NULL,NULL,NULL,NULL,NULL,NULL,NULL,NULL,NULL,NULL,'d41d8cd98f00b204e9800998ecf8427e',0,1,'2023-12-16 14:14:06','2023-12-16 14:14:06'),(223,'Calzada','Ludmila Noelia','DNI','42833634','soltero','F','2000-08-01 00:00:00','otraLocalidadN','Argentina','Esmeralda','1880',NULL,NULL,2,'San Vicente',179,'1865',NULL,'1134718423','gastonsosagso@gmail.com',1,NULL,NULL,'Bachiller en Comunicación','Comunicación','EEM N°2',2018,8.63,0,NULL,NULL,NULL,NULL,NULL,NULL,NULL,NULL,NULL,NULL,NULL,NULL,NULL,NULL,NULL,NULL,NULL,'/comprobantes/f3e42e63728f018ea27ec858515d3a40.pdf','5682cbedd663505604e0b2e6acff349a',1,1,'2023-12-16 14:16:46','2023-12-16 14:17:25'),(224,'Pereyra','Almendra Belén','DNI','42932611','conviviente','F','2000-09-14 00:00:00','Alejandro korn','Argentina','Báez','1163','..','.',2,'San Vicente',179,'1864','.','01126966611','almipereyra2000@gmail.com',0,2,'Matemáticas y Teoría organizacional',NULL,NULL,NULL,NULL,NULL,0,'terciario','Acompañante Terapéutico','Instituto superior de Psicología Social',10.00,NULL,NULL,NULL,NULL,NULL,NULL,NULL,NULL,NULL,NULL,NULL,NULL,NULL,'/comprobantes/fbc5a66a0c8715f734fec957adf08086.jpg','b79b24b2ae733a04f86de06f963c38a6',1,1,'2023-12-16 15:38:59','2023-12-19 15:12:43'),(225,'Ibarra','Valentino','DNI','46633203','soltero','M','2005-03-25 00:00:00','otraLocalidadN','Argentina','Mitre','1030',NULL,NULL,2,'San Vicente',179,'1865',NULL,'1162002471','ibarravalentino15@gmail.com',1,NULL,NULL,'Bachiller','Comunicaciónes','Instituto San Jose',2022,8.00,0,NULL,NULL,NULL,NULL,NULL,NULL,NULL,NULL,NULL,NULL,NULL,NULL,NULL,NULL,NULL,NULL,NULL,NULL,'b9b5784edd2b2cef241e90da1c209b57',1,1,'2023-12-17 00:57:29','2023-12-17 00:58:32'),(226,'BRACHO NUÑEZ','Aldo Alfredo','DNI','94636647','soltero','M','1994-04-16 00:00:00','San Vicente','Argentina','Buenos Aires','169',NULL,NULL,2,'San Vicente',179,'1865','01127144535',NULL,'aldobrch@gmail.com',1,NULL,NULL,'Bachiller','Ciencias naturales','Escuela Media N° 4 \"Almafuerte\" Alejandro Korn',2011,8.22,1,NULL,NULL,NULL,NULL,NULL,NULL,NULL,NULL,NULL,NULL,NULL,NULL,NULL,NULL,NULL,NULL,NULL,NULL,'d247d983cb8a8a8b1af399cd11dad28a',0,1,'2023-12-17 03:16:38','2023-12-17 03:16:38'),(227,'Baez','Sabrina','DNI','33642579','casado','F','1988-04-05 00:00:00','San Vicente','Argentina','Entre Rios','252',NULL,NULL,2,'San Vicente',179,'1865','1154194978','1154194978','Sabrinabaez2018@gmail',1,NULL,NULL,'Bachiller','Siencia sociales','EEM n 1',2007,733.00,0,NULL,NULL,NULL,NULL,NULL,NULL,NULL,NULL,NULL,NULL,NULL,NULL,NULL,NULL,NULL,NULL,NULL,'/comprobantes/79b0526a5e2dc38343241b1678a92cae.jpg','5475cfec466a2dbd10e74cc86b048ae9',0,1,'2023-12-17 22:18:54','2023-12-17 22:18:54'),(228,'Duette','Jennifer nara','DNI','45299126','soltero','F','2004-02-12 00:00:00','otraLocalidadN','Argentina','Arcuri','1823',NULL,NULL,2,'Alejandro korn',179,'1864',NULL,'1148700788','jennyferduette23@gmail.com',1,NULL,NULL,'Bachiller','Ciencias sociales','Alejandro korn',2021,840.00,0,NULL,NULL,NULL,NULL,NULL,NULL,NULL,NULL,NULL,NULL,NULL,NULL,NULL,NULL,NULL,NULL,NULL,NULL,'a162517734b896d56f1890087e7b8abb',1,1,'2023-12-18 13:02:57','2023-12-18 13:04:07'),(229,'Orellana','Angela Silvana','DNI','28099914','soltero','F','2023-02-14 00:00:00','Guernica','Argentina','14','659',NULL,NULL,2,'Presidente Peron',117,'1862',NULL,'1160192690','silvanaorellana1403@gmail.com',1,NULL,NULL,'Bachiller','Ciencias Sociales','E.E.M.N 1',2004,8.75,0,NULL,NULL,NULL,NULL,NULL,NULL,NULL,NULL,NULL,NULL,NULL,NULL,NULL,NULL,NULL,NULL,NULL,'/comprobantes/aa06a30b9251b1278203ae1cd2cfe729.pdf','5aab897cc24554e5a3f5b23613ab2b3f',1,1,'2023-12-18 19:16:53','2023-12-18 19:19:20'),(230,'Amaya','Vanesa Carolina','DNI','32016479','soltero','F','1986-02-23 00:00:00','Guernica','Argentina','Calle 39','933',NULL,NULL,2,'Presidente Peron',117,'1862',NULL,'2224542107','amayacarolinavanesa@gmail.com',1,NULL,NULL,'Bachiller en Humanidades y Ciencias Sociales','Humanidades y Ciencias Sociales','Instituto Rosario Vera Peñaloza',2003,7.00,0,NULL,NULL,NULL,NULL,NULL,NULL,NULL,NULL,NULL,NULL,NULL,NULL,NULL,NULL,NULL,NULL,NULL,'/comprobantes/aa9e3556403c86818c5b307366c1a054.pdf','1f0a4d064f820aec8fcac0ad7945dc5f',0,1,'2023-12-18 20:30:20','2023-12-18 20:30:20'),(231,'Ponce','Irina Glenda','DNI','35974171','casado','F','1991-01-05 00:00:00','otraLocalidadN','Argentina','Gonnet','3093',NULL,NULL,2,'Alejandro Korn',NULL,'1864','42467514','1122885759','irinaponce758@gmail.com',0,0,'-',NULL,NULL,NULL,NULL,NULL,1,NULL,NULL,NULL,NULL,NULL,NULL,NULL,NULL,NULL,NULL,NULL,NULL,NULL,NULL,NULL,NULL,NULL,NULL,'e5dd76deaecd840c0521a4ef715c6a8f',1,1,'2023-12-18 22:14:39','2023-12-18 22:16:20'),(232,'Perez','Benjamin','DNI','41855583','soltero','M','1999-04-25 00:00:00','otraLocalidadN','Argentina','Velez sarsfield','284',NULL,NULL,2,'Alejandro korn',179,'1864','1122544899','1122544899','Benjamintomas1907@gmail.com',1,NULL,NULL,'Bachillerato','Contable','Escuela media n2',2019,7.80,0,NULL,NULL,NULL,NULL,NULL,NULL,NULL,NULL,NULL,NULL,NULL,NULL,NULL,NULL,NULL,NULL,NULL,NULL,'1ce2a04848711d5b9a2f14eac1aebde5',1,1,'2023-12-18 22:18:39','2023-12-18 22:36:31'),(233,'Maydana','Laura Gretel','DNI','33338494','conviviente','F','1987-09-20 00:00:00','Alejandro korn','Argentina','802','353',NULL,NULL,NULL,'San vicente',NULL,'1864','02225426479','1128328274','lmaydana26@gmail.com',0,0,'Ninguna',NULL,NULL,NULL,NULL,NULL,1,NULL,NULL,NULL,NULL,NULL,NULL,NULL,NULL,NULL,NULL,NULL,NULL,NULL,NULL,NULL,NULL,NULL,NULL,'a14f18fd236f271771fa52e14fb0e614',1,1,'2023-12-18 22:19:17','2023-12-18 22:47:55'),(234,'Olarte','Thiago Nahuel','DNI','45989751','soltero','M','2005-02-24 00:00:00','San Vicente','Argentina','Colombres','1850',NULL,NULL,2,'San Vicente',179,'1865',NULL,'1153364683','thiagoolarte45@gmail.com',0,0,'Ninguna',NULL,NULL,NULL,NULL,NULL,1,NULL,NULL,NULL,NULL,NULL,NULL,NULL,NULL,NULL,NULL,NULL,NULL,NULL,NULL,NULL,NULL,NULL,NULL,'54ee1e83274525d879cf6b626a3e4829',1,1,'2023-12-18 23:01:02','2023-12-19 00:08:19'),(235,'Reyno','Abigahil vanesa','DNI','38434800','soltero','F','1994-10-11 00:00:00','San Vicente','Argentina','Misiones','1246','No','No',2,'San vicente',179,'1865','2224460787','2224460787','Abiireyno@gmail.com',1,NULL,NULL,'Tecnico en produccion agropecuaria','Agroalimentos','Escuela de educación secundaria agraria N°1',2013,7.74,0,NULL,NULL,NULL,NULL,NULL,NULL,NULL,NULL,NULL,NULL,NULL,NULL,NULL,NULL,NULL,NULL,NULL,'/comprobantes/52f99aad20666086d05b82c7e9fbb437.jpg','28efb2e818f27bfa9be4d98903bdc1ee',1,1,'2023-12-18 23:12:07','2023-12-18 23:12:41'),(236,'Ramirez','Camila','DNI','43384927','soltero','F','2001-07-07 00:00:00','San Vicente','Argentina','Elpidio Gonzalez','272',NULL,NULL,2,'San Vicente',179,'1865',NULL,'2224465023','camilitajdaf@gmail.com',1,NULL,NULL,'Educación secundaria','Bachiller en economía y administración','RFIFD',2019,7.99,0,NULL,NULL,NULL,NULL,NULL,NULL,NULL,NULL,NULL,NULL,NULL,NULL,NULL,NULL,NULL,NULL,NULL,NULL,'1d74e54a73d984925371832f46f3f2a7',1,1,'2023-12-18 23:14:51','2023-12-18 23:16:09'),(237,'Vitulli','Sofia','DNI','44169984','soltero','F','2002-05-21 00:00:00','otraLocalidadN','Argentina','114','86',NULL,NULL,2,'Presidente Peron',159,'1862',NULL,'1168140858','sofivitulli@gmail.com',1,NULL,NULL,'Bachiller en Ciencias Sociales','Ciencias Sociales','Instituto Quinquela Martin',2019,7.00,0,NULL,NULL,NULL,NULL,NULL,NULL,NULL,NULL,NULL,NULL,NULL,NULL,NULL,NULL,NULL,NULL,NULL,'/comprobantes/3b69d1616f1602af793dd29697bc2a18.png','39ea8005b0e256465346cee3e74025c0',1,1,'2023-12-18 23:31:22','2023-12-18 23:51:14'),(238,'Nuñez','Lucas','DNI','40975523','soltero','M','1998-04-14 00:00:00','San Vicente','Argentina','Catamarca','272',NULL,NULL,2,'San vicente',179,'1865',NULL,'2224555658','ls_alexis98@hotmail.com',1,NULL,NULL,'Bachiller','Ciencias natulares','Instituto san jose',2015,7.88,0,NULL,NULL,NULL,NULL,NULL,NULL,NULL,NULL,NULL,NULL,NULL,NULL,NULL,NULL,NULL,NULL,NULL,NULL,'e736aa0668ed70d715c2d5d949681f50',1,1,'2023-12-18 23:37:49','2023-12-19 00:18:33'),(239,'Paonezza','Gabriela','DNI','25967823','divorciado','F','1977-11-11 00:00:00','San Vicente','Argentina','Ohggins','995',NULL,'3',2,NULL,179,'1865',NULL,'1136399155','noepaonezza@gmail.com',1,NULL,NULL,'Bachiller','Ciencias sociales especializado en políticas públicas','Educación secundaria',2023,9.00,0,NULL,NULL,NULL,NULL,NULL,NULL,NULL,NULL,NULL,NULL,NULL,NULL,NULL,NULL,NULL,NULL,NULL,NULL,'d8bc167869c2b6219ff303ee112c4471',1,1,'2023-12-18 23:59:02','2023-12-18 23:59:26'),(240,'Rodríguez','Alejandra Del Valle Belen','DNI','34175059','soltero','F','1989-02-06 00:00:00','San Vicente','Argentina','MITRE','98',NULL,NULL,2,'San Vicente',179,'1865','1164368190',NULL,'alejandra.rodriguez89.ar@gmail.com',1,NULL,NULL,'Bachiller humanidades y cs sociales','Humanidades y ciencias sociales','EEMN5',2012,7.47,0,NULL,NULL,NULL,NULL,NULL,NULL,NULL,NULL,NULL,NULL,NULL,NULL,NULL,NULL,NULL,NULL,NULL,'/comprobantes/f81817a11a66d1d2ca9b241d9d459797.pdf','bea3ec202789a5c5131eb9abb6e009e2',0,1,'2023-12-19 00:01:31','2023-12-19 00:01:31'),(241,'Meza','Micaela Anabel','DNI','47092135','soltero','F','2006-05-08 00:00:00','Alejandro korn','Argentina','La plata','732',NULL,NULL,2,'Alejandro Korn',179,'1864','02225424594','1158774971',NULL,0,0,'ninguna',NULL,NULL,NULL,NULL,NULL,1,NULL,NULL,NULL,NULL,NULL,NULL,NULL,NULL,NULL,NULL,NULL,NULL,NULL,NULL,NULL,NULL,NULL,'/comprobantes/2f8b1d4e2db93724b26ef0b857cfab69.jpg','d41d8cd98f00b204e9800998ecf8427e',0,1,'2023-12-19 01:46:56','2023-12-19 01:46:56'),(242,'Sharon abril','Rivero','DNI','46818886','soltero','F','2006-01-28 00:00:00','Alejandro korn','Argentina','Honduras','1083',NULL,NULL,1,'san vicente',NULL,'1864',NULL,'1157198571','Sharonabril22@icloud.com',0,0,'ninguna',NULL,NULL,NULL,NULL,NULL,1,NULL,NULL,NULL,NULL,NULL,NULL,NULL,NULL,NULL,NULL,NULL,NULL,NULL,NULL,NULL,NULL,NULL,'/comprobantes/6ce9070eb2a8bdf4b20882def7945108.jpg','b1863a3057e922e3b4332b004f43a7c1',0,1,'2023-12-19 04:20:38','2023-12-19 04:20:38'),(243,'De torres Curth','tiara milagros','DNI','45569980','soltero','F','2003-05-06 00:00:00','otraLocalidadN','Argentina','Rivadavia','620',NULL,NULL,2,'San Vicente',179,'1865',NULL,'1126842930','Milagrosdetorrescurth@gmail.com',1,NULL,NULL,'Bachillerato','Comunicación','Alberto Bourras N°2',2021,7.33,0,NULL,NULL,NULL,NULL,NULL,NULL,NULL,NULL,NULL,NULL,NULL,NULL,NULL,NULL,NULL,NULL,NULL,NULL,'0d3e93a271387378f87cb751cf3fe659',1,1,'2023-12-19 05:14:11','2023-12-19 05:16:15'),(244,'Romero','Pablo Luis','DNI','45417739','soltero','M','2004-02-03 00:00:00','otraLocalidadN','Argentina','Suipacha','691',NULL,NULL,2,'Alejandro korn',179,'1864',NULL,'1144225097','romeropablo2004.2@gmail.com',1,NULL,NULL,'Secundario','Económica y administración','E.E.S N°9',2022,8.95,0,NULL,NULL,NULL,NULL,NULL,NULL,NULL,NULL,NULL,NULL,NULL,NULL,NULL,NULL,NULL,NULL,NULL,'/comprobantes/43636fbc0d82c3aed90243bbe11a4c01.jpg','779ab37ac808d1cd75f85101ed3dbf48',0,1,'2023-12-19 12:40:17','2023-12-19 12:40:17'),(245,'Sosa','Ludmila','DNI','46644294','soltero','F','2005-04-26 00:00:00','otraLocalidadN','Argentina','Miguel Martínez','230',NULL,NULL,2,'Alejandro korn',179,'1864',NULL,'1132278936','sosalay93@gmail.com',1,NULL,NULL,'Artes visuales','Teatro','Ministerio de educación',2022,9.00,1,NULL,NULL,NULL,NULL,NULL,NULL,NULL,NULL,NULL,NULL,NULL,NULL,NULL,NULL,NULL,NULL,NULL,'/comprobantes/6995a26a0aca3171b67f5070018d990b.png','c6a68983403151021a3e148757a7e3d8',0,1,'2023-12-19 16:22:22','2023-12-19 16:22:22'),(246,'sandoval','Nicolas salomon','DNI','38041304','soltero','M','1992-06-14 00:00:00','Alejandro korn','Argentina','Uruguay','872',NULL,NULL,2,'Alejandro Korn',179,'1864','1164890885','1164890885','nicolassandoval140692@gmail.com',1,NULL,NULL,'técnico en electrónica','bienes y servicios','EEST n°1',2013,7.33,0,NULL,NULL,NULL,NULL,NULL,NULL,NULL,NULL,NULL,NULL,NULL,NULL,NULL,NULL,NULL,NULL,NULL,NULL,'300c5b30a5c192ee68c36fa73134ab78',1,1,'2023-12-19 21:56:58','2023-12-19 21:58:24'),(247,'Vongxay','Milagros','DNI','46823414','soltero','F','2005-07-28 00:00:00','Guernica','Argentina','Dr Salvador manzana y ribadavia',NULL,NULL,NULL,2,'Partido de San Vicente',179,'1865',NULL,'1127464027','Milagrosvongxay25@gmail.com',0,4,'Inglés,matemática,ed física y arte',NULL,NULL,NULL,NULL,NULL,0,'posgrado','Extraccionista de laboratorio','Cep lomas (centro educativo progreso)',8.00,NULL,NULL,NULL,NULL,NULL,NULL,NULL,NULL,NULL,NULL,NULL,NULL,NULL,NULL,'221dcf9545153770928de433b9c58ab1',1,1,'2023-12-19 23:51:23','2023-12-20 00:09:32'),(248,'Gonzalez','Marina Ayelen','DNI','40080282','conviviente','F','1996-12-07 00:00:00','otraLocalidadN','Argentina','General paz','713',NULL,NULL,2,'Alejandro korn',179,'1864',NULL,'01136633605','marugonzalez19@outlook.es',1,NULL,NULL,'Bachiller con orientación en ciencias sociales especializado en gestión de políticas públicas','Ciencias sociales','Centro educativo nivel secundario N⁰451 Almirante Brown',2015,8.00,0,NULL,NULL,NULL,NULL,NULL,NULL,NULL,NULL,NULL,NULL,NULL,NULL,NULL,NULL,NULL,NULL,NULL,'/comprobantes/22dde51b6d584f1db09743bdd7718a95.png','99e64375e7241943338ee8411ea65a42',1,1,'2023-12-20 00:02:04','2023-12-20 00:03:12'),(249,'Marascio','Lucia Abril','DNI','45310396','soltero','F','2004-12-19 00:00:00','San Vicente','Argentina','Bolívar','785',NULL,NULL,2,'San Vicente',63,'1865','02224461910','2224 46 1910','luluabilmarascio1912@gmail.com',1,NULL,NULL,'Bachiller de Comunicación','Comunicación','Secundaria N°2 Alberto D. Bourras',2022,775.00,0,NULL,NULL,NULL,NULL,NULL,NULL,NULL,NULL,NULL,NULL,NULL,NULL,NULL,NULL,NULL,NULL,NULL,NULL,'b3198d82b0c6cb90532866b5ed4ee18c',1,1,'2023-12-20 00:05:26','2023-12-20 00:11:14'),(250,'Mendez','Iara griselda','DNI','44883890','soltero','F','2002-12-19 00:00:00','Alejandro korn','Argentina','Honduras','1083',NULL,NULL,1,'San vicente',NULL,'1864','2224532066','2224532066','iaremendez@gmail.com',1,NULL,NULL,'Bachiller','Ciencias sociales','E.e.s n5',2020,6.00,0,NULL,NULL,NULL,NULL,NULL,NULL,NULL,NULL,NULL,NULL,NULL,NULL,NULL,NULL,NULL,NULL,NULL,'/comprobantes/2e41e968bb38f6ab21708687ba96eba1.jpg','b40840b3a5c1426104eaf06eae22cc80',0,1,'2023-12-20 00:08:57','2023-12-20 00:08:57'),(251,'Portas','Sabina','DNI','46899214','soltero','F','2005-08-05 00:00:00','otraLocalidadN','Argentina','Manuela Pedrazs','2165',NULL,NULL,2,'Almirante Brown',233,'1856','20503289','1172326195','sssabi190@gmail.com',0,1,'Matemáticas',NULL,NULL,NULL,NULL,NULL,1,NULL,NULL,NULL,NULL,NULL,NULL,NULL,NULL,NULL,NULL,NULL,NULL,NULL,NULL,NULL,NULL,NULL,'/comprobantes/921bdf7c6cae3eee7fac3add6b626a5d.jpg','153ff8e9488bf500f9f3a3c96b8692a9',1,1,'2023-12-20 00:14:07','2023-12-20 00:14:36'),(252,'Cardozo','Brisa Aylin','DNI','45146843','soltero','F','2003-10-30 00:00:00','otraLocalidadN','Argentina','53 E50/52','00',NULL,NULL,2,'Alejandro Korn',179,'1864','1124837139','1134531884','Brisaaylincrz3019@gmail.com',1,NULL,NULL,'Bachillerato comunicación','Comunicación','E.S N° 80',2021,7.15,0,'terciario','Tripulante de cabina de pasajeros','Centro de educación buenos aires',7.53,NULL,NULL,NULL,NULL,NULL,NULL,NULL,NULL,NULL,NULL,NULL,NULL,NULL,NULL,'25cdd5141696c26da80ab17b5c516923',1,1,'2023-12-20 00:17:05','2023-12-20 00:18:29'),(253,'Zabatel','Bautista zabatel','DNI','47219197','soltero','M','2006-04-13 00:00:00','Guernica','Argentina','Guatemala','550',NULL,NULL,2,'Guernica',159,'1862',NULL,'1133659053','zabajulian15@gmail.com',0,0,'No adeudo materias',NULL,NULL,NULL,NULL,NULL,1,NULL,NULL,NULL,NULL,NULL,NULL,NULL,NULL,NULL,NULL,NULL,NULL,NULL,NULL,NULL,NULL,NULL,'/comprobantes/fafa2a7e511320e5494311ffdef7fa04.png','1dd92e19a65efbb21157d4ab9b3cdf57',1,1,'2023-12-20 00:23:23','2023-12-20 00:25:09'),(254,'Silvera Martínez','Tania','DNI','18817892','divorciado','F','1978-03-06 00:00:00','Brandsen','Argentina','Bell','407',NULL,NULL,2,'Brandsen',NULL,'1980',NULL,'2223509861','silveramartinezt@gmail.com',1,NULL,NULL,'Bachiller mercantil','Contable','Instituto Santa Rita de Cascia',1985,8.56,1,'terciario','Profesorado de la EGB primero y segundo ciclo','ISFD N°49',8.88,NULL,NULL,NULL,NULL,NULL,NULL,NULL,NULL,NULL,NULL,NULL,NULL,NULL,'/comprobantes/c9b163ace1cd562bc8d2a0896b222ee1.png','32c78de30ba4d87638b4b6aa52210355',1,1,'2023-12-20 00:58:32','2023-12-20 00:59:02'),(255,'LLANOS RODRÍGUEZ','BELINDA SALOME','DNI','95017446','soltero','F','2006-01-07 00:00:00','Guernica','Perú','Bogotá 492',NULL,NULL,NULL,2,NULL,159,'1862',NULL,'1154238468','belindallanos059@gmail.com',1,NULL,NULL,'Bachillerato','Arte y teatro','Secundaria N°10',2023,9.44,1,NULL,NULL,NULL,NULL,NULL,NULL,NULL,NULL,NULL,NULL,NULL,NULL,NULL,NULL,NULL,NULL,NULL,NULL,'64a28286c4006ac0e1013a37939af1e8',1,1,'2023-12-20 01:21:16','2023-12-20 01:22:12'),(256,'Arto','Selene Antonela','DNI','46749764','soltero','F','2005-05-16 00:00:00','otraLocalidadN','Argentina','Primera Junta','1060',NULL,NULL,2,'San Vicente',NULL,'1865',NULL,'2224448750','artoselene234@gmail.com',1,NULL,NULL,'Bachiller en ciencias naturales','Ciencias naturales','Escuela de educación secundaria N°13',2022,8.27,0,NULL,NULL,NULL,NULL,NULL,NULL,NULL,NULL,NULL,NULL,NULL,NULL,NULL,NULL,NULL,NULL,NULL,NULL,'27c0d0de658a1fbb657da19de0298a3a',1,1,'2023-12-20 01:23:29','2023-12-20 01:26:15'),(257,'Escobar','Valentina','DNI','46424944','soltero','F','2005-05-13 00:00:00','San Vicente','Argentina','General Rodríguez','1150',NULL,NULL,2,'San Vicente',179,'1864',NULL,'1136146186','valentinaescobar1331@gmail.com',0,0,'Ninguna','Bachillerato ciencias naturales','Ciencias naturales','E.E.S.n⁰13',2022,NULL,1,NULL,NULL,NULL,NULL,NULL,NULL,NULL,NULL,NULL,NULL,NULL,NULL,NULL,NULL,NULL,NULL,NULL,'/comprobantes/a156dbaff1f489326bcd1e824e780bae.jpg','eef5e306b12557e2335f759cd1324515',1,1,'2023-12-20 01:59:40','2023-12-20 02:08:07'),(258,'Benitez','Candela Cecilia','DNI','42114937','soltero','F','1999-11-27 00:00:00','San Vicente','Argentina','Pablo podesta','436',NULL,NULL,2,'San Vicente',NULL,'1864',NULL,'1126986684','candelabenitez315@gmail.com',1,NULL,NULL,'Ciclo superior','Ciencias Naturales','Carlos Cort',2017,7.00,1,NULL,NULL,NULL,NULL,NULL,NULL,NULL,NULL,NULL,NULL,NULL,NULL,NULL,NULL,NULL,NULL,NULL,NULL,'81cdffd89d9f51fea6d6b5c494fbddc9',1,1,'2023-12-20 02:38:30','2023-12-21 04:03:21'),(259,'Cáceres Giménez','Liz Mirella','DNI','9427884','soltero','F','1999-05-25 00:00:00','Alejandro korn','Argentina','Ameghino','592','00','00',2,'Alejandro Korn',179,'1864','123456','2224608455','ursula2angeles@gmail.com',1,NULL,NULL,'Bachiller','Ciencias Sociales','Escuela Media N°5',2017,8.00,0,NULL,NULL,NULL,NULL,NULL,NULL,NULL,NULL,NULL,NULL,NULL,NULL,NULL,NULL,NULL,NULL,NULL,'/comprobantes/db5efc04bdae78363ed769240c72a35d.png','7d4121b0ea0d33cb52b8c5914ec2f727',1,1,'2023-12-20 03:08:31','2023-12-20 03:09:15'),(260,'Orozco','Micaela Sofía','DNI','45625291','soltero','F','2004-10-25 00:00:00','Alejandro korn','Argentina','Miguel Martínez','956',NULL,NULL,2,'Alejandro korn',179,'1864','2224534086','2224534086','micaelasofiaorozco@gmail.com',1,NULL,NULL,'Secundario Bachiller','Economía y administración','Secundaria N°9',23122022,747.00,0,NULL,NULL,NULL,NULL,NULL,NULL,NULL,NULL,NULL,NULL,NULL,NULL,NULL,NULL,NULL,NULL,NULL,NULL,'67b486b4f7789ff33b460232fd5e22ae',1,1,'2023-12-20 03:26:28','2023-12-20 03:33:55'),(261,'Fernandez','Ayelen María Elena','DNI','46572600','soltero','F','2005-05-21 00:00:00','Alejandro korn','Argentina','Nicaragua','492',NULL,NULL,2,'San visente',179,'1864','011 75024382','1135695574','ayellen50@gmail.com',1,NULL,NULL,'Bachiller en Economía y Administración','Economía y Administración','Escuela de educación secundaria N°9',2022,7.91,0,NULL,NULL,NULL,NULL,NULL,NULL,NULL,NULL,NULL,NULL,NULL,NULL,NULL,NULL,NULL,NULL,NULL,NULL,'be377d78b84ea8a1a0bccc72114e896d',1,1,'2023-12-20 14:21:18','2023-12-20 14:28:27'),(262,'Serrano','Facundo','DNI','46649399','soltero','M','2006-01-01 00:00:00','otraLocalidadN','Argentina','Bartolome mitre','2813',NULL,NULL,2,'San vicente',179,'1865','1154192628','1532841400','serrano_matias@hotmail.com',1,NULL,NULL,'Economia','Contable','Instituto argentina',2023,9.00,1,NULL,NULL,NULL,NULL,NULL,NULL,NULL,NULL,NULL,NULL,NULL,NULL,NULL,NULL,NULL,NULL,NULL,NULL,'8e6558c8170adfa8303af9ffa8daf4f8',0,1,'2023-12-20 17:53:10','2023-12-20 17:53:10'),(263,'Bagnera','Florencia Agostina','DNI','42625264','soltero','F','2004-10-10 00:00:00','Alejandro korn','Argentina','Santiago del estero','443',NULL,NULL,2,'San vicente',179,'1864','2224485436','2224485436','Rosyflcbj10@gmail.com',1,NULL,NULL,'Bachiller en economía y administracion','Economia','RFIFD',2022,7.36,0,NULL,NULL,NULL,NULL,NULL,NULL,NULL,NULL,NULL,NULL,NULL,NULL,NULL,NULL,NULL,NULL,NULL,NULL,'a46b49f7e27eb9d7ee953dfffb3cb3f2',1,1,'2023-12-20 19:12:59','2023-12-20 20:50:11'),(264,'Torres Iglesias','Morena Nair','DNI','46014491','soltero','F','2004-09-09 00:00:00','Alejandro korn','Argentina','Tosso','1516','1',NULL,2,'San Vicente',NULL,'1864','02224501300','2224501300','moretorres155@gmail.com',0,2,'Matemáticas  y Economía Politica',NULL,NULL,NULL,NULL,NULL,0,NULL,NULL,NULL,NULL,NULL,NULL,NULL,NULL,NULL,NULL,NULL,NULL,NULL,NULL,NULL,NULL,NULL,NULL,'f0c75531f14a2ea8e7692326140f37a4',1,1,'2023-12-20 22:13:27','2023-12-21 00:31:31'),(265,'Barbetta','Mónica Alejandra','DNI','24074442','divorciado','F','1975-03-31 00:00:00','otraLocalidadN','Argentina','Virrey Del Pino','1031',NULL,NULL,2,'San Vicente',NULL,'1865',NULL,'1159439746','barbettamonica@gmail.com',1,NULL,NULL,'Bachillerato de adultos','Gestión y administración','D.G.C y E',1999,827.00,0,NULL,NULL,NULL,NULL,NULL,NULL,NULL,NULL,NULL,NULL,NULL,NULL,NULL,NULL,NULL,NULL,NULL,NULL,'04d0bac3f74a6464c05a473aecc2c6d7',0,1,'2023-12-20 23:01:47','2023-12-20 23:01:47'),(266,'Corso','Gabriel antonio','DNI','46898683','soltero','M','2005-11-11 00:00:00','otraLocalidadN','Argentina','Echeverría','869',NULL,NULL,2,'DOMSELAAR',179,'1994',NULL,'01161881015','Gabrielcoorsoo14@gmail.com',1,NULL,NULL,'Secundaria','Sociales','Diegep',2023,8.00,1,NULL,NULL,NULL,NULL,NULL,NULL,NULL,NULL,NULL,NULL,NULL,NULL,NULL,NULL,NULL,NULL,NULL,NULL,'8c960f7d70ae0e526c25d1c7633698c4',0,1,'2023-12-20 23:11:42','2023-12-20 23:11:42'),(267,'Moio','Melisa Yanet','DNI','37788403','soltero','F','1993-11-24 00:00:00','Alejandro korn','Argentina','Vicente casares','2118',NULL,NULL,2,'Alejandro Korn',179,'1864','1136755495','2224467202','moiomelisayanet@gmail.com',1,NULL,NULL,'Bachiller','Ciencias sociales','Cea N°701',2017,8.57,0,NULL,NULL,NULL,NULL,NULL,NULL,NULL,NULL,NULL,NULL,NULL,NULL,NULL,NULL,NULL,NULL,NULL,'/comprobantes/8acc8738408a0b6e69a40816f21fb7ef.jpg','f5a77f1936464063b4dd699e0f106944',1,1,'2023-12-21 01:23:40','2023-12-22 11:32:59'),(268,'Roldán','Milagros Micaela','DNI','42280949','soltero','F','2000-02-24 00:00:00','San Vicente','Argentina','Virrey Del Pino','1031',NULL,NULL,2,'San Vicente',179,'1865',NULL,'50289144','Milicarp251@gmail.com',0,0,'0',NULL,NULL,NULL,NULL,NULL,1,NULL,NULL,NULL,NULL,NULL,NULL,NULL,NULL,NULL,NULL,NULL,NULL,NULL,NULL,NULL,NULL,NULL,NULL,'e5aab18b0538ecadcd1d0cd1f31cea98',0,1,'2023-12-21 03:47:39','2023-12-21 03:47:39'),(269,'Alvares','Ariana','DNI','45738374','soltero','F','2004-04-07 00:00:00','otraLocalidadN','Argentina','Ruben Ibarlucea',NULL,NULL,NULL,2,NULL,65,'1980',NULL,'2223432737','arianaalvaresm@gmail.com',1,NULL,NULL,'Bachiller','Ciencias Sociales','Escuela secundaria 9 extensión',2021,9.03,0,NULL,NULL,NULL,NULL,NULL,NULL,NULL,NULL,NULL,NULL,NULL,NULL,NULL,NULL,NULL,NULL,NULL,'/comprobantes/ea00db0facc2840777a99f5026d80313.pdf','54788aa247ee777c9b5e18c215c29351',1,1,'2023-12-21 12:26:14','2023-12-21 12:30:11'),(270,'Cutrin arredondo','Morena sol','DNI','44099969','soltero','F','2002-07-14 00:00:00','Alejandro korn','Argentina','Gonnet','157',NULL,NULL,2,'San vicente',179,'1864',NULL,'2224462411','Morecutrin14@gmail.com',1,NULL,NULL,'Bachiller','Ciencias sociales','Ensa',2020,8.00,0,NULL,NULL,NULL,NULL,NULL,NULL,NULL,NULL,NULL,NULL,NULL,NULL,NULL,NULL,NULL,NULL,NULL,'/comprobantes/26761197116d65429e12ded89cd14145.jpg','467b0cee52756a2def0ec4035e0e8e10',1,1,'2023-12-21 13:04:58','2023-12-22 15:47:38'),(271,'Demchum','Lautaro julian','DNI','39983401','soltero','M','1996-10-25 00:00:00','otraLocalidadN','Argentina','Rastreador Fournier','246',NULL,NULL,2,'Almirante brown',233,'1856',NULL,'1123977411','lautarodemchum@gmail.com',1,NULL,NULL,'Tecnico en informatica','Informatica','E.E.T N°2',2015,8.00,0,NULL,NULL,NULL,NULL,NULL,NULL,NULL,NULL,NULL,NULL,NULL,NULL,NULL,NULL,NULL,NULL,NULL,'/comprobantes/b061f85be8a4df807c001b3d380dde74.pdf','8b6d37c3f38fef9aed71a95dede4ecbb',1,1,'2023-12-21 23:24:08','2023-12-21 23:25:56'),(272,'Cuevas','Delfina celeste','DNI','46190504','soltero','F','2004-10-12 00:00:00','Guernica','Argentina','Lobo','1543','Casa','Casa',NULL,'Presidente Perón',NULL,'1962','1171542387','1160367557','cuevasceleste736@gmail.com',1,NULL,NULL,'Bachilleres','Arte y musiy','Secundaria 8',2022,7.08,1,NULL,NULL,NULL,NULL,NULL,NULL,NULL,NULL,NULL,NULL,NULL,NULL,NULL,NULL,NULL,NULL,NULL,NULL,'2c09990ca91ebd5c60c467ca762b7575',0,1,'2023-12-22 00:21:58','2023-12-22 00:21:58'),(273,'Canga','Luciano','DNI','45311779','soltero','M','2004-01-26 00:00:00','Domselaar','Argentina','Siena','463',NULL,NULL,2,'San Vicente',179,'1864','1136549764',NULL,'cangaezequiel@gmail.com',1,NULL,NULL,'Secundario','Ciencias sociales','Secundario número 6',2022,7.57,0,NULL,NULL,NULL,NULL,NULL,NULL,NULL,NULL,NULL,NULL,NULL,NULL,NULL,NULL,NULL,NULL,NULL,NULL,'43b91b8da54299a87f5c97cb0f084461',1,1,'2023-12-22 01:34:01','2023-12-22 01:40:23'),(274,'lezcano','lautaro nicolas','DNI','47092012','soltero','M','2006-03-10 00:00:00','San Vicente','Argentina','belgrano','1890',NULL,NULL,1,'san vicente',NULL,'1865',NULL,'2224541213','lautylezcano533@gmail.com',0,2,'comunicación y transformación y taller de producción de lenguaje',NULL,NULL,NULL,NULL,NULL,1,NULL,NULL,NULL,NULL,NULL,NULL,NULL,NULL,NULL,NULL,NULL,NULL,NULL,NULL,NULL,NULL,NULL,NULL,'fecd041493f69098539a2de6bdbe7cd8',1,1,'2023-12-22 02:02:57','2023-12-22 02:03:48'),(275,'Coronel','Adrian david ezequiel','DNI','47023325',NULL,'M','2006-02-05 00:00:00','Alejandro korn','Argentina','Baez','34',NULL,NULL,2,'San vicente',NULL,'1864','011 66689748',NULL,'addavidcoronel@gmail.com',0,0,'0',NULL,NULL,NULL,NULL,NULL,1,NULL,NULL,NULL,NULL,NULL,NULL,NULL,NULL,NULL,NULL,NULL,NULL,NULL,NULL,NULL,NULL,NULL,NULL,'1358374c91908f2e96d0c43bf98305af',1,1,'2023-12-22 03:52:12','2023-12-22 19:16:52'),(276,'Saavedra','Lucrecia','DNI','30480946','casado','F','1983-12-18 00:00:00','San Vicente','Argentina','Segundo sombra','302',NULL,NULL,2,'San Vicente',NULL,'1865','02224464692',NULL,'fernandasaavedra32.lfs@gmail.com',1,NULL,NULL,'Secundario','Gestion y administración de empresas','Cens 452',2023,8.00,1,NULL,NULL,NULL,NULL,NULL,NULL,NULL,NULL,NULL,NULL,NULL,NULL,NULL,NULL,NULL,NULL,NULL,NULL,'af7ec59d1d385ab119ff494053038879',1,1,'2023-12-22 13:10:40','2023-12-22 13:11:37'),(277,'Gonzalez','Silvia soledad','DNI','45227899','soltero','F','2003-07-29 00:00:00','otraLocalidadN','Argentina','Hipolito yrigoyen','28626',NULL,NULL,2,'Alejandro korn',179,'1864',NULL,'1162091386','solegon.2907@gmail.com',1,NULL,NULL,'Si','Ciencias naturales','Escuela secundaria N°2',2022,7.32,0,NULL,NULL,NULL,NULL,NULL,NULL,NULL,NULL,NULL,NULL,NULL,NULL,NULL,NULL,NULL,NULL,NULL,NULL,'8347641514b3806b70bffc07dbec0781',1,1,'2023-12-22 22:03:48','2023-12-23 15:23:31'),(278,'Lugo','Franco Ezequiel','DNI','46199858','soltero','M','2004-12-07 00:00:00','San Vicente','Argentina','Intendente ferrere','567',NULL,NULL,2,'San vicente',179,'1865',NULL,'2224449063','Mari.glory@hotmail.com',0,0,'0',NULL,NULL,NULL,NULL,NULL,1,NULL,NULL,NULL,NULL,NULL,NULL,NULL,NULL,NULL,NULL,NULL,NULL,NULL,NULL,NULL,NULL,NULL,'/comprobantes/f161013b2bdf52eafaeda5433db1e3c2.jpg','e11347d868d4044f711c5f76a4beefed',0,1,'2023-12-22 23:09:25','2023-12-22 23:09:25');
/*!40000 ALTER TABLE `alumnos` ENABLE KEYS */;
UNLOCK TABLES;

--
-- Table structure for table `carrera_anios`
--

DROP TABLE IF EXISTS `carrera_anios`;
/*!40101 SET @saved_cs_client     = @@character_set_client */;
/*!50503 SET character_set_client = utf8mb4 */;
CREATE TABLE `carrera_anios` (
  `id` bigint unsigned NOT NULL AUTO_INCREMENT,
  `carrera_anio` int NOT NULL,
  `cantidad_materias` int DEFAULT NULL,
  `cargar_horaria_completa` int DEFAULT NULL,
  `carrera_id` bigint unsigned NOT NULL,
  `created_at` timestamp NULL DEFAULT NULL,
  `updated_at` timestamp NULL DEFAULT NULL,
  PRIMARY KEY (`id`),
  KEY `carrera_anios_carrera_id_foreign` (`carrera_id`),
  CONSTRAINT `carrera_anios_carrera_id_foreign` FOREIGN KEY (`carrera_id`) REFERENCES `carreras` (`id`) ON DELETE CASCADE
) ENGINE=InnoDB AUTO_INCREMENT=20 DEFAULT CHARSET=utf8mb3 COLLATE=utf8mb3_unicode_ci;
/*!40101 SET character_set_client = @saved_cs_client */;

--
-- Dumping data for table `carrera_anios`
--

LOCK TABLES `carrera_anios` WRITE;
/*!40000 ALTER TABLE `carrera_anios` DISABLE KEYS */;
INSERT INTO `carrera_anios` VALUES (1,1,10,640,1,'2023-11-30 07:25:38','2023-11-30 07:25:38'),(2,2,10,576,1,'2023-11-30 07:25:38','2023-11-30 07:25:38'),(3,3,9,608,1,'2023-11-30 07:25:38','2023-11-30 07:25:38'),(4,1,10,640,2,'2023-11-30 07:28:41','2023-11-30 07:28:41'),(5,2,10,576,2,'2023-11-30 07:28:41','2023-11-30 07:28:41'),(6,3,9,608,2,'2023-11-30 07:28:41','2023-11-30 07:28:41'),(7,1,10,608,3,'2023-11-30 07:31:12','2023-11-30 07:31:12'),(8,2,10,608,3,'2023-11-30 07:31:12','2023-11-30 07:31:12'),(9,3,8,576,3,'2023-11-30 07:31:12','2023-11-30 07:31:12'),(10,1,8,640,4,'2023-11-30 07:31:37','2023-11-30 07:31:37'),(11,2,9,640,4,'2023-11-30 07:31:37','2023-11-30 07:31:37'),(12,3,7,544,4,'2023-11-30 07:31:37','2023-11-30 07:31:37'),(13,1,8,608,5,'2023-11-30 07:33:49','2023-11-30 07:33:49'),(14,2,8,672,5,'2023-11-30 07:33:49','2023-11-30 07:33:49'),(15,3,6,672,5,'2023-11-30 07:33:49','2023-11-30 07:33:49'),(16,1,7,736,6,'2023-11-30 07:47:46','2023-11-30 07:47:46'),(17,2,8,736,6,'2023-11-30 07:47:46','2023-11-30 07:47:46'),(18,3,6,676,6,'2023-11-30 07:47:46','2023-11-30 07:47:46'),(19,1,NULL,NULL,7,'2023-11-30 07:50:27','2023-11-30 07:50:27');
/*!40000 ALTER TABLE `carrera_anios` ENABLE KEYS */;
UNLOCK TABLES;

--
-- Table structure for table `carrera_estados`
--

DROP TABLE IF EXISTS `carrera_estados`;
/*!40101 SET @saved_cs_client     = @@character_set_client */;
/*!50503 SET character_set_client = utf8mb4 */;
CREATE TABLE `carrera_estados` (
  `id` bigint unsigned NOT NULL AUTO_INCREMENT,
  `descripcion` varchar(25) CHARACTER SET utf8mb3 COLLATE utf8mb3_unicode_ci NOT NULL,
  `created_at` timestamp NULL DEFAULT NULL,
  `updated_at` timestamp NULL DEFAULT NULL,
  PRIMARY KEY (`id`)
) ENGINE=InnoDB AUTO_INCREMENT=4 DEFAULT CHARSET=utf8mb3 COLLATE=utf8mb3_unicode_ci;
/*!40101 SET character_set_client = @saved_cs_client */;

--
-- Dumping data for table `carrera_estados`
--

LOCK TABLES `carrera_estados` WRITE;
/*!40000 ALTER TABLE `carrera_estados` DISABLE KEYS */;
INSERT INTO `carrera_estados` VALUES (1,'Borrador','2023-11-30 06:32:28','2023-11-30 06:32:28'),(2,'Activa','2023-11-30 06:32:28','2023-11-30 06:32:28'),(3,'Inactiva','2023-11-30 06:32:28','2023-11-30 06:32:28');
/*!40000 ALTER TABLE `carrera_estados` ENABLE KEYS */;
UNLOCK TABLES;

--
-- Table structure for table `carreras`
--

DROP TABLE IF EXISTS `carreras`;
/*!40101 SET @saved_cs_client     = @@character_set_client */;
/*!50503 SET character_set_client = utf8mb4 */;
CREATE TABLE `carreras` (
  `id` bigint unsigned NOT NULL AUTO_INCREMENT,
  `titulo` varchar(255) CHARACTER SET utf8mb3 COLLATE utf8mb3_unicode_ci NOT NULL,
  `nombre` varchar(255) CHARACTER SET utf8mb3 COLLATE utf8mb3_unicode_ci NOT NULL,
  `descripcion_corta` varchar(50) CHARACTER SET utf8mb3 COLLATE utf8mb3_unicode_ci DEFAULT NULL,
  `jefe_catedra` varchar(50) CHARACTER SET utf8mb3 COLLATE utf8mb3_unicode_ci DEFAULT NULL,
  `anio_inicio` int NOT NULL,
  `anio_fin` int DEFAULT NULL,
  `archivo_plan_studio` varchar(255) CHARACTER SET utf8mb3 COLLATE utf8mb3_unicode_ci DEFAULT NULL,
  `archivo_correlatividades` varchar(255) CHARACTER SET utf8mb3 COLLATE utf8mb3_unicode_ci DEFAULT NULL,
  `imagen_descriptiva` varchar(255) CHARACTER SET utf8mb3 COLLATE utf8mb3_unicode_ci DEFAULT NULL,
  `numero_expediente` varchar(50) CHARACTER SET utf8mb3 COLLATE utf8mb3_unicode_ci DEFAULT NULL,
  `numero_resolucion` varchar(50) CHARACTER SET utf8mb3 COLLATE utf8mb3_unicode_ci DEFAULT NULL,
  `numero_institucion` int DEFAULT NULL,
  `cantidad_horas` int NOT NULL,
  `duracion` int NOT NULL,
  `carrera_estado_id` bigint unsigned NOT NULL,
  `active` tinyint(1) NOT NULL,
  `mostrar_inscipcion` tinyint(1) NOT NULL DEFAULT '1',
  `created_at` timestamp NULL DEFAULT NULL,
  `updated_at` timestamp NULL DEFAULT NULL,
  PRIMARY KEY (`id`),
  KEY `carreras_carrera_estado_id_foreign` (`carrera_estado_id`),
  CONSTRAINT `carreras_carrera_estado_id_foreign` FOREIGN KEY (`carrera_estado_id`) REFERENCES `carrera_estados` (`id`) ON DELETE CASCADE
) ENGINE=InnoDB AUTO_INCREMENT=8 DEFAULT CHARSET=utf8mb3 COLLATE=utf8mb3_unicode_ci;
/*!40101 SET character_set_client = @saved_cs_client */;

--
-- Dumping data for table `carreras`
--

LOCK TABLES `carreras` WRITE;
/*!40000 ALTER TABLE `carreras` DISABLE KEYS */;
INSERT INTO `carreras` VALUES (1,'Técnico Superior en Administración con Orientación en Marketing','Tecnicatura Superior en Administración con orientación en Marketing','Marketing',NULL,2003,NULL,NULL,NULL,NULL,'5812-3.413.043/99','5834/03',93,1824,3,2,1,1,'2023-11-30 06:38:06','2023-11-30 06:38:06'),(2,'Técnico Superior en Administración Contable','Tecnicatura Superior en Administración Contable','Administración Contable',NULL,2003,NULL,NULL,NULL,NULL,'5812-3.143.043/99','273/03',93,1824,3,2,1,1,'2023-11-30 06:38:06','2023-11-30 06:38:06'),(3,'Técnico Superior en Administración Pública','Tecnicatura Superior en Administración Pública','Administración Pública',NULL,2009,NULL,NULL,NULL,NULL,'5812-2.815.977/07','8/09',93,1824,3,2,1,1,'2023-11-30 06:38:06','2023-11-30 06:38:06'),(4,'Técnico Analista Programador en Desarrollo de Aplicaciones','Tecnicatura Superior en Análisis, Desarrollo y Programación de Aplicaciones','Sistemas',NULL,2003,NULL,NULL,NULL,NULL,'5801-3.279.866/03','6175/03',93,1824,3,2,1,1,'2023-11-30 06:38:06','2023-11-30 06:38:06'),(5,'Técnico Superior en Guía de Turismo','Tecnicatura Superior En Guía De Turismo','Turismo',NULL,2020,NULL,NULL,NULL,NULL,'26798134','2684/20',93,1952,3,2,1,1,'2023-11-30 06:38:06','2023-11-30 06:38:06'),(6,'Enfermero','Tecnicatura Superior en Enfermería','Enfermería',NULL,2016,NULL,NULL,NULL,NULL,'5801-1155546/16','854/16',3931,2148,3,2,1,1,'2023-11-30 07:12:45','2023-11-30 07:12:45'),(7,'Técnico Superior en Prácticas Deportivas','Tecnicatura Superior en Prácticas Deportivas','Prácticas Deportivas',NULL,2020,NULL,NULL,NULL,NULL,NULL,'2786/20',93,2148,3,2,1,0,'2023-11-30 07:21:44','2023-11-30 07:21:44');
/*!40000 ALTER TABLE `carreras` ENABLE KEYS */;
UNLOCK TABLES;

--
-- Table structure for table `ciclo_lectivos`
--

DROP TABLE IF EXISTS `ciclo_lectivos`;
/*!40101 SET @saved_cs_client     = @@character_set_client */;
/*!50503 SET character_set_client = utf8mb4 */;
CREATE TABLE `ciclo_lectivos` (
  `id` bigint unsigned NOT NULL AUTO_INCREMENT,
  `anio_lectivo` int NOT NULL,
  `cantidad_semana` int NOT NULL,
  `fecha_inicio` date DEFAULT NULL,
  `fecha_cierre` date DEFAULT NULL,
  `fecha_inscripcion_inicio` date DEFAULT NULL,
  `fecha_inscripcion_cierre` date DEFAULT NULL,
  `fecha_marzo_inicio` date DEFAULT NULL,
  `fecha_marzo_cierre` date DEFAULT NULL,
  `fecha_junio_inicio` date DEFAULT NULL,
  `fecha_junio_cierre` date DEFAULT NULL,
  `fecha_diciembre_inicio` date DEFAULT NULL,
  `fecha_diciembre_cierre` date DEFAULT NULL,
  `fecha_especial_inicio` date DEFAULT NULL,
  `fecha_especial_cierre` date DEFAULT NULL,
  `created_at` timestamp NULL DEFAULT NULL,
  `updated_at` timestamp NULL DEFAULT NULL,
  PRIMARY KEY (`id`),
  UNIQUE KEY `ciclo_lectivos_anio_lectivo_unique` (`anio_lectivo`)
) ENGINE=InnoDB AUTO_INCREMENT=2 DEFAULT CHARSET=utf8mb3 COLLATE=utf8mb3_unicode_ci;
/*!40101 SET character_set_client = @saved_cs_client */;

--
-- Dumping data for table `ciclo_lectivos`
--

LOCK TABLES `ciclo_lectivos` WRITE;
/*!40000 ALTER TABLE `ciclo_lectivos` DISABLE KEYS */;
INSERT INTO `ciclo_lectivos` VALUES (1,2024,100,NULL,NULL,NULL,NULL,NULL,NULL,NULL,NULL,NULL,NULL,NULL,NULL,'2023-11-30 05:14:00','2023-11-30 05:14:00');
/*!40000 ALTER TABLE `ciclo_lectivos` ENABLE KEYS */;
UNLOCK TABLES;

--
-- Table structure for table `cursada_alumnos`
--

DROP TABLE IF EXISTS `cursada_alumnos`;
/*!40101 SET @saved_cs_client     = @@character_set_client */;
/*!50503 SET character_set_client = utf8mb4 */;
CREATE TABLE `cursada_alumnos` (
  `id` bigint unsigned NOT NULL AUTO_INCREMENT,
  `alumno_carrera_id` bigint unsigned NOT NULL,
  `cursada_id` bigint unsigned NOT NULL,
  `ciclo_lectivo_id` bigint unsigned NOT NULL,
  `cursada_estado_id` bigint unsigned NOT NULL,
  `horas_cursadas` int DEFAULT NULL,
  `ultimo_presentismo` date DEFAULT NULL,
  `porcentaje_presentismo` decimal(8,2) DEFAULT NULL,
  `active` tinyint(1) NOT NULL,
  `created_at` timestamp NULL DEFAULT NULL,
  `updated_at` timestamp NULL DEFAULT NULL,
  PRIMARY KEY (`id`),
  KEY `cursada_alumnos_alumno_carrera_id_foreign` (`alumno_carrera_id`),
  KEY `cursada_alumnos_cursada_id_foreign` (`cursada_id`),
  KEY `cursada_alumnos_ciclo_lectivo_id_foreign` (`ciclo_lectivo_id`),
  KEY `cursada_alumnos_cursada_estado_id_foreign` (`cursada_estado_id`),
  CONSTRAINT `cursada_alumnos_alumno_carrera_id_foreign` FOREIGN KEY (`alumno_carrera_id`) REFERENCES `alumno_carreras` (`id`) ON DELETE CASCADE,
  CONSTRAINT `cursada_alumnos_ciclo_lectivo_id_foreign` FOREIGN KEY (`ciclo_lectivo_id`) REFERENCES `ciclo_lectivos` (`id`) ON DELETE CASCADE,
  CONSTRAINT `cursada_alumnos_cursada_estado_id_foreign` FOREIGN KEY (`cursada_estado_id`) REFERENCES `cursada_estados` (`id`) ON DELETE CASCADE,
  CONSTRAINT `cursada_alumnos_cursada_id_foreign` FOREIGN KEY (`cursada_id`) REFERENCES `cursadas` (`id`) ON DELETE CASCADE
) ENGINE=InnoDB DEFAULT CHARSET=utf8mb3 COLLATE=utf8mb3_unicode_ci;
/*!40101 SET character_set_client = @saved_cs_client */;

--
-- Dumping data for table `cursada_alumnos`
--

LOCK TABLES `cursada_alumnos` WRITE;
/*!40000 ALTER TABLE `cursada_alumnos` DISABLE KEYS */;
/*!40000 ALTER TABLE `cursada_alumnos` ENABLE KEYS */;
UNLOCK TABLES;

--
-- Table structure for table `cursada_estados`
--

DROP TABLE IF EXISTS `cursada_estados`;
/*!40101 SET @saved_cs_client     = @@character_set_client */;
/*!50503 SET character_set_client = utf8mb4 */;
CREATE TABLE `cursada_estados` (
  `id` bigint unsigned NOT NULL AUTO_INCREMENT,
  `descripcion` varchar(50) CHARACTER SET utf8mb3 COLLATE utf8mb3_unicode_ci NOT NULL,
  `created_at` timestamp NULL DEFAULT NULL,
  `updated_at` timestamp NULL DEFAULT NULL,
  PRIMARY KEY (`id`)
) ENGINE=InnoDB DEFAULT CHARSET=utf8mb3 COLLATE=utf8mb3_unicode_ci;
/*!40101 SET character_set_client = @saved_cs_client */;

--
-- Dumping data for table `cursada_estados`
--

LOCK TABLES `cursada_estados` WRITE;
/*!40000 ALTER TABLE `cursada_estados` DISABLE KEYS */;
/*!40000 ALTER TABLE `cursada_estados` ENABLE KEYS */;
UNLOCK TABLES;

--
-- Table structure for table `cursadas`
--

DROP TABLE IF EXISTS `cursadas`;
/*!40101 SET @saved_cs_client     = @@character_set_client */;
/*!50503 SET character_set_client = utf8mb4 */;
CREATE TABLE `cursadas` (
  `id` bigint unsigned NOT NULL AUTO_INCREMENT,
  `curso_materia_id` bigint unsigned NOT NULL,
  `ciclo_lectivo_id` bigint unsigned NOT NULL,
  `cantidad_alumnos` int DEFAULT NULL,
  `cantidad_alumnos_recursantes` int DEFAULT NULL,
  `cantidad_alumnos_desertores` int DEFAULT NULL,
  `hora_catedra` int DEFAULT NULL,
  `fecha_asistencia` date DEFAULT NULL,
  `porcentaje_asistencia` decimal(18,2) DEFAULT NULL,
  `created_at` timestamp NULL DEFAULT NULL,
  `updated_at` timestamp NULL DEFAULT NULL,
  PRIMARY KEY (`id`),
  KEY `cursadas_curso_materia_id_foreign` (`curso_materia_id`),
  KEY `cursadas_ciclo_lectivo_id_foreign` (`ciclo_lectivo_id`),
  CONSTRAINT `cursadas_ciclo_lectivo_id_foreign` FOREIGN KEY (`ciclo_lectivo_id`) REFERENCES `ciclo_lectivos` (`id`) ON DELETE CASCADE,
  CONSTRAINT `cursadas_curso_materia_id_foreign` FOREIGN KEY (`curso_materia_id`) REFERENCES `curso_materias` (`id`) ON DELETE CASCADE
) ENGINE=InnoDB AUTO_INCREMENT=256 DEFAULT CHARSET=utf8mb3 COLLATE=utf8mb3_unicode_ci;
/*!40101 SET character_set_client = @saved_cs_client */;

--
-- Dumping data for table `cursadas`
--

LOCK TABLES `cursadas` WRITE;
/*!40000 ALTER TABLE `cursadas` DISABLE KEYS */;
INSERT INTO `cursadas` VALUES (1,1,1,NULL,NULL,NULL,NULL,NULL,NULL,'2023-11-30 06:39:15','2023-11-30 06:39:15'),(2,2,1,NULL,NULL,NULL,NULL,NULL,NULL,'2023-11-30 06:39:15','2023-11-30 06:39:15'),(3,3,1,NULL,NULL,NULL,NULL,NULL,NULL,'2023-11-30 06:39:15','2023-11-30 06:39:15'),(4,4,1,NULL,NULL,NULL,NULL,NULL,NULL,'2023-11-30 06:39:15','2023-11-30 06:39:15'),(5,5,1,NULL,NULL,NULL,NULL,NULL,NULL,'2023-11-30 06:39:15','2023-11-30 06:39:15'),(6,6,1,NULL,NULL,NULL,NULL,NULL,NULL,'2023-11-30 06:39:15','2023-11-30 06:39:15'),(7,7,1,NULL,NULL,NULL,NULL,NULL,NULL,'2023-11-30 06:39:15','2023-11-30 06:39:15'),(8,8,1,NULL,NULL,NULL,NULL,NULL,NULL,'2023-11-30 06:39:15','2023-11-30 06:39:15'),(9,9,1,NULL,NULL,NULL,NULL,NULL,NULL,'2023-11-30 06:39:15','2023-11-30 06:39:15'),(10,10,1,NULL,NULL,NULL,NULL,NULL,NULL,'2023-11-30 06:39:15','2023-11-30 06:39:15'),(11,11,1,NULL,NULL,NULL,NULL,NULL,NULL,'2023-11-30 06:39:15','2023-11-30 06:39:15'),(12,12,1,NULL,NULL,NULL,NULL,NULL,NULL,'2023-11-30 06:39:15','2023-11-30 06:39:15'),(13,13,1,NULL,NULL,NULL,NULL,NULL,NULL,'2023-11-30 06:39:15','2023-11-30 06:39:15'),(14,14,1,NULL,NULL,NULL,NULL,NULL,NULL,'2023-11-30 06:39:15','2023-11-30 06:39:15'),(15,15,1,NULL,NULL,NULL,NULL,NULL,NULL,'2023-11-30 06:39:15','2023-11-30 06:39:15'),(16,16,1,NULL,NULL,NULL,NULL,NULL,NULL,'2023-11-30 06:39:15','2023-11-30 06:39:15'),(17,17,1,NULL,NULL,NULL,NULL,NULL,NULL,'2023-11-30 06:39:15','2023-11-30 06:39:15'),(18,18,1,NULL,NULL,NULL,NULL,NULL,NULL,'2023-11-30 06:39:15','2023-11-30 06:39:15'),(19,19,1,NULL,NULL,NULL,NULL,NULL,NULL,'2023-11-30 06:39:15','2023-11-30 06:39:15'),(20,20,1,NULL,NULL,NULL,NULL,NULL,NULL,'2023-11-30 06:39:15','2023-11-30 06:39:15'),(21,21,1,NULL,NULL,NULL,NULL,NULL,NULL,'2023-11-30 06:39:15','2023-11-30 06:39:15'),(22,22,1,NULL,NULL,NULL,NULL,NULL,NULL,'2023-11-30 06:39:15','2023-11-30 06:39:15'),(23,23,1,NULL,NULL,NULL,NULL,NULL,NULL,'2023-11-30 06:39:15','2023-11-30 06:39:15'),(24,24,1,NULL,NULL,NULL,NULL,NULL,NULL,'2023-11-30 06:39:15','2023-11-30 06:39:15'),(25,25,1,NULL,NULL,NULL,NULL,NULL,NULL,'2023-11-30 06:39:15','2023-11-30 06:39:15'),(26,26,1,NULL,NULL,NULL,NULL,NULL,NULL,'2023-11-30 06:39:15','2023-11-30 06:39:15'),(27,27,1,NULL,NULL,NULL,NULL,NULL,NULL,'2023-11-30 06:39:15','2023-11-30 06:39:15'),(28,28,1,NULL,NULL,NULL,NULL,NULL,NULL,'2023-11-30 06:39:15','2023-11-30 06:39:15'),(29,29,1,NULL,NULL,NULL,NULL,NULL,NULL,'2023-11-30 06:39:15','2023-11-30 06:39:15'),(30,30,1,NULL,NULL,NULL,NULL,NULL,NULL,'2023-11-30 06:39:15','2023-11-30 06:39:15'),(31,31,1,NULL,NULL,NULL,NULL,NULL,NULL,'2023-11-30 06:39:15','2023-11-30 06:39:15'),(32,32,1,NULL,NULL,NULL,NULL,NULL,NULL,'2023-11-30 06:39:15','2023-11-30 06:39:15'),(33,33,1,NULL,NULL,NULL,NULL,NULL,NULL,'2023-11-30 06:39:15','2023-11-30 06:39:15'),(34,34,1,NULL,NULL,NULL,NULL,NULL,NULL,'2023-11-30 06:39:15','2023-11-30 06:39:15'),(35,35,1,NULL,NULL,NULL,NULL,NULL,NULL,'2023-11-30 06:39:15','2023-11-30 06:39:15'),(36,36,1,NULL,NULL,NULL,NULL,NULL,NULL,'2023-11-30 06:39:15','2023-11-30 06:39:15'),(37,37,1,NULL,NULL,NULL,NULL,NULL,NULL,'2023-11-30 06:39:15','2023-11-30 06:39:15'),(38,38,1,NULL,NULL,NULL,NULL,NULL,NULL,'2023-11-30 06:39:15','2023-11-30 06:39:15'),(39,39,1,NULL,NULL,NULL,NULL,NULL,NULL,'2023-11-30 06:39:15','2023-11-30 06:39:15'),(40,40,1,NULL,NULL,NULL,NULL,NULL,NULL,'2023-11-30 06:39:15','2023-11-30 06:39:15'),(41,41,1,NULL,NULL,NULL,NULL,NULL,NULL,'2023-11-30 06:39:15','2023-11-30 06:39:15'),(42,42,1,NULL,NULL,NULL,NULL,NULL,NULL,'2023-11-30 06:39:15','2023-11-30 06:39:15'),(43,43,1,NULL,NULL,NULL,NULL,NULL,NULL,'2023-11-30 06:39:15','2023-11-30 06:39:15'),(44,44,1,NULL,NULL,NULL,NULL,NULL,NULL,'2023-11-30 06:39:15','2023-11-30 06:39:15'),(45,45,1,NULL,NULL,NULL,NULL,NULL,NULL,'2023-11-30 06:39:15','2023-11-30 06:39:15'),(46,46,1,NULL,NULL,NULL,NULL,NULL,NULL,'2023-11-30 06:39:15','2023-11-30 06:39:15'),(47,47,1,NULL,NULL,NULL,NULL,NULL,NULL,'2023-11-30 06:39:15','2023-11-30 06:39:15'),(48,48,1,NULL,NULL,NULL,NULL,NULL,NULL,'2023-11-30 06:39:15','2023-11-30 06:39:15'),(49,49,1,NULL,NULL,NULL,NULL,NULL,NULL,'2023-11-30 06:39:15','2023-11-30 06:39:15'),(50,50,1,NULL,NULL,NULL,NULL,NULL,NULL,'2023-11-30 06:39:15','2023-11-30 06:39:15'),(51,51,1,NULL,NULL,NULL,NULL,NULL,NULL,'2023-11-30 06:39:15','2023-11-30 06:39:15'),(52,52,1,NULL,NULL,NULL,NULL,NULL,NULL,'2023-11-30 06:39:15','2023-11-30 06:39:15'),(53,53,1,NULL,NULL,NULL,NULL,NULL,NULL,'2023-11-30 06:39:15','2023-11-30 06:39:15'),(54,54,1,NULL,NULL,NULL,NULL,NULL,NULL,'2023-11-30 06:39:15','2023-11-30 06:39:15'),(55,55,1,NULL,NULL,NULL,NULL,NULL,NULL,'2023-11-30 06:39:15','2023-11-30 06:39:15'),(56,56,1,NULL,NULL,NULL,NULL,NULL,NULL,'2023-11-30 06:39:15','2023-11-30 06:39:15'),(57,57,1,NULL,NULL,NULL,NULL,NULL,NULL,'2023-11-30 06:39:15','2023-11-30 06:39:15'),(58,58,1,NULL,NULL,NULL,NULL,NULL,NULL,'2023-11-30 06:39:15','2023-11-30 06:39:15'),(59,59,1,NULL,NULL,NULL,NULL,NULL,NULL,'2023-11-30 06:39:15','2023-11-30 06:39:15'),(60,60,1,NULL,NULL,NULL,NULL,NULL,NULL,'2023-11-30 06:39:15','2023-11-30 06:39:15'),(61,61,1,NULL,NULL,NULL,NULL,NULL,NULL,'2023-11-30 06:39:15','2023-11-30 06:39:15'),(62,62,1,NULL,NULL,NULL,NULL,NULL,NULL,'2023-11-30 06:39:15','2023-11-30 06:39:15'),(63,63,1,NULL,NULL,NULL,NULL,NULL,NULL,'2023-11-30 06:39:15','2023-11-30 06:39:15'),(64,64,1,NULL,NULL,NULL,NULL,NULL,NULL,'2023-11-30 06:39:15','2023-11-30 06:39:15'),(65,65,1,NULL,NULL,NULL,NULL,NULL,NULL,'2023-11-30 06:39:15','2023-11-30 06:39:15'),(66,66,1,NULL,NULL,NULL,NULL,NULL,NULL,'2023-11-30 06:39:15','2023-11-30 06:39:15'),(67,67,1,NULL,NULL,NULL,NULL,NULL,NULL,'2023-11-30 06:39:15','2023-11-30 06:39:15'),(68,68,1,NULL,NULL,NULL,NULL,NULL,NULL,'2023-11-30 06:39:15','2023-11-30 06:39:15'),(69,69,1,NULL,NULL,NULL,NULL,NULL,NULL,'2023-11-30 06:39:15','2023-11-30 06:39:15'),(70,70,1,NULL,NULL,NULL,NULL,NULL,NULL,'2023-11-30 06:39:15','2023-11-30 06:39:15'),(71,71,1,NULL,NULL,NULL,NULL,NULL,NULL,'2023-11-30 06:39:15','2023-11-30 06:39:15'),(72,72,1,NULL,NULL,NULL,NULL,NULL,NULL,'2023-11-30 06:39:15','2023-11-30 06:39:15'),(73,73,1,NULL,NULL,NULL,NULL,NULL,NULL,'2023-11-30 06:39:15','2023-11-30 06:39:15'),(74,74,1,NULL,NULL,NULL,NULL,NULL,NULL,'2023-11-30 06:39:15','2023-11-30 06:39:15'),(75,75,1,NULL,NULL,NULL,NULL,NULL,NULL,'2023-11-30 06:39:15','2023-11-30 06:39:15'),(76,76,1,NULL,NULL,NULL,NULL,NULL,NULL,'2023-11-30 06:39:15','2023-11-30 06:39:15'),(77,77,1,NULL,NULL,NULL,NULL,NULL,NULL,'2023-11-30 06:39:15','2023-11-30 06:39:15'),(78,78,1,NULL,NULL,NULL,NULL,NULL,NULL,'2023-11-30 06:39:15','2023-11-30 06:39:15'),(79,79,1,NULL,NULL,NULL,NULL,NULL,NULL,'2023-11-30 06:39:15','2023-11-30 06:39:15'),(80,80,1,NULL,NULL,NULL,NULL,NULL,NULL,'2023-11-30 06:39:15','2023-11-30 06:39:15'),(81,81,1,NULL,NULL,NULL,NULL,NULL,NULL,'2023-11-30 06:39:15','2023-11-30 06:39:15'),(82,82,1,NULL,NULL,NULL,NULL,NULL,NULL,'2023-11-30 06:39:15','2023-11-30 06:39:15'),(83,83,1,NULL,NULL,NULL,NULL,NULL,NULL,'2023-11-30 06:39:15','2023-11-30 06:39:15'),(84,84,1,NULL,NULL,NULL,NULL,NULL,NULL,'2023-11-30 06:39:15','2023-11-30 06:39:15'),(85,85,1,NULL,NULL,NULL,NULL,NULL,NULL,'2023-11-30 06:39:15','2023-11-30 06:39:15'),(86,86,1,NULL,NULL,NULL,NULL,NULL,NULL,'2023-11-30 06:39:15','2023-11-30 06:39:15'),(87,87,1,NULL,NULL,NULL,NULL,NULL,NULL,'2023-11-30 06:39:15','2023-11-30 06:39:15'),(88,95,1,NULL,NULL,NULL,NULL,NULL,NULL,'2023-11-30 06:39:15','2023-11-30 06:39:15'),(89,103,1,NULL,NULL,NULL,NULL,NULL,NULL,'2023-11-30 06:39:15','2023-11-30 06:39:15'),(90,88,1,NULL,NULL,NULL,NULL,NULL,NULL,'2023-11-30 06:39:15','2023-11-30 06:39:15'),(91,96,1,NULL,NULL,NULL,NULL,NULL,NULL,'2023-11-30 06:39:15','2023-11-30 06:39:15'),(92,104,1,NULL,NULL,NULL,NULL,NULL,NULL,'2023-11-30 06:39:15','2023-11-30 06:39:15'),(93,89,1,NULL,NULL,NULL,NULL,NULL,NULL,'2023-11-30 06:39:15','2023-11-30 06:39:15'),(94,97,1,NULL,NULL,NULL,NULL,NULL,NULL,'2023-11-30 06:39:15','2023-11-30 06:39:15'),(95,105,1,NULL,NULL,NULL,NULL,NULL,NULL,'2023-11-30 06:39:15','2023-11-30 06:39:15'),(96,90,1,NULL,NULL,NULL,NULL,NULL,NULL,'2023-11-30 06:39:15','2023-11-30 06:39:15'),(97,98,1,NULL,NULL,NULL,NULL,NULL,NULL,'2023-11-30 06:39:15','2023-11-30 06:39:15'),(98,106,1,NULL,NULL,NULL,NULL,NULL,NULL,'2023-11-30 06:39:15','2023-11-30 06:39:15'),(99,91,1,NULL,NULL,NULL,NULL,NULL,NULL,'2023-11-30 06:39:15','2023-11-30 06:39:15'),(100,99,1,NULL,NULL,NULL,NULL,NULL,NULL,'2023-11-30 06:39:15','2023-11-30 06:39:15'),(101,107,1,NULL,NULL,NULL,NULL,NULL,NULL,'2023-11-30 06:39:15','2023-11-30 06:39:15'),(102,92,1,NULL,NULL,NULL,NULL,NULL,NULL,'2023-11-30 06:39:15','2023-11-30 06:39:15'),(103,100,1,NULL,NULL,NULL,NULL,NULL,NULL,'2023-11-30 06:39:15','2023-11-30 06:39:15'),(104,108,1,NULL,NULL,NULL,NULL,NULL,NULL,'2023-11-30 06:39:15','2023-11-30 06:39:15'),(105,93,1,NULL,NULL,NULL,NULL,NULL,NULL,'2023-11-30 06:39:15','2023-11-30 06:39:15'),(106,101,1,NULL,NULL,NULL,NULL,NULL,NULL,'2023-11-30 06:39:15','2023-11-30 06:39:15'),(107,109,1,NULL,NULL,NULL,NULL,NULL,NULL,'2023-11-30 06:39:15','2023-11-30 06:39:15'),(108,94,1,NULL,NULL,NULL,NULL,NULL,NULL,'2023-11-30 06:39:15','2023-11-30 06:39:15'),(109,102,1,NULL,NULL,NULL,NULL,NULL,NULL,'2023-11-30 06:39:15','2023-11-30 06:39:15'),(110,110,1,NULL,NULL,NULL,NULL,NULL,NULL,'2023-11-30 06:39:15','2023-11-30 06:39:15'),(111,111,1,NULL,NULL,NULL,NULL,NULL,NULL,'2023-11-30 06:39:15','2023-11-30 06:39:15'),(112,120,1,NULL,NULL,NULL,NULL,NULL,NULL,'2023-11-30 06:39:15','2023-11-30 06:39:15'),(113,112,1,NULL,NULL,NULL,NULL,NULL,NULL,'2023-11-30 06:39:15','2023-11-30 06:39:15'),(114,121,1,NULL,NULL,NULL,NULL,NULL,NULL,'2023-11-30 06:39:15','2023-11-30 06:39:15'),(115,113,1,NULL,NULL,NULL,NULL,NULL,NULL,'2023-11-30 06:39:15','2023-11-30 06:39:15'),(116,122,1,NULL,NULL,NULL,NULL,NULL,NULL,'2023-11-30 06:39:15','2023-11-30 06:39:15'),(117,114,1,NULL,NULL,NULL,NULL,NULL,NULL,'2023-11-30 06:39:15','2023-11-30 06:39:15'),(118,123,1,NULL,NULL,NULL,NULL,NULL,NULL,'2023-11-30 06:39:15','2023-11-30 06:39:15'),(119,115,1,NULL,NULL,NULL,NULL,NULL,NULL,'2023-11-30 06:39:15','2023-11-30 06:39:15'),(120,124,1,NULL,NULL,NULL,NULL,NULL,NULL,'2023-11-30 06:39:15','2023-11-30 06:39:15'),(121,116,1,NULL,NULL,NULL,NULL,NULL,NULL,'2023-11-30 06:39:15','2023-11-30 06:39:15'),(122,125,1,NULL,NULL,NULL,NULL,NULL,NULL,'2023-11-30 06:39:15','2023-11-30 06:39:15'),(123,117,1,NULL,NULL,NULL,NULL,NULL,NULL,'2023-11-30 06:39:15','2023-11-30 06:39:15'),(124,126,1,NULL,NULL,NULL,NULL,NULL,NULL,'2023-11-30 06:39:15','2023-11-30 06:39:15'),(125,118,1,NULL,NULL,NULL,NULL,NULL,NULL,'2023-11-30 06:39:15','2023-11-30 06:39:15'),(126,127,1,NULL,NULL,NULL,NULL,NULL,NULL,'2023-11-30 06:39:15','2023-11-30 06:39:15'),(127,119,1,NULL,NULL,NULL,NULL,NULL,NULL,'2023-11-30 06:39:15','2023-11-30 06:39:15'),(128,128,1,NULL,NULL,NULL,NULL,NULL,NULL,'2023-11-30 06:39:15','2023-11-30 06:39:15'),(129,129,1,NULL,NULL,NULL,NULL,NULL,NULL,'2023-11-30 06:39:15','2023-11-30 06:39:15'),(130,130,1,NULL,NULL,NULL,NULL,NULL,NULL,'2023-11-30 06:39:15','2023-11-30 06:39:15'),(131,131,1,NULL,NULL,NULL,NULL,NULL,NULL,'2023-11-30 06:39:15','2023-11-30 06:39:15'),(132,132,1,NULL,NULL,NULL,NULL,NULL,NULL,'2023-11-30 06:39:15','2023-11-30 06:39:15'),(133,133,1,NULL,NULL,NULL,NULL,NULL,NULL,'2023-11-30 06:39:15','2023-11-30 06:39:15'),(134,134,1,NULL,NULL,NULL,NULL,NULL,NULL,'2023-11-30 06:39:15','2023-11-30 06:39:15'),(135,135,1,NULL,NULL,NULL,NULL,NULL,NULL,'2023-11-30 06:39:15','2023-11-30 06:39:15'),(136,136,1,NULL,NULL,NULL,NULL,NULL,NULL,'2023-11-30 06:39:15','2023-11-30 06:39:15'),(137,137,1,NULL,NULL,NULL,NULL,NULL,NULL,'2023-11-30 06:39:15','2023-11-30 06:39:15'),(138,138,1,NULL,NULL,NULL,NULL,NULL,NULL,'2023-11-30 06:39:15','2023-11-30 06:39:15'),(139,139,1,NULL,NULL,NULL,NULL,NULL,NULL,'2023-11-30 06:39:15','2023-11-30 06:39:15'),(140,140,1,NULL,NULL,NULL,NULL,NULL,NULL,'2023-11-30 06:39:15','2023-11-30 06:39:15'),(141,141,1,NULL,NULL,NULL,NULL,NULL,NULL,'2023-11-30 06:39:15','2023-11-30 06:39:15'),(142,142,1,NULL,NULL,NULL,NULL,NULL,NULL,'2023-11-30 06:39:15','2023-11-30 06:39:15'),(143,143,1,NULL,NULL,NULL,NULL,NULL,NULL,'2023-11-30 06:39:15','2023-11-30 06:39:15'),(144,144,1,NULL,NULL,NULL,NULL,NULL,NULL,'2023-11-30 06:39:15','2023-11-30 06:39:15'),(145,145,1,NULL,NULL,NULL,NULL,NULL,NULL,'2023-11-30 06:39:15','2023-11-30 06:39:15'),(146,146,1,NULL,NULL,NULL,NULL,NULL,NULL,'2023-11-30 06:39:15','2023-11-30 06:39:15'),(147,147,1,NULL,NULL,NULL,NULL,NULL,NULL,'2023-11-30 06:39:15','2023-11-30 06:39:15'),(148,148,1,NULL,NULL,NULL,NULL,NULL,NULL,'2023-11-30 06:39:15','2023-11-30 06:39:15'),(149,149,1,NULL,NULL,NULL,NULL,NULL,NULL,'2023-11-30 06:39:15','2023-11-30 06:39:15'),(150,150,1,NULL,NULL,NULL,NULL,NULL,NULL,'2023-11-30 06:39:15','2023-11-30 06:39:15'),(151,151,1,NULL,NULL,NULL,NULL,NULL,NULL,'2023-11-30 06:39:15','2023-11-30 06:39:15'),(152,152,1,NULL,NULL,NULL,NULL,NULL,NULL,'2023-11-30 06:39:15','2023-11-30 06:39:15'),(153,153,1,NULL,NULL,NULL,NULL,NULL,NULL,'2023-11-30 06:39:15','2023-11-30 06:39:15'),(154,154,1,NULL,NULL,NULL,NULL,NULL,NULL,'2023-11-30 06:39:15','2023-11-30 06:39:15'),(155,155,1,NULL,NULL,NULL,NULL,NULL,NULL,'2023-11-30 06:39:15','2023-11-30 06:39:15'),(156,156,1,NULL,NULL,NULL,NULL,NULL,NULL,'2023-11-30 06:39:15','2023-11-30 06:39:15'),(157,157,1,NULL,NULL,NULL,NULL,NULL,NULL,'2023-11-30 06:39:15','2023-11-30 06:39:15'),(158,158,1,NULL,NULL,NULL,NULL,NULL,NULL,'2023-11-30 06:39:15','2023-11-30 06:39:15'),(159,165,1,NULL,NULL,NULL,NULL,NULL,NULL,'2023-11-30 06:39:15','2023-11-30 06:39:15'),(160,172,1,NULL,NULL,NULL,NULL,NULL,NULL,'2023-11-30 06:39:15','2023-11-30 06:39:15'),(161,159,1,NULL,NULL,NULL,NULL,NULL,NULL,'2023-11-30 06:39:15','2023-11-30 06:39:15'),(162,166,1,NULL,NULL,NULL,NULL,NULL,NULL,'2023-11-30 06:39:15','2023-11-30 06:39:15'),(163,173,1,NULL,NULL,NULL,NULL,NULL,NULL,'2023-11-30 06:39:15','2023-11-30 06:39:15'),(164,160,1,NULL,NULL,NULL,NULL,NULL,NULL,'2023-11-30 06:39:15','2023-11-30 06:39:15'),(165,167,1,NULL,NULL,NULL,NULL,NULL,NULL,'2023-11-30 06:39:15','2023-11-30 06:39:15'),(166,174,1,NULL,NULL,NULL,NULL,NULL,NULL,'2023-11-30 06:39:15','2023-11-30 06:39:15'),(167,161,1,NULL,NULL,NULL,NULL,NULL,NULL,'2023-11-30 06:39:15','2023-11-30 06:39:15'),(168,168,1,NULL,NULL,NULL,NULL,NULL,NULL,'2023-11-30 06:39:15','2023-11-30 06:39:15'),(169,175,1,NULL,NULL,NULL,NULL,NULL,NULL,'2023-11-30 06:39:15','2023-11-30 06:39:15'),(170,162,1,NULL,NULL,NULL,NULL,NULL,NULL,'2023-11-30 06:39:15','2023-11-30 06:39:15'),(171,169,1,NULL,NULL,NULL,NULL,NULL,NULL,'2023-11-30 06:39:15','2023-11-30 06:39:15'),(172,176,1,NULL,NULL,NULL,NULL,NULL,NULL,'2023-11-30 06:39:15','2023-11-30 06:39:15'),(173,163,1,NULL,NULL,NULL,NULL,NULL,NULL,'2023-11-30 06:39:15','2023-11-30 06:39:15'),(174,170,1,NULL,NULL,NULL,NULL,NULL,NULL,'2023-11-30 06:39:15','2023-11-30 06:39:15'),(175,177,1,NULL,NULL,NULL,NULL,NULL,NULL,'2023-11-30 06:39:15','2023-11-30 06:39:15'),(176,164,1,NULL,NULL,NULL,NULL,NULL,NULL,'2023-11-30 06:39:15','2023-11-30 06:39:15'),(177,171,1,NULL,NULL,NULL,NULL,NULL,NULL,'2023-11-30 06:39:15','2023-11-30 06:39:15'),(178,178,1,NULL,NULL,NULL,NULL,NULL,NULL,'2023-11-30 06:39:15','2023-11-30 06:39:15'),(179,179,1,NULL,NULL,NULL,NULL,NULL,NULL,'2023-11-30 06:39:15','2023-11-30 06:39:15'),(180,187,1,NULL,NULL,NULL,NULL,NULL,NULL,'2023-11-30 06:39:15','2023-11-30 06:39:15'),(181,180,1,NULL,NULL,NULL,NULL,NULL,NULL,'2023-11-30 06:39:15','2023-11-30 06:39:15'),(182,188,1,NULL,NULL,NULL,NULL,NULL,NULL,'2023-11-30 06:39:15','2023-11-30 06:39:15'),(183,181,1,NULL,NULL,NULL,NULL,NULL,NULL,'2023-11-30 06:39:15','2023-11-30 06:39:15'),(184,189,1,NULL,NULL,NULL,NULL,NULL,NULL,'2023-11-30 06:39:15','2023-11-30 06:39:15'),(185,182,1,NULL,NULL,NULL,NULL,NULL,NULL,'2023-11-30 06:39:15','2023-11-30 06:39:15'),(186,190,1,NULL,NULL,NULL,NULL,NULL,NULL,'2023-11-30 06:39:15','2023-11-30 06:39:15'),(187,183,1,NULL,NULL,NULL,NULL,NULL,NULL,'2023-11-30 06:39:15','2023-11-30 06:39:15'),(188,191,1,NULL,NULL,NULL,NULL,NULL,NULL,'2023-11-30 06:39:15','2023-11-30 06:39:15'),(189,184,1,NULL,NULL,NULL,NULL,NULL,NULL,'2023-11-30 06:39:15','2023-11-30 06:39:15'),(190,192,1,NULL,NULL,NULL,NULL,NULL,NULL,'2023-11-30 06:39:15','2023-11-30 06:39:15'),(191,185,1,NULL,NULL,NULL,NULL,NULL,NULL,'2023-11-30 06:39:15','2023-11-30 06:39:15'),(192,193,1,NULL,NULL,NULL,NULL,NULL,NULL,'2023-11-30 06:39:15','2023-11-30 06:39:15'),(193,186,1,NULL,NULL,NULL,NULL,NULL,NULL,'2023-11-30 06:39:15','2023-11-30 06:39:15'),(194,194,1,NULL,NULL,NULL,NULL,NULL,NULL,'2023-11-30 06:39:15','2023-11-30 06:39:15'),(195,195,1,NULL,NULL,NULL,NULL,NULL,NULL,'2023-11-30 06:39:15','2023-11-30 06:39:15'),(196,196,1,NULL,NULL,NULL,NULL,NULL,NULL,'2023-11-30 06:39:15','2023-11-30 06:39:15'),(197,197,1,NULL,NULL,NULL,NULL,NULL,NULL,'2023-11-30 06:39:15','2023-11-30 06:39:15'),(198,198,1,NULL,NULL,NULL,NULL,NULL,NULL,'2023-11-30 06:39:15','2023-11-30 06:39:15'),(199,199,1,NULL,NULL,NULL,NULL,NULL,NULL,'2023-11-30 06:39:15','2023-11-30 06:39:15'),(200,200,1,NULL,NULL,NULL,NULL,NULL,NULL,'2023-11-30 06:39:15','2023-11-30 06:39:15');
/*!40000 ALTER TABLE `cursadas` ENABLE KEYS */;
UNLOCK TABLES;

--
-- Table structure for table `curso_materias`
--

DROP TABLE IF EXISTS `curso_materias`;
/*!40101 SET @saved_cs_client     = @@character_set_client */;
/*!50503 SET character_set_client = utf8mb4 */;
CREATE TABLE `curso_materias` (
  `id` bigint unsigned NOT NULL AUTO_INCREMENT,
  `materia_id` bigint unsigned NOT NULL,
  `curso_id` bigint unsigned NOT NULL,
  `fecha_baja` date DEFAULT NULL,
  `active` tinyint(1) NOT NULL,
  `created_at` timestamp NULL DEFAULT NULL,
  `updated_at` timestamp NULL DEFAULT NULL,
  PRIMARY KEY (`id`),
  KEY `curso_materias_materia_id_foreign` (`materia_id`),
  KEY `curso_materias_curso_id_foreign` (`curso_id`),
  CONSTRAINT `curso_materias_curso_id_foreign` FOREIGN KEY (`curso_id`) REFERENCES `cursos` (`id`) ON DELETE CASCADE,
  CONSTRAINT `curso_materias_materia_id_foreign` FOREIGN KEY (`materia_id`) REFERENCES `materias` (`id`) ON DELETE CASCADE
) ENGINE=InnoDB AUTO_INCREMENT=256 DEFAULT CHARSET=utf8mb3 COLLATE=utf8mb3_unicode_ci;
/*!40101 SET character_set_client = @saved_cs_client */;

--
-- Dumping data for table `curso_materias`
--

LOCK TABLES `curso_materias` WRITE;
/*!40000 ALTER TABLE `curso_materias` DISABLE KEYS */;
INSERT INTO `curso_materias` VALUES (1,1,1,NULL,1,'2023-11-30 06:34:16','2023-11-30 06:34:16'),(2,2,1,NULL,1,'2023-11-30 06:34:16','2023-11-30 06:34:16'),(3,3,1,NULL,1,'2023-11-30 06:34:16','2023-11-30 06:34:16'),(4,4,1,NULL,1,'2023-11-30 06:34:16','2023-11-30 06:34:16'),(5,5,1,NULL,1,'2023-11-30 06:34:16','2023-11-30 06:34:16'),(6,6,1,NULL,1,'2023-11-30 06:34:16','2023-11-30 06:34:16'),(7,7,1,NULL,1,'2023-11-30 06:34:16','2023-11-30 06:34:16'),(8,8,1,NULL,1,'2023-11-30 06:34:16','2023-11-30 06:34:16'),(9,9,1,NULL,1,'2023-11-30 06:34:16','2023-11-30 06:34:16'),(10,10,1,NULL,1,'2023-11-30 06:34:16','2023-11-30 06:34:16'),(11,11,2,NULL,1,'2023-11-30 06:34:16','2023-11-30 06:34:16'),(12,12,2,NULL,1,'2023-11-30 06:34:16','2023-11-30 06:34:16'),(13,13,2,NULL,1,'2023-11-30 06:34:16','2023-11-30 06:34:16'),(14,14,2,NULL,1,'2023-11-30 06:34:16','2023-11-30 06:34:16'),(15,15,2,NULL,1,'2023-11-30 06:34:16','2023-11-30 06:34:16'),(16,16,2,NULL,1,'2023-11-30 06:34:16','2023-11-30 06:34:16'),(17,17,2,NULL,1,'2023-11-30 06:34:16','2023-11-30 06:34:16'),(18,18,2,NULL,1,'2023-11-30 06:34:16','2023-11-30 06:34:16'),(19,19,2,NULL,1,'2023-11-30 06:34:16','2023-11-30 06:34:16'),(20,20,2,NULL,1,'2023-11-30 06:34:16','2023-11-30 06:34:16'),(21,21,3,NULL,1,'2023-11-30 06:34:16','2023-11-30 06:34:16'),(22,22,3,NULL,1,'2023-11-30 06:34:16','2023-11-30 06:34:16'),(23,23,3,NULL,1,'2023-11-30 06:34:16','2023-11-30 06:34:16'),(24,24,3,NULL,1,'2023-11-30 06:34:16','2023-11-30 06:34:16'),(25,25,3,NULL,1,'2023-11-30 06:34:16','2023-11-30 06:34:16'),(26,26,3,NULL,1,'2023-11-30 06:34:16','2023-11-30 06:34:16'),(27,27,3,NULL,1,'2023-11-30 06:34:16','2023-11-30 06:34:16'),(28,28,3,NULL,1,'2023-11-30 06:34:16','2023-11-30 06:34:16'),(29,29,3,NULL,1,'2023-11-30 06:34:16','2023-11-30 06:34:16'),(30,30,4,NULL,1,'2023-11-30 06:34:16','2023-11-30 06:34:16'),(31,31,4,NULL,1,'2023-11-30 06:34:16','2023-11-30 06:34:16'),(32,32,4,NULL,1,'2023-11-30 06:34:16','2023-11-30 06:34:16'),(33,33,4,NULL,1,'2023-11-30 06:34:16','2023-11-30 06:34:16'),(34,34,4,NULL,1,'2023-11-30 06:34:16','2023-11-30 06:34:16'),(35,35,4,NULL,1,'2023-11-30 06:34:16','2023-11-30 06:34:16'),(36,36,4,NULL,1,'2023-11-30 06:34:16','2023-11-30 06:34:16'),(37,37,4,NULL,1,'2023-11-30 06:34:16','2023-11-30 06:34:16'),(38,38,4,NULL,1,'2023-11-30 06:34:16','2023-11-30 06:34:16'),(39,39,4,NULL,1,'2023-11-30 06:34:16','2023-11-30 06:34:16'),(40,40,5,NULL,1,'2023-11-30 06:34:16','2023-11-30 06:34:16'),(41,41,5,NULL,1,'2023-11-30 06:34:16','2023-11-30 06:34:16'),(42,42,5,NULL,1,'2023-11-30 06:34:16','2023-11-30 06:34:16'),(43,43,5,NULL,1,'2023-11-30 06:34:16','2023-11-30 06:34:16'),(44,44,5,NULL,1,'2023-11-30 06:34:16','2023-11-30 06:34:16'),(45,45,5,NULL,1,'2023-11-30 06:34:16','2023-11-30 06:34:16'),(46,46,5,NULL,1,'2023-11-30 06:34:16','2023-11-30 06:34:16'),(47,47,5,NULL,1,'2023-11-30 06:34:16','2023-11-30 06:34:16'),(48,48,5,NULL,1,'2023-11-30 06:34:16','2023-11-30 06:34:16'),(49,49,5,NULL,1,'2023-11-30 06:34:16','2023-11-30 06:34:16'),(50,50,6,NULL,1,'2023-11-30 06:34:16','2023-11-30 06:34:16'),(51,51,6,NULL,1,'2023-11-30 06:34:16','2023-11-30 06:34:16'),(52,52,6,NULL,1,'2023-11-30 06:34:16','2023-11-30 06:34:16'),(53,53,6,NULL,1,'2023-11-30 06:34:16','2023-11-30 06:34:16'),(54,54,6,NULL,1,'2023-11-30 06:34:16','2023-11-30 06:34:16'),(55,55,6,NULL,1,'2023-11-30 06:34:16','2023-11-30 06:34:16'),(56,56,6,NULL,1,'2023-11-30 06:34:16','2023-11-30 06:34:16'),(57,57,6,NULL,1,'2023-11-30 06:34:16','2023-11-30 06:34:16'),(58,58,6,NULL,1,'2023-11-30 06:34:16','2023-11-30 06:34:16'),(59,59,7,NULL,1,'2023-11-30 06:34:16','2023-11-30 06:34:16'),(60,60,7,NULL,1,'2023-11-30 06:34:16','2023-11-30 06:34:16'),(61,61,7,NULL,1,'2023-11-30 06:34:16','2023-11-30 06:34:16'),(62,62,7,NULL,1,'2023-11-30 06:34:16','2023-11-30 06:34:16'),(63,63,7,NULL,1,'2023-11-30 06:34:16','2023-11-30 06:34:16'),(64,64,7,NULL,1,'2023-11-30 06:34:16','2023-11-30 06:34:16'),(65,65,7,NULL,1,'2023-11-30 06:34:16','2023-11-30 06:34:16'),(66,66,7,NULL,1,'2023-11-30 06:34:16','2023-11-30 06:34:16'),(67,67,7,NULL,1,'2023-11-30 06:34:16','2023-11-30 06:34:16'),(68,68,7,NULL,1,'2023-11-30 06:34:16','2023-11-30 06:34:16'),(69,69,8,NULL,1,'2023-11-30 06:34:16','2023-11-30 06:34:16'),(70,70,8,NULL,1,'2023-11-30 06:34:16','2023-11-30 06:34:16'),(71,71,8,NULL,1,'2023-11-30 06:34:16','2023-11-30 06:34:16'),(72,72,8,NULL,1,'2023-11-30 06:34:16','2023-11-30 06:34:16'),(73,73,8,NULL,1,'2023-11-30 06:34:16','2023-11-30 06:34:16'),(74,74,8,NULL,1,'2023-11-30 06:34:16','2023-11-30 06:34:16'),(75,75,8,NULL,1,'2023-11-30 06:34:16','2023-11-30 06:34:16'),(76,76,8,NULL,1,'2023-11-30 06:34:16','2023-11-30 06:34:16'),(77,77,8,NULL,1,'2023-11-30 06:34:16','2023-11-30 06:34:16'),(78,78,8,NULL,1,'2023-11-30 06:34:16','2023-11-30 06:34:16'),(79,79,9,NULL,1,'2023-11-30 06:34:16','2023-11-30 06:34:16'),(80,80,9,NULL,1,'2023-11-30 06:34:16','2023-11-30 06:34:16'),(81,81,9,NULL,1,'2023-11-30 06:34:16','2023-11-30 06:34:16'),(82,82,9,NULL,1,'2023-11-30 06:34:16','2023-11-30 06:34:16'),(83,83,9,NULL,1,'2023-11-30 06:34:16','2023-11-30 06:34:16'),(84,84,9,NULL,1,'2023-11-30 06:34:16','2023-11-30 06:34:16'),(85,85,9,NULL,1,'2023-11-30 06:34:16','2023-11-30 06:34:16'),(86,86,9,NULL,1,'2023-11-30 06:34:16','2023-11-30 06:34:16'),(87,87,10,NULL,1,'2023-11-30 06:34:16','2023-11-30 06:34:16'),(88,88,10,NULL,1,'2023-11-30 06:34:16','2023-11-30 06:34:16'),(89,89,10,NULL,1,'2023-11-30 06:34:16','2023-11-30 06:34:16'),(90,90,10,NULL,1,'2023-11-30 06:34:16','2023-11-30 06:34:16'),(91,91,10,NULL,1,'2023-11-30 06:34:16','2023-11-30 06:34:16'),(92,92,10,NULL,1,'2023-11-30 06:34:16','2023-11-30 06:34:16'),(93,93,10,NULL,1,'2023-11-30 06:34:16','2023-11-30 06:34:16'),(94,94,10,NULL,1,'2023-11-30 06:34:16','2023-11-30 06:34:16'),(95,87,11,NULL,1,'2023-11-30 06:34:16','2023-11-30 06:34:16'),(96,88,11,NULL,1,'2023-11-30 06:34:16','2023-11-30 06:34:16'),(97,89,11,NULL,1,'2023-11-30 06:34:16','2023-11-30 06:34:16'),(98,90,11,NULL,1,'2023-11-30 06:34:16','2023-11-30 06:34:16'),(99,91,11,NULL,1,'2023-11-30 06:34:16','2023-11-30 06:34:16'),(100,92,11,NULL,1,'2023-11-30 06:34:16','2023-11-30 06:34:16'),(101,93,11,NULL,1,'2023-11-30 06:34:16','2023-11-30 06:34:16'),(102,94,11,NULL,1,'2023-11-30 06:34:16','2023-11-30 06:34:16'),(103,87,12,NULL,1,'2023-11-30 06:34:16','2023-11-30 06:34:16'),(104,88,12,NULL,1,'2023-11-30 06:34:16','2023-11-30 06:34:16'),(105,89,12,NULL,1,'2023-11-30 06:34:16','2023-11-30 06:34:16'),(106,90,12,NULL,1,'2023-11-30 06:34:16','2023-11-30 06:34:16'),(107,91,12,NULL,1,'2023-11-30 06:34:16','2023-11-30 06:34:16'),(108,92,12,NULL,1,'2023-11-30 06:34:16','2023-11-30 06:34:16'),(109,93,12,NULL,1,'2023-11-30 06:34:16','2023-11-30 06:34:16'),(110,94,12,NULL,1,'2023-11-30 06:34:16','2023-11-30 06:34:16'),(111,95,13,NULL,1,'2023-11-30 06:34:16','2023-11-30 06:34:16'),(112,96,13,NULL,1,'2023-11-30 06:34:16','2023-11-30 06:34:16'),(113,97,13,NULL,1,'2023-11-30 06:34:16','2023-11-30 06:34:16'),(114,98,13,NULL,1,'2023-11-30 06:34:16','2023-11-30 06:34:16'),(115,99,13,NULL,1,'2023-11-30 06:34:16','2023-11-30 06:34:16'),(116,100,13,NULL,1,'2023-11-30 06:34:16','2023-11-30 06:34:16'),(117,101,13,NULL,1,'2023-11-30 06:34:16','2023-11-30 06:34:16'),(118,102,13,NULL,1,'2023-11-30 06:34:16','2023-11-30 06:34:16'),(119,103,13,NULL,1,'2023-11-30 06:34:16','2023-11-30 06:34:16'),(120,95,14,NULL,1,'2023-11-30 06:34:16','2023-11-30 06:34:16'),(121,96,14,NULL,1,'2023-11-30 06:34:16','2023-11-30 06:34:16'),(122,97,14,NULL,1,'2023-11-30 06:34:16','2023-11-30 06:34:16'),(123,98,14,NULL,1,'2023-11-30 06:34:16','2023-11-30 06:34:16'),(124,99,14,NULL,1,'2023-11-30 06:34:16','2023-11-30 06:34:16'),(125,100,14,NULL,1,'2023-11-30 06:34:16','2023-11-30 06:34:16'),(126,101,14,NULL,1,'2023-11-30 06:34:16','2023-11-30 06:34:16'),(127,102,14,NULL,1,'2023-11-30 06:34:16','2023-11-30 06:34:16'),(128,103,14,NULL,1,'2023-11-30 06:34:16','2023-11-30 06:34:16'),(129,104,15,NULL,1,'2023-11-30 06:34:16','2023-11-30 06:34:16'),(130,105,15,NULL,1,'2023-11-30 06:34:16','2023-11-30 06:34:16'),(131,106,15,NULL,1,'2023-11-30 06:34:16','2023-11-30 06:34:16'),(132,107,15,NULL,1,'2023-11-30 06:34:16','2023-11-30 06:34:16'),(133,108,15,NULL,1,'2023-11-30 06:34:16','2023-11-30 06:34:16'),(134,109,15,NULL,1,'2023-11-30 06:34:16','2023-11-30 06:34:16'),(135,110,15,NULL,1,'2023-11-30 06:34:16','2023-11-30 06:34:16'),(136,111,16,NULL,1,'2023-11-30 06:34:16','2023-11-30 06:34:16'),(137,112,16,NULL,1,'2023-11-30 06:34:16','2023-11-30 06:34:16'),(138,113,16,NULL,1,'2023-11-30 06:34:16','2023-11-30 06:34:16'),(139,114,16,NULL,1,'2023-11-30 06:34:16','2023-11-30 06:34:16'),(140,115,16,NULL,1,'2023-11-30 06:34:16','2023-11-30 06:34:16'),(141,116,16,NULL,1,'2023-11-30 06:34:16','2023-11-30 06:34:16'),(142,117,16,NULL,1,'2023-11-30 06:34:16','2023-11-30 06:34:16'),(143,118,16,NULL,1,'2023-11-30 06:34:16','2023-11-30 06:34:16'),(144,119,17,NULL,1,'2023-11-30 06:34:16','2023-11-30 06:34:16'),(145,120,17,NULL,1,'2023-11-30 06:34:16','2023-11-30 06:34:16'),(146,121,17,NULL,1,'2023-11-30 06:34:16','2023-11-30 06:34:16'),(147,122,17,NULL,1,'2023-11-30 06:34:16','2023-11-30 06:34:16'),(148,123,17,NULL,1,'2023-11-30 06:34:16','2023-11-30 06:34:16'),(149,124,17,NULL,1,'2023-11-30 06:34:16','2023-11-30 06:34:16'),(150,125,17,NULL,1,'2023-11-30 06:34:16','2023-11-30 06:34:16'),(151,126,17,NULL,1,'2023-11-30 06:34:16','2023-11-30 06:34:16'),(152,127,18,NULL,1,'2023-11-30 06:34:16','2023-11-30 06:34:16'),(153,128,18,NULL,1,'2023-11-30 06:34:16','2023-11-30 06:34:16'),(154,129,18,NULL,1,'2023-11-30 06:34:16','2023-11-30 06:34:16'),(155,130,18,NULL,1,'2023-11-30 06:34:16','2023-11-30 06:34:16'),(156,131,18,NULL,1,'2023-11-30 06:34:16','2023-11-30 06:34:16'),(157,132,18,NULL,1,'2023-11-30 06:34:16','2023-11-30 06:34:16'),(158,133,19,NULL,1,'2023-11-30 06:34:16','2023-11-30 06:34:16'),(159,134,19,NULL,1,'2023-11-30 06:34:16','2023-11-30 06:34:16'),(160,135,19,NULL,1,'2023-11-30 06:34:16','2023-11-30 06:34:16'),(161,136,19,NULL,1,'2023-11-30 06:34:16','2023-11-30 06:34:16'),(162,137,19,NULL,1,'2023-11-30 06:34:16','2023-11-30 06:34:16'),(163,138,19,NULL,1,'2023-11-30 06:34:16','2023-11-30 06:34:16'),(164,139,19,NULL,1,'2023-11-30 06:34:16','2023-11-30 06:34:16'),(165,133,20,NULL,1,'2023-11-30 06:34:16','2023-11-30 06:34:16'),(166,134,20,NULL,1,'2023-11-30 06:34:16','2023-11-30 06:34:16'),(167,135,20,NULL,1,'2023-11-30 06:34:16','2023-11-30 06:34:16'),(168,136,20,NULL,1,'2023-11-30 06:34:16','2023-11-30 06:34:16'),(169,137,20,NULL,1,'2023-11-30 06:34:16','2023-11-30 06:34:16'),(170,138,20,NULL,1,'2023-11-30 06:34:16','2023-11-30 06:34:16'),(171,139,20,NULL,1,'2023-11-30 06:34:16','2023-11-30 06:34:16'),(172,133,21,NULL,1,'2023-11-30 06:34:16','2023-11-30 06:34:16'),(173,134,21,NULL,1,'2023-11-30 06:34:16','2023-11-30 06:34:16'),(174,135,21,NULL,1,'2023-11-30 06:34:16','2023-11-30 06:34:16'),(175,136,21,NULL,1,'2023-11-30 06:34:16','2023-11-30 06:34:16'),(176,137,21,NULL,1,'2023-11-30 06:34:16','2023-11-30 06:34:16'),(177,138,21,NULL,1,'2023-11-30 06:34:16','2023-11-30 06:34:16'),(178,139,21,NULL,1,'2023-11-30 06:34:16','2023-11-30 06:34:16'),(179,140,22,NULL,1,'2023-11-30 06:34:16','2023-11-30 06:34:16'),(180,141,22,NULL,1,'2023-11-30 06:34:16','2023-11-30 06:34:16'),(181,142,22,NULL,1,'2023-11-30 06:34:16','2023-11-30 06:34:16'),(182,143,22,NULL,1,'2023-11-30 06:34:16','2023-11-30 06:34:16'),(183,144,22,NULL,1,'2023-11-30 06:34:16','2023-11-30 06:34:16'),(184,145,22,NULL,1,'2023-11-30 06:34:16','2023-11-30 06:34:16'),(185,146,22,NULL,1,'2023-11-30 06:34:16','2023-11-30 06:34:16'),(186,147,22,NULL,1,'2023-11-30 06:34:16','2023-11-30 06:34:16'),(187,140,23,NULL,1,'2023-11-30 06:34:16','2023-11-30 06:34:16'),(188,141,23,NULL,1,'2023-11-30 06:34:16','2023-11-30 06:34:16'),(189,142,23,NULL,1,'2023-11-30 06:34:16','2023-11-30 06:34:16'),(190,143,23,NULL,1,'2023-11-30 06:34:16','2023-11-30 06:34:16'),(191,144,23,NULL,1,'2023-11-30 06:34:16','2023-11-30 06:34:16'),(192,145,23,NULL,1,'2023-11-30 06:34:16','2023-11-30 06:34:16'),(193,146,23,NULL,1,'2023-11-30 06:34:16','2023-11-30 06:34:16'),(194,147,23,NULL,1,'2023-11-30 06:34:16','2023-11-30 06:34:16'),(195,148,24,NULL,1,'2023-11-30 06:34:16','2023-11-30 06:34:16'),(196,149,24,NULL,1,'2023-11-30 06:34:16','2023-11-30 06:34:16'),(197,150,24,NULL,1,'2023-11-30 06:34:16','2023-11-30 06:34:16'),(198,151,24,NULL,1,'2023-11-30 06:34:16','2023-11-30 06:34:16'),(199,152,24,NULL,1,'2023-11-30 06:34:16','2023-11-30 06:34:16'),(200,153,24,NULL,1,'2023-11-30 06:34:16','2023-11-30 06:34:16');
/*!40000 ALTER TABLE `curso_materias` ENABLE KEYS */;
UNLOCK TABLES;

--
-- Table structure for table `cursos`
--

DROP TABLE IF EXISTS `cursos`;
/*!40101 SET @saved_cs_client     = @@character_set_client */;
/*!50503 SET character_set_client = utf8mb4 */;
CREATE TABLE `cursos` (
  `id` bigint unsigned NOT NULL AUTO_INCREMENT,
  `descripcion` varchar(10) CHARACTER SET utf8mb3 COLLATE utf8mb3_unicode_ci NOT NULL,
  `carrera_anio_id` bigint unsigned NOT NULL,
  `active` tinyint(1) NOT NULL,
  `created_at` timestamp NULL DEFAULT NULL,
  `updated_at` timestamp NULL DEFAULT NULL,
  PRIMARY KEY (`id`),
  KEY `cursos_carrera_anio_id_foreign` (`carrera_anio_id`),
  CONSTRAINT `cursos_carrera_anio_id_foreign` FOREIGN KEY (`carrera_anio_id`) REFERENCES `carrera_anios` (`id`) ON DELETE CASCADE
) ENGINE=InnoDB AUTO_INCREMENT=25 DEFAULT CHARSET=utf8mb3 COLLATE=utf8mb3_unicode_ci;
/*!40101 SET character_set_client = @saved_cs_client */;

--
-- Dumping data for table `cursos`
--

LOCK TABLES `cursos` WRITE;
/*!40000 ALTER TABLE `cursos` DISABLE KEYS */;
INSERT INTO `cursos` VALUES (1,'A',1,1,'2023-11-30 05:17:16','2023-11-30 05:17:16'),(2,'A',2,1,'2023-11-30 05:17:16','2023-11-30 05:17:16'),(3,'A',3,1,'2023-11-30 05:17:16','2023-11-30 05:17:16'),(4,'A',4,1,'2023-11-30 05:17:45','2023-11-30 05:17:45'),(5,'A',5,1,'2023-11-30 05:17:45','2023-11-30 05:17:45'),(6,'A',6,1,'2023-11-30 05:17:45','2023-11-30 05:17:45'),(7,'A',7,1,'2023-11-30 05:18:29','2023-11-30 05:18:29'),(8,'A',8,1,'2023-11-30 05:18:29','2023-11-30 05:18:29'),(9,'A',9,1,'2023-11-30 05:18:29','2023-11-30 05:18:29'),(10,'A',10,1,'2023-11-30 05:19:20','2023-11-30 05:19:20'),(11,'B',10,1,'2023-11-30 05:19:20','2023-11-30 05:19:20'),(12,'C',10,1,'2023-11-30 05:19:20','2023-11-30 05:19:20'),(13,'A',11,1,'2023-11-30 05:19:20','2023-11-30 05:19:20'),(14,'B',11,1,'2023-11-30 05:19:20','2023-11-30 05:19:20'),(15,'A',12,1,'2023-11-30 05:19:53','2023-11-30 05:19:53'),(16,'A',13,1,'2023-11-30 05:19:53','2023-11-30 05:19:53'),(17,'A',14,1,'2023-11-30 05:19:53','2023-11-30 05:19:53'),(18,'A',15,1,'2023-11-30 05:20:52','2023-11-30 05:20:52'),(19,'A',16,1,'2023-11-30 05:21:54','2023-11-30 05:21:54'),(20,'B',16,1,'2023-11-30 05:21:54','2023-11-30 05:21:54'),(21,'C',16,1,'2023-11-30 05:21:54','2023-11-30 05:21:54'),(22,'A',17,1,'2023-11-30 05:21:54','2023-11-30 05:21:54'),(23,'B',17,1,'2023-11-30 05:21:54','2023-11-30 05:21:54'),(24,'A',18,1,'2023-11-30 05:21:54','2023-11-30 05:21:54');
/*!40000 ALTER TABLE `cursos` ENABLE KEYS */;
UNLOCK TABLES;

--
-- Table structure for table `espacio_materias`
--

DROP TABLE IF EXISTS `espacio_materias`;
/*!40101 SET @saved_cs_client     = @@character_set_client */;
/*!50503 SET character_set_client = utf8mb4 */;
CREATE TABLE `espacio_materias` (
  `id` bigint unsigned NOT NULL AUTO_INCREMENT,
  `descripcion` varchar(50) CHARACTER SET utf8mb3 COLLATE utf8mb3_unicode_ci NOT NULL,
  `created_at` timestamp NULL DEFAULT NULL,
  `updated_at` timestamp NULL DEFAULT NULL,
  PRIMARY KEY (`id`)
) ENGINE=InnoDB AUTO_INCREMENT=6 DEFAULT CHARSET=utf8mb3 COLLATE=utf8mb3_unicode_ci;
/*!40101 SET character_set_client = @saved_cs_client */;

--
-- Dumping data for table `espacio_materias`
--

LOCK TABLES `espacio_materias` WRITE;
/*!40000 ALTER TABLE `espacio_materias` DISABLE KEYS */;
INSERT INTO `espacio_materias` VALUES (1,'Espacio de Formación Básica','2023-11-30 05:45:12','2023-11-30 05:45:12'),(2,'Espacio de Formación Específica','2023-11-30 05:45:12','2023-11-30 05:45:12'),(3,'Espacio de Definición Institucional','2023-11-30 05:45:12','2023-11-30 05:45:12'),(4,'Espacio de Formación de Fundamentos','2023-11-30 06:06:38','2023-11-30 06:06:38'),(5,'Espacio de Prácticas Profesionales','2023-11-30 06:06:38','2023-11-30 06:06:38');
/*!40000 ALTER TABLE `espacio_materias` ENABLE KEYS */;
UNLOCK TABLES;

--
-- Table structure for table `failed_jobs`
--

DROP TABLE IF EXISTS `failed_jobs`;
/*!40101 SET @saved_cs_client     = @@character_set_client */;
/*!50503 SET character_set_client = utf8mb4 */;
CREATE TABLE `failed_jobs` (
  `id` bigint unsigned NOT NULL AUTO_INCREMENT,
  `uuid` varchar(255) CHARACTER SET utf8mb3 COLLATE utf8mb3_unicode_ci NOT NULL,
  `connection` text CHARACTER SET utf8mb3 COLLATE utf8mb3_unicode_ci NOT NULL,
  `queue` text CHARACTER SET utf8mb3 COLLATE utf8mb3_unicode_ci NOT NULL,
  `payload` longtext CHARACTER SET utf8mb3 COLLATE utf8mb3_unicode_ci NOT NULL,
  `exception` longtext CHARACTER SET utf8mb3 COLLATE utf8mb3_unicode_ci NOT NULL,
  `failed_at` timestamp NOT NULL DEFAULT CURRENT_TIMESTAMP,
  PRIMARY KEY (`id`),
  UNIQUE KEY `failed_jobs_uuid_unique` (`uuid`)
) ENGINE=InnoDB DEFAULT CHARSET=utf8mb3 COLLATE=utf8mb3_unicode_ci;
/*!40101 SET character_set_client = @saved_cs_client */;

--
-- Dumping data for table `failed_jobs`
--

LOCK TABLES `failed_jobs` WRITE;
/*!40000 ALTER TABLE `failed_jobs` DISABLE KEYS */;
/*!40000 ALTER TABLE `failed_jobs` ENABLE KEYS */;
UNLOCK TABLES;

--
-- Table structure for table `localidades`
--

DROP TABLE IF EXISTS `localidades`;
/*!40101 SET @saved_cs_client     = @@character_set_client */;
/*!50503 SET character_set_client = utf8mb4 */;
CREATE TABLE `localidades` (
  `id` bigint unsigned NOT NULL AUTO_INCREMENT,
  `provincia_id` bigint unsigned NOT NULL,
  `descripcion` varchar(255) CHARACTER SET utf8mb3 COLLATE utf8mb3_unicode_ci NOT NULL,
  `created_at` timestamp NULL DEFAULT NULL,
  `updated_at` timestamp NULL DEFAULT NULL,
  PRIMARY KEY (`id`),
  KEY `localidades_provincia_id_foreign` (`provincia_id`),
  CONSTRAINT `localidades_provincia_id_foreign` FOREIGN KEY (`provincia_id`) REFERENCES `provincias` (`id`) ON DELETE CASCADE
) ENGINE=InnoDB AUTO_INCREMENT=2395 DEFAULT CHARSET=utf8mb3 COLLATE=utf8mb3_unicode_ci;
/*!40101 SET character_set_client = @saved_cs_client */;

--
-- Dumping data for table `localidades`
--

LOCK TABLES `localidades` WRITE;
/*!40000 ALTER TABLE `localidades` DISABLE KEYS */;
INSERT INTO `localidades` VALUES (1,1,'Agronomía','2023-11-30 06:22:42','2023-11-30 06:22:42'),(2,1,'Almagro','2023-11-30 06:22:42','2023-11-30 06:22:42'),(3,1,'Balvanera','2023-11-30 06:22:42','2023-11-30 06:22:42'),(4,1,'Barracas','2023-11-30 06:22:42','2023-11-30 06:22:42'),(5,1,'Belgrano','2023-11-30 06:22:42','2023-11-30 06:22:42'),(6,1,'Boca','2023-11-30 06:22:42','2023-11-30 06:22:42'),(7,1,'Boedo','2023-11-30 06:22:42','2023-11-30 06:22:42'),(8,1,'Caballito','2023-11-30 06:22:42','2023-11-30 06:22:42'),(9,1,'Chacarita','2023-11-30 06:22:42','2023-11-30 06:22:42'),(10,1,'Coghlan','2023-11-30 06:22:42','2023-11-30 06:22:42'),(11,1,'Colegiales','2023-11-30 06:22:42','2023-11-30 06:22:42'),(12,1,'Constitución','2023-11-30 06:22:42','2023-11-30 06:22:42'),(13,1,'Flores','2023-11-30 06:22:42','2023-11-30 06:22:42'),(14,1,'Floresta','2023-11-30 06:22:42','2023-11-30 06:22:42'),(15,1,'La Paternal','2023-11-30 06:22:42','2023-11-30 06:22:42'),(16,1,'Liniers','2023-11-30 06:22:42','2023-11-30 06:22:42'),(17,1,'Mataderos','2023-11-30 06:22:42','2023-11-30 06:22:42'),(18,1,'Monserrat','2023-11-30 06:22:42','2023-11-30 06:22:42'),(19,1,'Monte Castro','2023-11-30 06:22:42','2023-11-30 06:22:42'),(20,1,'Nueva Pompeya','2023-11-30 06:22:42','2023-11-30 06:22:42'),(21,1,'Núñez','2023-11-30 06:22:42','2023-11-30 06:22:42'),(22,1,'Palermo','2023-11-30 06:22:42','2023-11-30 06:22:42'),(23,1,'Parque Avellaneda','2023-11-30 06:22:42','2023-11-30 06:22:42'),(24,1,'Parque Chacabuco','2023-11-30 06:22:42','2023-11-30 06:22:42'),(25,1,'Parque Chas','2023-11-30 06:22:42','2023-11-30 06:22:42'),(26,1,'Parque Patricios','2023-11-30 06:22:42','2023-11-30 06:22:42'),(27,1,'Puerto Madero','2023-11-30 06:22:42','2023-11-30 06:22:42'),(28,1,'Recoleta','2023-11-30 06:22:42','2023-11-30 06:22:42'),(29,1,'Retiro','2023-11-30 06:22:42','2023-11-30 06:22:42'),(30,1,'Saavedra','2023-11-30 06:22:42','2023-11-30 06:22:42'),(31,1,'San Cristóbal','2023-11-30 06:22:42','2023-11-30 06:22:42'),(32,1,'San Nicolás','2023-11-30 06:22:42','2023-11-30 06:22:42'),(33,1,'San Telmo','2023-11-30 06:22:42','2023-11-30 06:22:42'),(34,1,'Vélez Sársfield','2023-11-30 06:22:42','2023-11-30 06:22:42'),(35,1,'Versalles','2023-11-30 06:22:42','2023-11-30 06:22:42'),(36,1,'Villa Crespo','2023-11-30 06:22:42','2023-11-30 06:22:42'),(37,1,'Villa del Parque','2023-11-30 06:22:42','2023-11-30 06:22:42'),(38,1,'Villa Devoto','2023-11-30 06:22:42','2023-11-30 06:22:42'),(39,1,'Villa Gral. Mitre','2023-11-30 06:22:42','2023-11-30 06:22:42'),(40,1,'Villa Lugano','2023-11-30 06:22:42','2023-11-30 06:22:42'),(41,1,'Villa Luro','2023-11-30 06:22:42','2023-11-30 06:22:42'),(42,1,'Villa Ortúzar','2023-11-30 06:22:42','2023-11-30 06:22:42'),(43,1,'Villa Pueyrredón','2023-11-30 06:22:42','2023-11-30 06:22:42'),(44,1,'Villa Real','2023-11-30 06:22:42','2023-11-30 06:22:42'),(45,1,'Villa Riachuelo','2023-11-30 06:22:42','2023-11-30 06:22:42'),(46,1,'Villa Santa Rita','2023-11-30 06:22:42','2023-11-30 06:22:42'),(47,1,'Villa Soldati','2023-11-30 06:22:42','2023-11-30 06:22:42'),(48,1,'Villa Urquiza','2023-11-30 06:22:42','2023-11-30 06:22:42'),(49,2,'25 de Mayo','2023-11-30 06:22:42','2023-11-30 06:22:42'),(50,2,'3 de febrero','2023-11-30 06:22:42','2023-11-30 06:22:42'),(51,2,'A. Alsina','2023-11-30 06:22:42','2023-11-30 06:22:42'),(52,2,'A. Gonzáles Cháves','2023-11-30 06:22:42','2023-11-30 06:22:42'),(53,2,'Aguas Verdes','2023-11-30 06:22:42','2023-11-30 06:22:42'),(54,2,'Alberti','2023-11-30 06:22:42','2023-11-30 06:22:42'),(55,2,'Arrecifes','2023-11-30 06:22:42','2023-11-30 06:22:42'),(56,2,'Ayacucho','2023-11-30 06:22:42','2023-11-30 06:22:42'),(57,2,'Azul','2023-11-30 06:22:42','2023-11-30 06:22:42'),(58,2,'Bahía Blanca','2023-11-30 06:22:42','2023-11-30 06:22:42'),(59,2,'Balcarce','2023-11-30 06:22:42','2023-11-30 06:22:42'),(60,2,'Baradero','2023-11-30 06:22:42','2023-11-30 06:22:42'),(61,2,'Benito Juárez','2023-11-30 06:22:42','2023-11-30 06:22:42'),(62,2,'Berisso','2023-11-30 06:22:42','2023-11-30 06:22:42'),(63,2,'Bolívar','2023-11-30 06:22:42','2023-11-30 06:22:42'),(64,2,'Bragado','2023-11-30 06:22:42','2023-11-30 06:22:42'),(65,2,'Brandsen','2023-11-30 06:22:42','2023-11-30 06:22:42'),(66,2,'Campana','2023-11-30 06:22:42','2023-11-30 06:22:42'),(67,2,'Cañuelas','2023-11-30 06:22:42','2023-11-30 06:22:42'),(68,2,'Capilla del Señor','2023-11-30 06:22:42','2023-11-30 06:22:42'),(69,2,'Capitán Sarmiento','2023-11-30 06:22:42','2023-11-30 06:22:42'),(70,2,'Carapachay','2023-11-30 06:22:42','2023-11-30 06:22:42'),(71,2,'Carhue','2023-11-30 06:22:42','2023-11-30 06:22:42'),(72,2,'Cariló','2023-11-30 06:22:42','2023-11-30 06:22:42'),(73,2,'Carlos Casares','2023-11-30 06:22:42','2023-11-30 06:22:42'),(74,2,'Carlos Tejedor','2023-11-30 06:22:42','2023-11-30 06:22:42'),(75,2,'Carmen de Areco','2023-11-30 06:22:42','2023-11-30 06:22:42'),(76,2,'Carmen de Patagones','2023-11-30 06:22:42','2023-11-30 06:22:42'),(77,2,'Castelli','2023-11-30 06:22:42','2023-11-30 06:22:42'),(78,2,'Chacabuco','2023-11-30 06:22:42','2023-11-30 06:22:42'),(79,2,'Chascomús','2023-11-30 06:22:42','2023-11-30 06:22:42'),(80,2,'Chivilcoy','2023-11-30 06:22:42','2023-11-30 06:22:42'),(81,2,'Colón','2023-11-30 06:22:42','2023-11-30 06:22:42'),(82,2,'Coronel Dorrego','2023-11-30 06:22:42','2023-11-30 06:22:42'),(83,2,'Coronel Pringles','2023-11-30 06:22:42','2023-11-30 06:22:42'),(84,2,'Coronel Rosales','2023-11-30 06:22:42','2023-11-30 06:22:42'),(85,2,'Coronel Suarez','2023-11-30 06:22:42','2023-11-30 06:22:42'),(86,2,'Costa Azul','2023-11-30 06:22:42','2023-11-30 06:22:42'),(87,2,'Costa Chica','2023-11-30 06:22:42','2023-11-30 06:22:42'),(88,2,'Costa del Este','2023-11-30 06:22:42','2023-11-30 06:22:42'),(89,2,'Costa Esmeralda','2023-11-30 06:22:42','2023-11-30 06:22:42'),(90,2,'Daireaux','2023-11-30 06:22:42','2023-11-30 06:22:42'),(91,2,'Darregueira','2023-11-30 06:22:42','2023-11-30 06:22:42'),(92,2,'Del Viso','2023-11-30 06:22:42','2023-11-30 06:22:42'),(93,2,'Dolores','2023-11-30 06:22:42','2023-11-30 06:22:42'),(94,2,'Don Torcuato','2023-11-30 06:22:42','2023-11-30 06:22:42'),(95,2,'Ensenada','2023-11-30 06:22:42','2023-11-30 06:22:42'),(96,2,'Escobar','2023-11-30 06:22:42','2023-11-30 06:22:42'),(97,2,'Exaltación de la Cruz','2023-11-30 06:22:42','2023-11-30 06:22:42'),(98,2,'Florentino Ameghino','2023-11-30 06:22:42','2023-11-30 06:22:42'),(99,2,'Garín','2023-11-30 06:22:42','2023-11-30 06:22:42'),(100,2,'Gral. Alvarado','2023-11-30 06:22:42','2023-11-30 06:22:42'),(101,2,'Gral. Alvear','2023-11-30 06:22:42','2023-11-30 06:22:42'),(102,2,'Gral. Arenales','2023-11-30 06:22:42','2023-11-30 06:22:42'),(103,2,'Gral. Belgrano','2023-11-30 06:22:42','2023-11-30 06:22:42'),(104,2,'Gral. Guido','2023-11-30 06:22:42','2023-11-30 06:22:42'),(105,2,'Gral. Lamadrid','2023-11-30 06:22:42','2023-11-30 06:22:42'),(106,2,'Gral. Las Heras','2023-11-30 06:22:42','2023-11-30 06:22:42'),(107,2,'Gral. Lavalle','2023-11-30 06:22:42','2023-11-30 06:22:42'),(108,2,'Gral. Madariaga','2023-11-30 06:22:42','2023-11-30 06:22:42'),(109,2,'Gral. Pacheco','2023-11-30 06:22:42','2023-11-30 06:22:42'),(110,2,'Gral. Paz','2023-11-30 06:22:42','2023-11-30 06:22:42'),(111,2,'Gral. Pinto','2023-11-30 06:22:42','2023-11-30 06:22:42'),(112,2,'Gral. Pueyrredón','2023-11-30 06:22:42','2023-11-30 06:22:42'),(113,2,'Gral. Rodríguez','2023-11-30 06:22:42','2023-11-30 06:22:42'),(114,2,'Gral. Viamonte','2023-11-30 06:22:42','2023-11-30 06:22:42'),(115,2,'Gral. Villegas','2023-11-30 06:22:42','2023-11-30 06:22:42'),(116,2,'Guaminí','2023-11-30 06:22:42','2023-11-30 06:22:42'),(117,2,'Guernica','2023-11-30 06:22:42','2023-11-30 06:22:42'),(118,2,'Hipólito Yrigoyen','2023-11-30 06:22:42','2023-11-30 06:22:42'),(119,2,'Ing. Maschwitz','2023-11-30 06:22:42','2023-11-30 06:22:42'),(120,2,'Junín','2023-11-30 06:22:42','2023-11-30 06:22:42'),(121,2,'La Plata','2023-11-30 06:22:42','2023-11-30 06:22:42'),(122,2,'Laprida','2023-11-30 06:22:42','2023-11-30 06:22:42'),(123,2,'Las Flores','2023-11-30 06:22:42','2023-11-30 06:22:42'),(124,2,'Las Toninas','2023-11-30 06:22:42','2023-11-30 06:22:42'),(125,2,'Leandro N. Alem','2023-11-30 06:22:42','2023-11-30 06:22:42'),(126,2,'Lincoln','2023-11-30 06:22:42','2023-11-30 06:22:42'),(127,2,'Loberia','2023-11-30 06:22:42','2023-11-30 06:22:42'),(128,2,'Lobos','2023-11-30 06:22:42','2023-11-30 06:22:42'),(129,2,'Los Cardales','2023-11-30 06:22:42','2023-11-30 06:22:42'),(130,2,'Los Toldos','2023-11-30 06:22:42','2023-11-30 06:22:42'),(131,2,'Lucila del Mar','2023-11-30 06:22:42','2023-11-30 06:22:42'),(132,2,'Luján','2023-11-30 06:22:42','2023-11-30 06:22:42'),(133,2,'Magdalena','2023-11-30 06:22:42','2023-11-30 06:22:42'),(134,2,'Maipú','2023-11-30 06:22:42','2023-11-30 06:22:42'),(135,2,'Mar Chiquita','2023-11-30 06:22:42','2023-11-30 06:22:42'),(136,2,'Mar de Ajó','2023-11-30 06:22:42','2023-11-30 06:22:42'),(137,2,'Mar de las Pampas','2023-11-30 06:22:42','2023-11-30 06:22:42'),(138,2,'Mar del Plata','2023-11-30 06:22:42','2023-11-30 06:22:42'),(139,2,'Mar del Tuyú','2023-11-30 06:22:42','2023-11-30 06:22:42'),(140,2,'Marcos Paz','2023-11-30 06:22:42','2023-11-30 06:22:42'),(141,2,'Mercedes','2023-11-30 06:22:42','2023-11-30 06:22:42'),(142,2,'Miramar','2023-11-30 06:22:42','2023-11-30 06:22:42'),(143,2,'Monte','2023-11-30 06:22:42','2023-11-30 06:22:42'),(144,2,'Monte Hermoso','2023-11-30 06:22:42','2023-11-30 06:22:42'),(145,2,'Munro','2023-11-30 06:22:42','2023-11-30 06:22:42'),(146,2,'Navarro','2023-11-30 06:22:42','2023-11-30 06:22:42'),(147,2,'Necochea','2023-11-30 06:22:42','2023-11-30 06:22:42'),(148,2,'Olavarría','2023-11-30 06:22:42','2023-11-30 06:22:42'),(149,2,'Partido de la Costa','2023-11-30 06:22:42','2023-11-30 06:22:42'),(150,2,'Pehuajó','2023-11-30 06:22:42','2023-11-30 06:22:42'),(151,2,'Pellegrini','2023-11-30 06:22:42','2023-11-30 06:22:42'),(152,2,'Pergamino','2023-11-30 06:22:42','2023-11-30 06:22:42'),(153,2,'Pigüé','2023-11-30 06:22:42','2023-11-30 06:22:42'),(154,2,'Pila','2023-11-30 06:22:42','2023-11-30 06:22:42'),(155,2,'Pilar','2023-11-30 06:22:42','2023-11-30 06:22:42'),(156,2,'Pinamar','2023-11-30 06:22:42','2023-11-30 06:22:42'),(157,2,'Pinar del Sol','2023-11-30 06:22:42','2023-11-30 06:22:42'),(158,2,'Polvorines','2023-11-30 06:22:42','2023-11-30 06:22:42'),(159,2,'Pte. Perón','2023-11-30 06:22:42','2023-11-30 06:22:42'),(160,2,'Puán','2023-11-30 06:22:42','2023-11-30 06:22:42'),(161,2,'Punta Indio','2023-11-30 06:22:42','2023-11-30 06:22:42'),(162,2,'Ramallo','2023-11-30 06:22:42','2023-11-30 06:22:42'),(163,2,'Rauch','2023-11-30 06:22:42','2023-11-30 06:22:42'),(164,2,'Rivadavia','2023-11-30 06:22:42','2023-11-30 06:22:42'),(165,2,'Rojas','2023-11-30 06:22:42','2023-11-30 06:22:42'),(166,2,'Roque Pérez','2023-11-30 06:22:42','2023-11-30 06:22:42'),(167,2,'Saavedra','2023-11-30 06:22:42','2023-11-30 06:22:42'),(168,2,'Saladillo','2023-11-30 06:22:42','2023-11-30 06:22:42'),(169,2,'Salliqueló','2023-11-30 06:22:42','2023-11-30 06:22:42'),(170,2,'Salto','2023-11-30 06:22:42','2023-11-30 06:22:42'),(171,2,'San Andrés de Giles','2023-11-30 06:22:42','2023-11-30 06:22:42'),(172,2,'San Antonio de Areco','2023-11-30 06:22:42','2023-11-30 06:22:42'),(173,2,'San Antonio de Padua','2023-11-30 06:22:42','2023-11-30 06:22:42'),(174,2,'San Bernardo','2023-11-30 06:22:42','2023-11-30 06:22:42'),(175,2,'San Cayetano','2023-11-30 06:22:42','2023-11-30 06:22:42'),(176,2,'San Clemente del Tuyú','2023-11-30 06:22:42','2023-11-30 06:22:42'),(177,2,'San Nicolás','2023-11-30 06:22:42','2023-11-30 06:22:42'),(178,2,'San Pedro','2023-11-30 06:22:42','2023-11-30 06:22:42'),(179,2,'San Vicente','2023-11-30 06:22:42','2023-11-30 06:22:42'),(180,2,'Santa Teresita','2023-11-30 06:22:42','2023-11-30 06:22:42'),(181,2,'Suipacha','2023-11-30 06:22:42','2023-11-30 06:22:42'),(182,2,'Tandil','2023-11-30 06:22:42','2023-11-30 06:22:42'),(183,2,'Tapalqué','2023-11-30 06:22:42','2023-11-30 06:22:42'),(184,2,'Tordillo','2023-11-30 06:22:42','2023-11-30 06:22:42'),(185,2,'Tornquist','2023-11-30 06:22:42','2023-11-30 06:22:42'),(186,2,'Trenque Lauquen','2023-11-30 06:22:42','2023-11-30 06:22:42'),(187,2,'Tres Lomas','2023-11-30 06:22:42','2023-11-30 06:22:42'),(188,2,'Villa Gesell','2023-11-30 06:22:42','2023-11-30 06:22:42'),(189,2,'Villarino','2023-11-30 06:22:42','2023-11-30 06:22:42'),(190,2,'Zárate','2023-11-30 06:22:42','2023-11-30 06:22:42'),(191,2,'11 de Septiembre','2023-11-30 06:22:42','2023-11-30 06:22:42'),(192,2,'20 de Junio','2023-11-30 06:22:42','2023-11-30 06:22:42'),(193,2,'25 de Mayo','2023-11-30 06:22:42','2023-11-30 06:22:42'),(194,2,'Acassuso','2023-11-30 06:22:42','2023-11-30 06:22:42'),(195,2,'Adrogué','2023-11-30 06:22:42','2023-11-30 06:22:42'),(196,2,'Aldo Bonzi','2023-11-30 06:22:42','2023-11-30 06:22:42'),(197,2,'Área Reserva Cinturón Ecológico','2023-11-30 06:22:42','2023-11-30 06:22:42'),(198,2,'Avellaneda','2023-11-30 06:22:42','2023-11-30 06:22:42'),(199,2,'Banfield','2023-11-30 06:22:42','2023-11-30 06:22:42'),(200,2,'Barrio Parque','2023-11-30 06:22:42','2023-11-30 06:22:42'),(201,2,'Barrio Santa Teresita','2023-11-30 06:22:42','2023-11-30 06:22:42'),(202,2,'Beccar','2023-11-30 06:22:42','2023-11-30 06:22:42'),(203,2,'Bella Vista','2023-11-30 06:22:42','2023-11-30 06:22:42'),(204,2,'Berazategui','2023-11-30 06:22:42','2023-11-30 06:22:42'),(205,2,'Bernal Este','2023-11-30 06:22:42','2023-11-30 06:22:42'),(206,2,'Bernal Oeste','2023-11-30 06:22:42','2023-11-30 06:22:42'),(207,2,'Billinghurst','2023-11-30 06:22:42','2023-11-30 06:22:42'),(208,2,'Boulogne','2023-11-30 06:22:42','2023-11-30 06:22:42'),(209,2,'Burzaco','2023-11-30 06:22:42','2023-11-30 06:22:42'),(210,2,'Carapachay','2023-11-30 06:22:42','2023-11-30 06:22:42'),(211,2,'Caseros','2023-11-30 06:22:42','2023-11-30 06:22:42'),(212,2,'Castelar','2023-11-30 06:22:42','2023-11-30 06:22:42'),(213,2,'Churruca','2023-11-30 06:22:42','2023-11-30 06:22:42'),(214,2,'Ciudad Evita','2023-11-30 06:22:42','2023-11-30 06:22:42'),(215,2,'Ciudad Madero','2023-11-30 06:22:42','2023-11-30 06:22:42'),(216,2,'Ciudadela','2023-11-30 06:22:42','2023-11-30 06:22:42'),(217,2,'Claypole','2023-11-30 06:22:42','2023-11-30 06:22:42'),(218,2,'Crucecita','2023-11-30 06:22:42','2023-11-30 06:22:42'),(219,2,'Dock Sud','2023-11-30 06:22:42','2023-11-30 06:22:42'),(220,2,'Don Bosco','2023-11-30 06:22:42','2023-11-30 06:22:42'),(221,2,'Don Orione','2023-11-30 06:22:42','2023-11-30 06:22:42'),(222,2,'El Jagüel','2023-11-30 06:22:42','2023-11-30 06:22:42'),(223,2,'El Libertador','2023-11-30 06:22:42','2023-11-30 06:22:42'),(224,2,'El Palomar','2023-11-30 06:22:42','2023-11-30 06:22:42'),(225,2,'El Tala','2023-11-30 06:22:42','2023-11-30 06:22:42'),(226,2,'El Trébol','2023-11-30 06:22:42','2023-11-30 06:22:42'),(227,2,'Ezeiza','2023-11-30 06:22:42','2023-11-30 06:22:42'),(228,2,'Ezpeleta','2023-11-30 06:22:42','2023-11-30 06:22:42'),(229,2,'Florencio Varela','2023-11-30 06:22:42','2023-11-30 06:22:42'),(230,2,'Florida','2023-11-30 06:22:42','2023-11-30 06:22:42'),(231,2,'Francisco Álvarez','2023-11-30 06:22:42','2023-11-30 06:22:42'),(232,2,'Gerli','2023-11-30 06:22:42','2023-11-30 06:22:42'),(233,2,'Glew','2023-11-30 06:22:42','2023-11-30 06:22:42'),(234,2,'González Catán','2023-11-30 06:22:42','2023-11-30 06:22:42'),(235,2,'Gral. Lamadrid','2023-11-30 06:22:42','2023-11-30 06:22:42'),(236,2,'Grand Bourg','2023-11-30 06:22:42','2023-11-30 06:22:42'),(237,2,'Gregorio de Laferrere','2023-11-30 06:22:42','2023-11-30 06:22:42'),(238,2,'Guillermo Enrique Hudson','2023-11-30 06:22:42','2023-11-30 06:22:42'),(239,2,'Haedo','2023-11-30 06:22:42','2023-11-30 06:22:42'),(240,2,'Hurlingham','2023-11-30 06:22:42','2023-11-30 06:22:42'),(241,2,'Ing. Sourdeaux','2023-11-30 06:22:42','2023-11-30 06:22:42'),(242,2,'Isidro Casanova','2023-11-30 06:22:42','2023-11-30 06:22:42'),(243,2,'Ituzaingó','2023-11-30 06:22:42','2023-11-30 06:22:42'),(244,2,'José C. Paz','2023-11-30 06:22:42','2023-11-30 06:22:42'),(245,2,'José Ingenieros','2023-11-30 06:22:42','2023-11-30 06:22:42'),(246,2,'José Marmol','2023-11-30 06:22:42','2023-11-30 06:22:42'),(247,2,'La Lucila','2023-11-30 06:22:42','2023-11-30 06:22:42'),(248,2,'La Reja','2023-11-30 06:22:42','2023-11-30 06:22:42'),(249,2,'La Tablada','2023-11-30 06:22:42','2023-11-30 06:22:42'),(250,2,'Lanús','2023-11-30 06:22:42','2023-11-30 06:22:42'),(251,2,'Llavallol','2023-11-30 06:22:42','2023-11-30 06:22:42'),(252,2,'Loma Hermosa','2023-11-30 06:22:42','2023-11-30 06:22:42'),(253,2,'Lomas de Zamora','2023-11-30 06:22:42','2023-11-30 06:22:42'),(254,2,'Lomas del Millón','2023-11-30 06:22:42','2023-11-30 06:22:42'),(255,2,'Lomas del Mirador','2023-11-30 06:22:42','2023-11-30 06:22:42'),(256,2,'Longchamps','2023-11-30 06:22:42','2023-11-30 06:22:42'),(257,2,'Los Polvorines','2023-11-30 06:22:42','2023-11-30 06:22:42'),(258,2,'Luis Guillón','2023-11-30 06:22:42','2023-11-30 06:22:42'),(259,2,'Malvinas Argentinas','2023-11-30 06:22:42','2023-11-30 06:22:42'),(260,2,'Martín Coronado','2023-11-30 06:22:42','2023-11-30 06:22:42'),(261,2,'Martínez','2023-11-30 06:22:42','2023-11-30 06:22:42'),(262,2,'Merlo','2023-11-30 06:22:42','2023-11-30 06:22:42'),(263,2,'Ministro Rivadavia','2023-11-30 06:22:42','2023-11-30 06:22:42'),(264,2,'Monte Chingolo','2023-11-30 06:22:42','2023-11-30 06:22:42'),(265,2,'Monte Grande','2023-11-30 06:22:42','2023-11-30 06:22:42'),(266,2,'Moreno','2023-11-30 06:22:42','2023-11-30 06:22:42'),(267,2,'Morón','2023-11-30 06:22:42','2023-11-30 06:22:42'),(268,2,'Muñiz','2023-11-30 06:22:42','2023-11-30 06:22:42'),(269,2,'Olivos','2023-11-30 06:22:42','2023-11-30 06:22:42'),(270,2,'Pablo Nogués','2023-11-30 06:22:42','2023-11-30 06:22:42'),(271,2,'Pablo Podestá','2023-11-30 06:22:42','2023-11-30 06:22:42'),(272,2,'Paso del Rey','2023-11-30 06:22:42','2023-11-30 06:22:42'),(273,2,'Pereyra','2023-11-30 06:22:42','2023-11-30 06:22:42'),(274,2,'Piñeiro','2023-11-30 06:22:42','2023-11-30 06:22:42'),(275,2,'Plátanos','2023-11-30 06:22:42','2023-11-30 06:22:42'),(276,2,'Pontevedra','2023-11-30 06:22:42','2023-11-30 06:22:42'),(277,2,'Quilmes','2023-11-30 06:22:42','2023-11-30 06:22:42'),(278,2,'Rafael Calzada','2023-11-30 06:22:42','2023-11-30 06:22:42'),(279,2,'Rafael Castillo','2023-11-30 06:22:42','2023-11-30 06:22:42'),(280,2,'Ramos Mejía','2023-11-30 06:22:42','2023-11-30 06:22:42'),(281,2,'Ranelagh','2023-11-30 06:22:42','2023-11-30 06:22:42'),(282,2,'Remedios de Escalada','2023-11-30 06:22:42','2023-11-30 06:22:42'),(283,2,'Sáenz Peña','2023-11-30 06:22:42','2023-11-30 06:22:42'),(284,2,'San Antonio de Padua','2023-11-30 06:22:42','2023-11-30 06:22:42'),(285,2,'San Fernando','2023-11-30 06:22:42','2023-11-30 06:22:42'),(286,2,'San Francisco Solano','2023-11-30 06:22:42','2023-11-30 06:22:42'),(287,2,'San Isidro','2023-11-30 06:22:42','2023-11-30 06:22:42'),(288,2,'San José','2023-11-30 06:22:42','2023-11-30 06:22:42'),(289,2,'San Justo','2023-11-30 06:22:42','2023-11-30 06:22:42'),(290,2,'San Martín','2023-11-30 06:22:42','2023-11-30 06:22:42'),(291,2,'San Miguel','2023-11-30 06:22:42','2023-11-30 06:22:42'),(292,2,'Santos Lugares','2023-11-30 06:22:42','2023-11-30 06:22:42'),(293,2,'Sarandí','2023-11-30 06:22:42','2023-11-30 06:22:42'),(294,2,'Sourigues','2023-11-30 06:22:42','2023-11-30 06:22:42'),(295,2,'Tapiales','2023-11-30 06:22:42','2023-11-30 06:22:42'),(296,2,'Temperley','2023-11-30 06:22:42','2023-11-30 06:22:42'),(297,2,'Tigre','2023-11-30 06:22:42','2023-11-30 06:22:42'),(298,2,'Tortuguitas','2023-11-30 06:22:42','2023-11-30 06:22:42'),(299,2,'Tristán Suárez','2023-11-30 06:22:42','2023-11-30 06:22:42'),(300,2,'Trujui','2023-11-30 06:22:42','2023-11-30 06:22:42'),(301,2,'Turdera','2023-11-30 06:22:42','2023-11-30 06:22:42'),(302,2,'Valentín Alsina','2023-11-30 06:22:42','2023-11-30 06:22:42'),(303,2,'Vicente López','2023-11-30 06:22:42','2023-11-30 06:22:42'),(304,2,'Villa Adelina','2023-11-30 06:22:42','2023-11-30 06:22:42'),(305,2,'Villa Ballester','2023-11-30 06:22:42','2023-11-30 06:22:42'),(306,2,'Villa Bosch','2023-11-30 06:22:42','2023-11-30 06:22:42'),(307,2,'Villa Caraza','2023-11-30 06:22:42','2023-11-30 06:22:42'),(308,2,'Villa Celina','2023-11-30 06:22:42','2023-11-30 06:22:42'),(309,2,'Villa Centenario','2023-11-30 06:22:42','2023-11-30 06:22:42'),(310,2,'Villa de Mayo','2023-11-30 06:22:42','2023-11-30 06:22:42'),(311,2,'Villa Diamante','2023-11-30 06:22:42','2023-11-30 06:22:42'),(312,2,'Villa Domínico','2023-11-30 06:22:42','2023-11-30 06:22:42'),(313,2,'Villa España','2023-11-30 06:22:42','2023-11-30 06:22:42'),(314,2,'Villa Fiorito','2023-11-30 06:22:42','2023-11-30 06:22:42'),(315,2,'Villa Guillermina','2023-11-30 06:22:42','2023-11-30 06:22:42'),(316,2,'Villa Insuperable','2023-11-30 06:22:42','2023-11-30 06:22:42'),(317,2,'Villa José León Suárez','2023-11-30 06:22:42','2023-11-30 06:22:42'),(318,2,'Villa La Florida','2023-11-30 06:22:42','2023-11-30 06:22:42'),(319,2,'Villa Luzuriaga','2023-11-30 06:22:42','2023-11-30 06:22:42'),(320,2,'Villa Martelli','2023-11-30 06:22:42','2023-11-30 06:22:42'),(321,2,'Villa Obrera','2023-11-30 06:22:42','2023-11-30 06:22:42'),(322,2,'Villa Progreso','2023-11-30 06:22:42','2023-11-30 06:22:42'),(323,2,'Villa Raffo','2023-11-30 06:22:42','2023-11-30 06:22:42'),(324,2,'Villa Sarmiento','2023-11-30 06:22:42','2023-11-30 06:22:42'),(325,2,'Villa Tesei','2023-11-30 06:22:42','2023-11-30 06:22:42'),(326,2,'Villa Udaondo','2023-11-30 06:22:42','2023-11-30 06:22:42'),(327,2,'Virrey del Pino','2023-11-30 06:22:42','2023-11-30 06:22:42'),(328,2,'Wilde','2023-11-30 06:22:42','2023-11-30 06:22:42'),(329,2,'William Morris','2023-11-30 06:22:42','2023-11-30 06:22:42'),(330,3,'Aconquija','2023-11-30 06:22:42','2023-11-30 06:22:42'),(331,3,'Ancasti','2023-11-30 06:22:42','2023-11-30 06:22:42'),(332,3,'Andalgalá','2023-11-30 06:22:42','2023-11-30 06:22:42'),(333,3,'Antofagasta','2023-11-30 06:22:42','2023-11-30 06:22:42'),(334,3,'Belén','2023-11-30 06:22:42','2023-11-30 06:22:42'),(335,3,'Capayán','2023-11-30 06:22:42','2023-11-30 06:22:42'),(336,3,'Capital','2023-11-30 06:22:42','2023-11-30 06:22:42'),(337,3,'Corral Quemado','2023-11-30 06:22:42','2023-11-30 06:22:42'),(338,3,'El Alto','2023-11-30 06:22:42','2023-11-30 06:22:42'),(339,3,'El Rodeo','2023-11-30 06:22:42','2023-11-30 06:22:42'),(340,3,'F.Mamerto Esquiú','2023-11-30 06:22:42','2023-11-30 06:22:42'),(341,3,'Fiambalá','2023-11-30 06:22:42','2023-11-30 06:22:42'),(342,3,'Hualfín','2023-11-30 06:22:42','2023-11-30 06:22:42'),(343,3,'Huillapima','2023-11-30 06:22:42','2023-11-30 06:22:42'),(344,3,'Icaño','2023-11-30 06:22:42','2023-11-30 06:22:42'),(345,3,'La Puerta','2023-11-30 06:22:42','2023-11-30 06:22:42'),(346,3,'Las Juntas','2023-11-30 06:22:42','2023-11-30 06:22:42'),(347,3,'Londres','2023-11-30 06:22:42','2023-11-30 06:22:42'),(348,3,'Los Altos','2023-11-30 06:22:42','2023-11-30 06:22:42'),(349,3,'Los Varela','2023-11-30 06:22:42','2023-11-30 06:22:42'),(350,3,'Mutquín','2023-11-30 06:22:42','2023-11-30 06:22:42'),(351,3,'Paclín','2023-11-30 06:22:42','2023-11-30 06:22:42'),(352,3,'Poman','2023-11-30 06:22:42','2023-11-30 06:22:42'),(353,3,'Pozo de La Piedra','2023-11-30 06:22:42','2023-11-30 06:22:42'),(354,3,'Puerta de Corral','2023-11-30 06:22:42','2023-11-30 06:22:42'),(355,3,'Puerta San José','2023-11-30 06:22:42','2023-11-30 06:22:42'),(356,3,'Recreo','2023-11-30 06:22:42','2023-11-30 06:22:42'),(357,3,'S.F.V de 4','2023-11-30 06:22:42','2023-11-30 06:22:42'),(358,3,'San Fernando','2023-11-30 06:22:42','2023-11-30 06:22:42'),(359,3,'San Fernando del Valle','2023-11-30 06:22:42','2023-11-30 06:22:42'),(360,3,'San José','2023-11-30 06:22:42','2023-11-30 06:22:42'),(361,3,'Santa María','2023-11-30 06:22:42','2023-11-30 06:22:42'),(362,3,'Santa Rosa','2023-11-30 06:22:42','2023-11-30 06:22:42'),(363,3,'Saujil','2023-11-30 06:22:42','2023-11-30 06:22:42'),(364,3,'Tapso','2023-11-30 06:22:42','2023-11-30 06:22:42'),(365,3,'Tinogasta','2023-11-30 06:22:42','2023-11-30 06:22:42'),(366,3,'Valle Viejo','2023-11-30 06:22:42','2023-11-30 06:22:42'),(367,3,'Villa Vil','2023-11-30 06:22:42','2023-11-30 06:22:42'),(368,4,'Achiras','2023-11-30 06:22:42','2023-11-30 06:22:42'),(369,4,'Adelia Maria','2023-11-30 06:22:42','2023-11-30 06:22:42'),(370,4,'Agua de Oro','2023-11-30 06:22:42','2023-11-30 06:22:42'),(371,4,'Alcira Gigena','2023-11-30 06:22:42','2023-11-30 06:22:42'),(372,4,'Aldea Santa Maria','2023-11-30 06:22:42','2023-11-30 06:22:42'),(373,4,'Alejandro Roca','2023-11-30 06:22:42','2023-11-30 06:22:42'),(374,4,'Alejo Ledesma','2023-11-30 06:22:42','2023-11-30 06:22:42'),(375,4,'Alicia','2023-11-30 06:22:42','2023-11-30 06:22:42'),(376,4,'Almafuerte','2023-11-30 06:22:42','2023-11-30 06:22:42'),(377,4,'Alpa Corral','2023-11-30 06:22:42','2023-11-30 06:22:42'),(378,4,'Alta Gracia','2023-11-30 06:22:42','2023-11-30 06:22:42'),(379,4,'Alto Alegre','2023-11-30 06:22:42','2023-11-30 06:22:42'),(380,4,'Alto de Los Quebrachos','2023-11-30 06:22:42','2023-11-30 06:22:42'),(381,4,'Altos de Chipion','2023-11-30 06:22:42','2023-11-30 06:22:42'),(382,4,'Amboy','2023-11-30 06:22:42','2023-11-30 06:22:42'),(383,4,'Ambul','2023-11-30 06:22:42','2023-11-30 06:22:42'),(384,4,'Ana Zumaran','2023-11-30 06:22:42','2023-11-30 06:22:42'),(385,4,'Anisacate','2023-11-30 06:22:42','2023-11-30 06:22:42'),(386,4,'Arguello','2023-11-30 06:22:42','2023-11-30 06:22:42'),(387,4,'Arias','2023-11-30 06:22:42','2023-11-30 06:22:42'),(388,4,'Arroyito','2023-11-30 06:22:42','2023-11-30 06:22:42'),(389,4,'Arroyo Algodon','2023-11-30 06:22:42','2023-11-30 06:22:42'),(390,4,'Arroyo Cabral','2023-11-30 06:22:42','2023-11-30 06:22:42'),(391,4,'Arroyo Los Patos','2023-11-30 06:22:42','2023-11-30 06:22:42'),(392,4,'Assunta','2023-11-30 06:22:42','2023-11-30 06:22:42'),(393,4,'Atahona','2023-11-30 06:22:42','2023-11-30 06:22:42'),(394,4,'Ausonia','2023-11-30 06:22:42','2023-11-30 06:22:42'),(395,4,'Avellaneda','2023-11-30 06:22:42','2023-11-30 06:22:42'),(396,4,'Ballesteros','2023-11-30 06:22:42','2023-11-30 06:22:42'),(397,4,'Ballesteros Sud','2023-11-30 06:22:42','2023-11-30 06:22:42'),(398,4,'Balnearia','2023-11-30 06:22:42','2023-11-30 06:22:42'),(399,4,'Bañado de Soto','2023-11-30 06:22:42','2023-11-30 06:22:42'),(400,4,'Bell Ville','2023-11-30 06:22:42','2023-11-30 06:22:42'),(401,4,'Bengolea','2023-11-30 06:22:42','2023-11-30 06:22:42'),(402,4,'Benjamin Gould','2023-11-30 06:22:42','2023-11-30 06:22:42'),(403,4,'Berrotaran','2023-11-30 06:22:42','2023-11-30 06:22:42'),(404,4,'Bialet Masse','2023-11-30 06:22:42','2023-11-30 06:22:42'),(405,4,'Bouwer','2023-11-30 06:22:42','2023-11-30 06:22:42'),(406,4,'Brinkmann','2023-11-30 06:22:42','2023-11-30 06:22:42'),(407,4,'Buchardo','2023-11-30 06:22:42','2023-11-30 06:22:42'),(408,4,'Bulnes','2023-11-30 06:22:42','2023-11-30 06:22:42'),(409,4,'Cabalango','2023-11-30 06:22:42','2023-11-30 06:22:42'),(410,4,'Calamuchita','2023-11-30 06:22:42','2023-11-30 06:22:42'),(411,4,'Calchin','2023-11-30 06:22:42','2023-11-30 06:22:42'),(412,4,'Calchin Oeste','2023-11-30 06:22:42','2023-11-30 06:22:42'),(413,4,'Calmayo','2023-11-30 06:22:42','2023-11-30 06:22:42'),(414,4,'Camilo Aldao','2023-11-30 06:22:42','2023-11-30 06:22:42'),(415,4,'Caminiaga','2023-11-30 06:22:42','2023-11-30 06:22:42'),(416,4,'Cañada de Luque','2023-11-30 06:22:42','2023-11-30 06:22:42'),(417,4,'Cañada de Machado','2023-11-30 06:22:42','2023-11-30 06:22:42'),(418,4,'Cañada de Rio Pinto','2023-11-30 06:22:42','2023-11-30 06:22:42'),(419,4,'Cañada del Sauce','2023-11-30 06:22:42','2023-11-30 06:22:42'),(420,4,'Canals','2023-11-30 06:22:42','2023-11-30 06:22:42'),(421,4,'Candelaria Sud','2023-11-30 06:22:42','2023-11-30 06:22:42'),(422,4,'Capilla de Remedios','2023-11-30 06:22:42','2023-11-30 06:22:42'),(423,4,'Capilla de Siton','2023-11-30 06:22:42','2023-11-30 06:22:42'),(424,4,'Capilla del Carmen','2023-11-30 06:22:42','2023-11-30 06:22:42'),(425,4,'Capilla del Monte','2023-11-30 06:22:42','2023-11-30 06:22:42'),(426,4,'Capital','2023-11-30 06:22:42','2023-11-30 06:22:42'),(427,4,'Capitan Gral B. O´Higgins','2023-11-30 06:22:42','2023-11-30 06:22:42'),(428,4,'Carnerillo','2023-11-30 06:22:42','2023-11-30 06:22:42'),(429,4,'Carrilobo','2023-11-30 06:22:42','2023-11-30 06:22:42'),(430,4,'Casa Grande','2023-11-30 06:22:42','2023-11-30 06:22:42'),(431,4,'Cavanagh','2023-11-30 06:22:42','2023-11-30 06:22:42'),(432,4,'Cerro Colorado','2023-11-30 06:22:42','2023-11-30 06:22:42'),(433,4,'Chaján','2023-11-30 06:22:42','2023-11-30 06:22:42'),(434,4,'Chalacea','2023-11-30 06:22:42','2023-11-30 06:22:42'),(435,4,'Chañar Viejo','2023-11-30 06:22:42','2023-11-30 06:22:42'),(436,4,'Chancaní','2023-11-30 06:22:42','2023-11-30 06:22:42'),(437,4,'Charbonier','2023-11-30 06:22:42','2023-11-30 06:22:42'),(438,4,'Charras','2023-11-30 06:22:42','2023-11-30 06:22:42'),(439,4,'Chazón','2023-11-30 06:22:42','2023-11-30 06:22:42'),(440,4,'Chilibroste','2023-11-30 06:22:42','2023-11-30 06:22:42'),(441,4,'Chucul','2023-11-30 06:22:42','2023-11-30 06:22:42'),(442,4,'Chuña','2023-11-30 06:22:42','2023-11-30 06:22:42'),(443,4,'Chuña Huasi','2023-11-30 06:22:42','2023-11-30 06:22:42'),(444,4,'Churqui Cañada','2023-11-30 06:22:42','2023-11-30 06:22:42'),(445,4,'Cienaga Del Coro','2023-11-30 06:22:42','2023-11-30 06:22:42'),(446,4,'Cintra','2023-11-30 06:22:42','2023-11-30 06:22:42'),(447,4,'Col. Almada','2023-11-30 06:22:42','2023-11-30 06:22:42'),(448,4,'Col. Anita','2023-11-30 06:22:42','2023-11-30 06:22:42'),(449,4,'Col. Barge','2023-11-30 06:22:42','2023-11-30 06:22:42'),(450,4,'Col. Bismark','2023-11-30 06:22:42','2023-11-30 06:22:42'),(451,4,'Col. Bremen','2023-11-30 06:22:42','2023-11-30 06:22:42'),(452,4,'Col. Caroya','2023-11-30 06:22:42','2023-11-30 06:22:42'),(453,4,'Col. Italiana','2023-11-30 06:22:42','2023-11-30 06:22:42'),(454,4,'Col. Iturraspe','2023-11-30 06:22:42','2023-11-30 06:22:42'),(455,4,'Col. Las Cuatro Esquinas','2023-11-30 06:22:42','2023-11-30 06:22:42'),(456,4,'Col. Las Pichanas','2023-11-30 06:22:42','2023-11-30 06:22:42'),(457,4,'Col. Marina','2023-11-30 06:22:42','2023-11-30 06:22:42'),(458,4,'Col. Prosperidad','2023-11-30 06:22:42','2023-11-30 06:22:42'),(459,4,'Col. San Bartolome','2023-11-30 06:22:42','2023-11-30 06:22:42'),(460,4,'Col. San Pedro','2023-11-30 06:22:42','2023-11-30 06:22:42'),(461,4,'Col. Tirolesa','2023-11-30 06:22:42','2023-11-30 06:22:42'),(462,4,'Col. Vicente Aguero','2023-11-30 06:22:42','2023-11-30 06:22:42'),(463,4,'Col. Videla','2023-11-30 06:22:42','2023-11-30 06:22:42'),(464,4,'Col. Vignaud','2023-11-30 06:22:42','2023-11-30 06:22:42'),(465,4,'Col. Waltelina','2023-11-30 06:22:42','2023-11-30 06:22:42'),(466,4,'Colazo','2023-11-30 06:22:42','2023-11-30 06:22:42'),(467,4,'Comechingones','2023-11-30 06:22:42','2023-11-30 06:22:42'),(468,4,'Conlara','2023-11-30 06:22:42','2023-11-30 06:22:42'),(469,4,'Copacabana','2023-11-30 06:22:42','2023-11-30 06:22:42'),(470,4,'Coronel Baigorria','2023-11-30 06:22:42','2023-11-30 06:22:42'),(471,4,'Coronel Moldes','2023-11-30 06:22:42','2023-11-30 06:22:42'),(472,4,'Corral de Bustos','2023-11-30 06:22:42','2023-11-30 06:22:42'),(473,4,'Corralito','2023-11-30 06:22:42','2023-11-30 06:22:42'),(474,4,'Cosquín','2023-11-30 06:22:42','2023-11-30 06:22:42'),(475,4,'Costa Sacate','2023-11-30 06:22:42','2023-11-30 06:22:42'),(476,4,'Cruz Alta','2023-11-30 06:22:42','2023-11-30 06:22:42'),(477,4,'Cruz de Caña','2023-11-30 06:22:42','2023-11-30 06:22:42'),(478,4,'Cruz del Eje','2023-11-30 06:22:42','2023-11-30 06:22:42'),(479,4,'Cuesta Blanca','2023-11-30 06:22:42','2023-11-30 06:22:42'),(480,4,'Dean Funes','2023-11-30 06:22:42','2023-11-30 06:22:42'),(481,4,'Del Campillo','2023-11-30 06:22:42','2023-11-30 06:22:42'),(482,4,'Despeñaderos','2023-11-30 06:22:42','2023-11-30 06:22:42'),(483,4,'Devoto','2023-11-30 06:22:42','2023-11-30 06:22:42'),(484,4,'Diego de Rojas','2023-11-30 06:22:42','2023-11-30 06:22:42'),(485,4,'Dique Chico','2023-11-30 06:22:42','2023-11-30 06:22:42'),(486,4,'El Arañado','2023-11-30 06:22:42','2023-11-30 06:22:42'),(487,4,'El Brete','2023-11-30 06:22:42','2023-11-30 06:22:42'),(488,4,'El Chacho','2023-11-30 06:22:42','2023-11-30 06:22:42'),(489,4,'El Crispín','2023-11-30 06:22:42','2023-11-30 06:22:42'),(490,4,'El Fortín','2023-11-30 06:22:42','2023-11-30 06:22:42'),(491,4,'El Manzano','2023-11-30 06:22:42','2023-11-30 06:22:42'),(492,4,'El Rastreador','2023-11-30 06:22:42','2023-11-30 06:22:42'),(493,4,'El Rodeo','2023-11-30 06:22:42','2023-11-30 06:22:42'),(494,4,'El Tío','2023-11-30 06:22:42','2023-11-30 06:22:42'),(495,4,'Elena','2023-11-30 06:22:42','2023-11-30 06:22:42'),(496,4,'Embalse','2023-11-30 06:22:42','2023-11-30 06:22:42'),(497,4,'Esquina','2023-11-30 06:22:42','2023-11-30 06:22:42'),(498,4,'Estación Gral. Paz','2023-11-30 06:22:42','2023-11-30 06:22:42'),(499,4,'Estación Juárez Celman','2023-11-30 06:22:42','2023-11-30 06:22:42'),(500,4,'Estancia de Guadalupe','2023-11-30 06:22:42','2023-11-30 06:22:42'),(501,4,'Estancia Vieja','2023-11-30 06:23:43','2023-11-30 06:23:43'),(502,4,'Etruria','2023-11-30 06:23:43','2023-11-30 06:23:43'),(503,4,'Eufrasio Loza','2023-11-30 06:23:43','2023-11-30 06:23:43'),(504,4,'Falda del Carmen','2023-11-30 06:23:43','2023-11-30 06:23:43'),(505,4,'Freyre','2023-11-30 06:23:43','2023-11-30 06:23:43'),(506,4,'Gral. Baldissera','2023-11-30 06:23:43','2023-11-30 06:23:43'),(507,4,'Gral. Cabrera','2023-11-30 06:23:43','2023-11-30 06:23:43'),(508,4,'Gral. Deheza','2023-11-30 06:23:43','2023-11-30 06:23:43'),(509,4,'Gral. Fotheringham','2023-11-30 06:23:43','2023-11-30 06:23:43'),(510,4,'Gral. Levalle','2023-11-30 06:23:43','2023-11-30 06:23:43'),(511,4,'Gral. Roca','2023-11-30 06:23:43','2023-11-30 06:23:43'),(512,4,'Guanaco Muerto','2023-11-30 06:23:43','2023-11-30 06:23:43'),(513,4,'Guasapampa','2023-11-30 06:23:43','2023-11-30 06:23:43'),(514,4,'Guatimozin','2023-11-30 06:23:43','2023-11-30 06:23:43'),(515,4,'Gutenberg','2023-11-30 06:23:43','2023-11-30 06:23:43'),(516,4,'Hernando','2023-11-30 06:23:43','2023-11-30 06:23:43'),(517,4,'Huanchillas','2023-11-30 06:23:43','2023-11-30 06:23:43'),(518,4,'Huerta Grande','2023-11-30 06:23:43','2023-11-30 06:23:43'),(519,4,'Huinca Renanco','2023-11-30 06:23:43','2023-11-30 06:23:43'),(520,4,'Idiazabal','2023-11-30 06:23:43','2023-11-30 06:23:43'),(521,4,'Impira','2023-11-30 06:23:43','2023-11-30 06:23:43'),(522,4,'Inriville','2023-11-30 06:23:43','2023-11-30 06:23:43'),(523,4,'Isla Verde','2023-11-30 06:23:43','2023-11-30 06:23:43'),(524,4,'Italó','2023-11-30 06:23:43','2023-11-30 06:23:43'),(525,4,'James Craik','2023-11-30 06:23:43','2023-11-30 06:23:43'),(526,4,'Jesús María','2023-11-30 06:23:43','2023-11-30 06:23:43'),(527,4,'Jovita','2023-11-30 06:23:43','2023-11-30 06:23:43'),(528,4,'Justiniano Posse','2023-11-30 06:23:43','2023-11-30 06:23:43'),(529,4,'Km 658','2023-11-30 06:23:43','2023-11-30 06:23:43'),(530,4,'L. V. Mansilla','2023-11-30 06:23:43','2023-11-30 06:23:43'),(531,4,'La Batea','2023-11-30 06:23:43','2023-11-30 06:23:43'),(532,4,'La Calera','2023-11-30 06:23:43','2023-11-30 06:23:43'),(533,4,'La Carlota','2023-11-30 06:23:43','2023-11-30 06:23:43'),(534,4,'La Carolina','2023-11-30 06:23:43','2023-11-30 06:23:43'),(535,4,'La Cautiva','2023-11-30 06:23:43','2023-11-30 06:23:43'),(536,4,'La Cesira','2023-11-30 06:23:43','2023-11-30 06:23:43'),(537,4,'La Cruz','2023-11-30 06:23:43','2023-11-30 06:23:43'),(538,4,'La Cumbre','2023-11-30 06:23:43','2023-11-30 06:23:43'),(539,4,'La Cumbrecita','2023-11-30 06:23:43','2023-11-30 06:23:43'),(540,4,'La Falda','2023-11-30 06:23:43','2023-11-30 06:23:43'),(541,4,'La Francia','2023-11-30 06:23:43','2023-11-30 06:23:43'),(542,4,'La Granja','2023-11-30 06:23:43','2023-11-30 06:23:43'),(543,4,'La Higuera','2023-11-30 06:23:43','2023-11-30 06:23:43'),(544,4,'La Laguna','2023-11-30 06:23:43','2023-11-30 06:23:43'),(545,4,'La Paisanita','2023-11-30 06:23:43','2023-11-30 06:23:43'),(546,4,'La Palestina','2023-11-30 06:23:43','2023-11-30 06:23:43'),(547,4,'La Paquita','2023-11-30 06:23:43','2023-11-30 06:23:43'),(548,4,'La Para','2023-11-30 06:23:43','2023-11-30 06:23:43'),(549,4,'La Paz','2023-11-30 06:23:43','2023-11-30 06:23:43'),(550,4,'La Playa','2023-11-30 06:23:43','2023-11-30 06:23:43'),(551,4,'La Playosa','2023-11-30 06:23:43','2023-11-30 06:23:43'),(552,4,'La Población','2023-11-30 06:23:43','2023-11-30 06:23:43'),(553,4,'La Posta','2023-11-30 06:23:43','2023-11-30 06:23:43'),(554,4,'La Puerta','2023-11-30 06:23:43','2023-11-30 06:23:43'),(555,4,'La Quinta','2023-11-30 06:23:43','2023-11-30 06:23:43'),(556,4,'La Rancherita','2023-11-30 06:23:43','2023-11-30 06:23:43'),(557,4,'La Rinconada','2023-11-30 06:23:43','2023-11-30 06:23:43'),(558,4,'La Serranita','2023-11-30 06:23:43','2023-11-30 06:23:43'),(559,4,'La Tordilla','2023-11-30 06:23:43','2023-11-30 06:23:43'),(560,4,'Laborde','2023-11-30 06:23:43','2023-11-30 06:23:43'),(561,4,'Laboulaye','2023-11-30 06:23:43','2023-11-30 06:23:43'),(562,4,'Laguna Larga','2023-11-30 06:23:43','2023-11-30 06:23:43'),(563,4,'Las Acequias','2023-11-30 06:23:43','2023-11-30 06:23:43'),(564,4,'Las Albahacas','2023-11-30 06:23:43','2023-11-30 06:23:43'),(565,4,'Las Arrias','2023-11-30 06:23:43','2023-11-30 06:23:43'),(566,4,'Las Bajadas','2023-11-30 06:23:43','2023-11-30 06:23:43'),(567,4,'Las Caleras','2023-11-30 06:23:43','2023-11-30 06:23:43'),(568,4,'Las Calles','2023-11-30 06:23:43','2023-11-30 06:23:43'),(569,4,'Las Cañadas','2023-11-30 06:23:43','2023-11-30 06:23:43'),(570,4,'Las Gramillas','2023-11-30 06:23:43','2023-11-30 06:23:43'),(571,4,'Las Higueras','2023-11-30 06:23:43','2023-11-30 06:23:43'),(572,4,'Las Isletillas','2023-11-30 06:23:43','2023-11-30 06:23:43'),(573,4,'Las Junturas','2023-11-30 06:23:43','2023-11-30 06:23:43'),(574,4,'Las Palmas','2023-11-30 06:23:43','2023-11-30 06:23:43'),(575,4,'Las Peñas','2023-11-30 06:23:43','2023-11-30 06:23:43'),(576,4,'Las Peñas Sud','2023-11-30 06:23:43','2023-11-30 06:23:43'),(577,4,'Las Perdices','2023-11-30 06:23:43','2023-11-30 06:23:43'),(578,4,'Las Playas','2023-11-30 06:23:43','2023-11-30 06:23:43'),(579,4,'Las Rabonas','2023-11-30 06:23:43','2023-11-30 06:23:43'),(580,4,'Las Saladas','2023-11-30 06:23:43','2023-11-30 06:23:43'),(581,4,'Las Tapias','2023-11-30 06:23:43','2023-11-30 06:23:43'),(582,4,'Las Varas','2023-11-30 06:23:43','2023-11-30 06:23:43'),(583,4,'Las Varillas','2023-11-30 06:23:43','2023-11-30 06:23:43'),(584,4,'Las Vertientes','2023-11-30 06:23:43','2023-11-30 06:23:43'),(585,4,'Leguizamón','2023-11-30 06:23:43','2023-11-30 06:23:43'),(586,4,'Leones','2023-11-30 06:23:43','2023-11-30 06:23:43'),(587,4,'Los Cedros','2023-11-30 06:23:43','2023-11-30 06:23:43'),(588,4,'Los Cerrillos','2023-11-30 06:23:43','2023-11-30 06:23:43'),(589,4,'Los Chañaritos (C.E)','2023-11-30 06:23:43','2023-11-30 06:23:43'),(590,4,'Los Chanaritos (R.S)','2023-11-30 06:23:43','2023-11-30 06:23:43'),(591,4,'Los Cisnes','2023-11-30 06:23:43','2023-11-30 06:23:43'),(592,4,'Los Cocos','2023-11-30 06:23:43','2023-11-30 06:23:43'),(593,4,'Los Cóndores','2023-11-30 06:23:43','2023-11-30 06:23:43'),(594,4,'Los Hornillos','2023-11-30 06:23:43','2023-11-30 06:23:43'),(595,4,'Los Hoyos','2023-11-30 06:23:43','2023-11-30 06:23:43'),(596,4,'Los Mistoles','2023-11-30 06:23:43','2023-11-30 06:23:43'),(597,4,'Los Molinos','2023-11-30 06:23:43','2023-11-30 06:23:43'),(598,4,'Los Pozos','2023-11-30 06:23:43','2023-11-30 06:23:43'),(599,4,'Los Reartes','2023-11-30 06:23:43','2023-11-30 06:23:43'),(600,4,'Los Surgentes','2023-11-30 06:23:43','2023-11-30 06:23:43'),(601,4,'Los Talares','2023-11-30 06:23:43','2023-11-30 06:23:43'),(602,4,'Los Zorros','2023-11-30 06:23:43','2023-11-30 06:23:43'),(603,4,'Lozada','2023-11-30 06:23:43','2023-11-30 06:23:43'),(604,4,'Luca','2023-11-30 06:23:43','2023-11-30 06:23:43'),(605,4,'Luque','2023-11-30 06:23:43','2023-11-30 06:23:43'),(606,4,'Luyaba','2023-11-30 06:23:43','2023-11-30 06:23:43'),(607,4,'Malagueño','2023-11-30 06:23:43','2023-11-30 06:23:43'),(608,4,'Malena','2023-11-30 06:23:43','2023-11-30 06:23:43'),(609,4,'Malvinas Argentinas','2023-11-30 06:23:43','2023-11-30 06:23:43'),(610,4,'Manfredi','2023-11-30 06:23:43','2023-11-30 06:23:43'),(611,4,'Maquinista Gallini','2023-11-30 06:23:43','2023-11-30 06:23:43'),(612,4,'Marcos Juárez','2023-11-30 06:23:43','2023-11-30 06:23:43'),(613,4,'Marull','2023-11-30 06:23:43','2023-11-30 06:23:43'),(614,4,'Matorrales','2023-11-30 06:23:43','2023-11-30 06:23:43'),(615,4,'Mattaldi','2023-11-30 06:23:43','2023-11-30 06:23:43'),(616,4,'Mayu Sumaj','2023-11-30 06:23:43','2023-11-30 06:23:43'),(617,4,'Media Naranja','2023-11-30 06:23:43','2023-11-30 06:23:43'),(618,4,'Melo','2023-11-30 06:23:43','2023-11-30 06:23:43'),(619,4,'Mendiolaza','2023-11-30 06:23:43','2023-11-30 06:23:43'),(620,4,'Mi Granja','2023-11-30 06:23:43','2023-11-30 06:23:43'),(621,4,'Mina Clavero','2023-11-30 06:23:43','2023-11-30 06:23:43'),(622,4,'Miramar','2023-11-30 06:23:43','2023-11-30 06:23:43'),(623,4,'Morrison','2023-11-30 06:23:43','2023-11-30 06:23:43'),(624,4,'Morteros','2023-11-30 06:23:43','2023-11-30 06:23:43'),(625,4,'Mte. Buey','2023-11-30 06:23:43','2023-11-30 06:23:43'),(626,4,'Mte. Cristo','2023-11-30 06:23:43','2023-11-30 06:23:43'),(627,4,'Mte. De Los Gauchos','2023-11-30 06:23:43','2023-11-30 06:23:43'),(628,4,'Mte. Leña','2023-11-30 06:23:43','2023-11-30 06:23:43'),(629,4,'Mte. Maíz','2023-11-30 06:23:43','2023-11-30 06:23:43'),(630,4,'Mte. Ralo','2023-11-30 06:23:43','2023-11-30 06:23:43'),(631,4,'Nicolás Bruzone','2023-11-30 06:23:43','2023-11-30 06:23:43'),(632,4,'Noetinger','2023-11-30 06:23:43','2023-11-30 06:23:43'),(633,4,'Nono','2023-11-30 06:23:43','2023-11-30 06:23:43'),(634,4,'Nueva 7','2023-11-30 06:23:43','2023-11-30 06:23:43'),(635,4,'Obispo Trejo','2023-11-30 06:23:43','2023-11-30 06:23:43'),(636,4,'Olaeta','2023-11-30 06:23:43','2023-11-30 06:23:43'),(637,4,'Oliva','2023-11-30 06:23:43','2023-11-30 06:23:43'),(638,4,'Olivares San Nicolás','2023-11-30 06:23:43','2023-11-30 06:23:43'),(639,4,'Onagolty','2023-11-30 06:23:43','2023-11-30 06:23:43'),(640,4,'Oncativo','2023-11-30 06:23:43','2023-11-30 06:23:43'),(641,4,'Ordoñez','2023-11-30 06:23:43','2023-11-30 06:23:43'),(642,4,'Pacheco De Melo','2023-11-30 06:23:43','2023-11-30 06:23:43'),(643,4,'Pampayasta N.','2023-11-30 06:23:43','2023-11-30 06:23:43'),(644,4,'Pampayasta S.','2023-11-30 06:23:43','2023-11-30 06:23:43'),(645,4,'Panaholma','2023-11-30 06:23:43','2023-11-30 06:23:43'),(646,4,'Pascanas','2023-11-30 06:23:43','2023-11-30 06:23:43'),(647,4,'Pasco','2023-11-30 06:23:43','2023-11-30 06:23:43'),(648,4,'Paso del Durazno','2023-11-30 06:23:43','2023-11-30 06:23:43'),(649,4,'Paso Viejo','2023-11-30 06:23:43','2023-11-30 06:23:43'),(650,4,'Pilar','2023-11-30 06:23:43','2023-11-30 06:23:43'),(651,4,'Pincén','2023-11-30 06:23:43','2023-11-30 06:23:43'),(652,4,'Piquillín','2023-11-30 06:23:43','2023-11-30 06:23:43'),(653,4,'Plaza de Mercedes','2023-11-30 06:23:43','2023-11-30 06:23:43'),(654,4,'Plaza Luxardo','2023-11-30 06:23:43','2023-11-30 06:23:43'),(655,4,'Porteña','2023-11-30 06:23:43','2023-11-30 06:23:43'),(656,4,'Potrero de Garay','2023-11-30 06:23:43','2023-11-30 06:23:43'),(657,4,'Pozo del Molle','2023-11-30 06:23:43','2023-11-30 06:23:43'),(658,4,'Pozo Nuevo','2023-11-30 06:23:43','2023-11-30 06:23:43'),(659,4,'Pueblo Italiano','2023-11-30 06:23:43','2023-11-30 06:23:43'),(660,4,'Puesto de Castro','2023-11-30 06:23:43','2023-11-30 06:23:43'),(661,4,'Punta del Agua','2023-11-30 06:23:43','2023-11-30 06:23:43'),(662,4,'Quebracho Herrado','2023-11-30 06:23:43','2023-11-30 06:23:43'),(663,4,'Quilino','2023-11-30 06:23:43','2023-11-30 06:23:43'),(664,4,'Rafael García','2023-11-30 06:23:43','2023-11-30 06:23:43'),(665,4,'Ranqueles','2023-11-30 06:23:43','2023-11-30 06:23:43'),(666,4,'Rayo Cortado','2023-11-30 06:23:43','2023-11-30 06:23:43'),(667,4,'Reducción','2023-11-30 06:23:43','2023-11-30 06:23:43'),(668,4,'Rincón','2023-11-30 06:23:43','2023-11-30 06:23:43'),(669,4,'Río Bamba','2023-11-30 06:23:43','2023-11-30 06:23:43'),(670,4,'Río Ceballos','2023-11-30 06:23:43','2023-11-30 06:23:43'),(671,4,'Río Cuarto','2023-11-30 06:23:43','2023-11-30 06:23:43'),(672,4,'Río de Los Sauces','2023-11-30 06:23:43','2023-11-30 06:23:43'),(673,4,'Río Primero','2023-11-30 06:23:43','2023-11-30 06:23:43'),(674,4,'Río Segundo','2023-11-30 06:23:43','2023-11-30 06:23:43'),(675,4,'Río Tercero','2023-11-30 06:23:43','2023-11-30 06:23:43'),(676,4,'Rosales','2023-11-30 06:23:43','2023-11-30 06:23:43'),(677,4,'Rosario del Saladillo','2023-11-30 06:23:43','2023-11-30 06:23:43'),(678,4,'Sacanta','2023-11-30 06:23:43','2023-11-30 06:23:43'),(679,4,'Sagrada Familia','2023-11-30 06:23:43','2023-11-30 06:23:43'),(680,4,'Saira','2023-11-30 06:23:43','2023-11-30 06:23:43'),(681,4,'Saladillo','2023-11-30 06:23:43','2023-11-30 06:23:43'),(682,4,'Saldán','2023-11-30 06:23:43','2023-11-30 06:23:43'),(683,4,'Salsacate','2023-11-30 06:23:43','2023-11-30 06:23:43'),(684,4,'Salsipuedes','2023-11-30 06:23:43','2023-11-30 06:23:43'),(685,4,'Sampacho','2023-11-30 06:23:43','2023-11-30 06:23:43'),(686,4,'San Agustín','2023-11-30 06:23:43','2023-11-30 06:23:43'),(687,4,'San Antonio de Arredondo','2023-11-30 06:23:43','2023-11-30 06:23:43'),(688,4,'San Antonio de Litín','2023-11-30 06:23:43','2023-11-30 06:23:43'),(689,4,'San Basilio','2023-11-30 06:23:43','2023-11-30 06:23:43'),(690,4,'San Carlos Minas','2023-11-30 06:23:43','2023-11-30 06:23:43'),(691,4,'San Clemente','2023-11-30 06:23:43','2023-11-30 06:23:43'),(692,4,'San Esteban','2023-11-30 06:23:43','2023-11-30 06:23:43'),(693,4,'San Francisco','2023-11-30 06:23:43','2023-11-30 06:23:43'),(694,4,'San Ignacio','2023-11-30 06:23:43','2023-11-30 06:23:43'),(695,4,'San Javier','2023-11-30 06:23:43','2023-11-30 06:23:43'),(696,4,'San Jerónimo','2023-11-30 06:23:43','2023-11-30 06:23:43'),(697,4,'San Joaquín','2023-11-30 06:23:43','2023-11-30 06:23:43'),(698,4,'San José de La Dormida','2023-11-30 06:23:43','2023-11-30 06:23:43'),(699,4,'San José de Las Salinas','2023-11-30 06:23:43','2023-11-30 06:23:43'),(700,4,'San Lorenzo','2023-11-30 06:23:43','2023-11-30 06:23:43'),(701,4,'San Marcos Sierras','2023-11-30 06:23:43','2023-11-30 06:23:43'),(702,4,'San Marcos Sud','2023-11-30 06:23:43','2023-11-30 06:23:43'),(703,4,'San Pedro','2023-11-30 06:23:43','2023-11-30 06:23:43'),(704,4,'San Pedro N.','2023-11-30 06:23:43','2023-11-30 06:23:43'),(705,4,'San Roque','2023-11-30 06:23:43','2023-11-30 06:23:43'),(706,4,'San Vicente','2023-11-30 06:23:43','2023-11-30 06:23:43'),(707,4,'Santa Catalina','2023-11-30 06:23:43','2023-11-30 06:23:43'),(708,4,'Santa Elena','2023-11-30 06:23:43','2023-11-30 06:23:43'),(709,4,'Santa Eufemia','2023-11-30 06:23:43','2023-11-30 06:23:43'),(710,4,'Santa Maria','2023-11-30 06:23:43','2023-11-30 06:23:43'),(711,4,'Sarmiento','2023-11-30 06:23:43','2023-11-30 06:23:43'),(712,4,'Saturnino M.Laspiur','2023-11-30 06:23:43','2023-11-30 06:23:43'),(713,4,'Sauce Arriba','2023-11-30 06:23:43','2023-11-30 06:23:43'),(714,4,'Sebastián Elcano','2023-11-30 06:23:43','2023-11-30 06:23:43'),(715,4,'Seeber','2023-11-30 06:23:43','2023-11-30 06:23:43'),(716,4,'Segunda Usina','2023-11-30 06:23:43','2023-11-30 06:23:43'),(717,4,'Serrano','2023-11-30 06:23:43','2023-11-30 06:23:43'),(718,4,'Serrezuela','2023-11-30 06:23:43','2023-11-30 06:23:43'),(719,4,'Sgo. Temple','2023-11-30 06:23:43','2023-11-30 06:23:43'),(720,4,'Silvio Pellico','2023-11-30 06:23:43','2023-11-30 06:23:43'),(721,4,'Simbolar','2023-11-30 06:23:43','2023-11-30 06:23:43'),(722,4,'Sinsacate','2023-11-30 06:23:43','2023-11-30 06:23:43'),(723,4,'Sta. Rosa de Calamuchita','2023-11-30 06:23:43','2023-11-30 06:23:43'),(724,4,'Sta. Rosa de Río Primero','2023-11-30 06:23:43','2023-11-30 06:23:43'),(725,4,'Suco','2023-11-30 06:23:43','2023-11-30 06:23:43'),(726,4,'Tala Cañada','2023-11-30 06:23:43','2023-11-30 06:23:43'),(727,4,'Tala Huasi','2023-11-30 06:23:43','2023-11-30 06:23:43'),(728,4,'Talaini','2023-11-30 06:23:43','2023-11-30 06:23:43'),(729,4,'Tancacha','2023-11-30 06:23:43','2023-11-30 06:23:43'),(730,4,'Tanti','2023-11-30 06:23:43','2023-11-30 06:23:43'),(731,4,'Ticino','2023-11-30 06:23:43','2023-11-30 06:23:43'),(732,4,'Tinoco','2023-11-30 06:23:43','2023-11-30 06:23:43'),(733,4,'Tío Pujio','2023-11-30 06:23:43','2023-11-30 06:23:43'),(734,4,'Toledo','2023-11-30 06:23:43','2023-11-30 06:23:43'),(735,4,'Toro Pujio','2023-11-30 06:23:43','2023-11-30 06:23:43'),(736,4,'Tosno','2023-11-30 06:23:43','2023-11-30 06:23:43'),(737,4,'Tosquita','2023-11-30 06:23:43','2023-11-30 06:23:43'),(738,4,'Tránsito','2023-11-30 06:23:43','2023-11-30 06:23:43'),(739,4,'Tuclame','2023-11-30 06:23:43','2023-11-30 06:23:43'),(740,4,'Tutti','2023-11-30 06:23:43','2023-11-30 06:23:43'),(741,4,'Ucacha','2023-11-30 06:23:43','2023-11-30 06:23:43'),(742,4,'Unquillo','2023-11-30 06:23:43','2023-11-30 06:23:43'),(743,4,'Valle de Anisacate','2023-11-30 06:23:43','2023-11-30 06:23:43'),(744,4,'Valle Hermoso','2023-11-30 06:23:43','2023-11-30 06:23:43'),(745,4,'Vélez Sarfield','2023-11-30 06:23:43','2023-11-30 06:23:43'),(746,4,'Viamonte','2023-11-30 06:23:43','2023-11-30 06:23:43'),(747,4,'Vicuña Mackenna','2023-11-30 06:23:43','2023-11-30 06:23:43'),(748,4,'Villa Allende','2023-11-30 06:23:43','2023-11-30 06:23:43'),(749,4,'Villa Amancay','2023-11-30 06:23:43','2023-11-30 06:23:43'),(750,4,'Villa Ascasubi','2023-11-30 06:23:43','2023-11-30 06:23:43'),(751,4,'Villa Candelaria N.','2023-11-30 06:23:43','2023-11-30 06:23:43'),(752,4,'Villa Carlos Paz','2023-11-30 06:23:43','2023-11-30 06:23:43'),(753,4,'Villa Cerro Azul','2023-11-30 06:23:43','2023-11-30 06:23:43'),(754,4,'Villa Ciudad de América','2023-11-30 06:23:43','2023-11-30 06:23:43'),(755,4,'Villa Ciudad Pque Los Reartes','2023-11-30 06:23:43','2023-11-30 06:23:43'),(756,4,'Villa Concepción del Tío','2023-11-30 06:23:43','2023-11-30 06:23:43'),(757,4,'Villa Cura Brochero','2023-11-30 06:23:43','2023-11-30 06:23:43'),(758,4,'Villa de Las Rosas','2023-11-30 06:23:43','2023-11-30 06:23:43'),(759,4,'Villa de María','2023-11-30 06:23:43','2023-11-30 06:23:43'),(760,4,'Villa de Pocho','2023-11-30 06:23:43','2023-11-30 06:23:43'),(761,4,'Villa de Soto','2023-11-30 06:23:43','2023-11-30 06:23:43'),(762,4,'Villa del Dique','2023-11-30 06:23:43','2023-11-30 06:23:43'),(763,4,'Villa del Prado','2023-11-30 06:23:43','2023-11-30 06:23:43'),(764,4,'Villa del Rosario','2023-11-30 06:23:43','2023-11-30 06:23:43'),(765,4,'Villa del Totoral','2023-11-30 06:23:43','2023-11-30 06:23:43'),(766,4,'Villa Dolores','2023-11-30 06:23:43','2023-11-30 06:23:43'),(767,4,'Villa El Chancay','2023-11-30 06:23:43','2023-11-30 06:23:43'),(768,4,'Villa Elisa','2023-11-30 06:23:43','2023-11-30 06:23:43'),(769,4,'Villa Flor Serrana','2023-11-30 06:23:43','2023-11-30 06:23:43'),(770,4,'Villa Fontana','2023-11-30 06:23:43','2023-11-30 06:23:43'),(771,4,'Villa Giardino','2023-11-30 06:23:43','2023-11-30 06:23:43'),(772,4,'Villa Gral. Belgrano','2023-11-30 06:23:43','2023-11-30 06:23:43'),(773,4,'Villa Gutierrez','2023-11-30 06:23:43','2023-11-30 06:23:43'),(774,4,'Villa Huidobro','2023-11-30 06:23:43','2023-11-30 06:23:43'),(775,4,'Villa La Bolsa','2023-11-30 06:23:43','2023-11-30 06:23:43'),(776,4,'Villa Los Aromos','2023-11-30 06:23:43','2023-11-30 06:23:43'),(777,4,'Villa Los Patos','2023-11-30 06:23:43','2023-11-30 06:23:43'),(778,4,'Villa María','2023-11-30 06:23:43','2023-11-30 06:23:43'),(779,4,'Villa Nueva','2023-11-30 06:23:43','2023-11-30 06:23:43'),(780,4,'Villa Pque. Santa Ana','2023-11-30 06:23:43','2023-11-30 06:23:43'),(781,4,'Villa Pque. Siquiman','2023-11-30 06:23:43','2023-11-30 06:23:43'),(782,4,'Villa Quillinzo','2023-11-30 06:23:43','2023-11-30 06:23:43'),(783,4,'Villa Rossi','2023-11-30 06:23:43','2023-11-30 06:23:43'),(784,4,'Villa Rumipal','2023-11-30 06:23:43','2023-11-30 06:23:43'),(785,4,'Villa San Esteban','2023-11-30 06:23:43','2023-11-30 06:23:43'),(786,4,'Villa San Isidro','2023-11-30 06:23:43','2023-11-30 06:23:43'),(787,4,'Villa 21','2023-11-30 06:23:43','2023-11-30 06:23:43'),(788,4,'Villa Sarmiento (G.R)','2023-11-30 06:23:43','2023-11-30 06:23:43'),(789,4,'Villa Sarmiento (S.A)','2023-11-30 06:23:43','2023-11-30 06:23:43'),(790,4,'Villa Tulumba','2023-11-30 06:23:43','2023-11-30 06:23:43'),(791,4,'Villa Valeria','2023-11-30 06:23:43','2023-11-30 06:23:43'),(792,4,'Villa Yacanto','2023-11-30 06:23:43','2023-11-30 06:23:43'),(793,4,'Washington','2023-11-30 06:23:43','2023-11-30 06:23:43'),(794,4,'Wenceslao Escalante','2023-11-30 06:23:43','2023-11-30 06:23:43'),(795,4,'Ycho Cruz Sierras','2023-11-30 06:23:43','2023-11-30 06:23:43'),(796,5,'Alvear','2023-11-30 06:23:43','2023-11-30 06:23:43'),(797,5,'Bella Vista','2023-11-30 06:23:43','2023-11-30 06:23:43'),(798,5,'Berón de Astrada','2023-11-30 06:23:43','2023-11-30 06:23:43'),(799,5,'Bonpland','2023-11-30 06:23:43','2023-11-30 06:23:43'),(800,5,'Caá Cati','2023-11-30 06:23:43','2023-11-30 06:23:43'),(801,5,'Capital','2023-11-30 06:23:43','2023-11-30 06:23:43'),(802,5,'Chavarría','2023-11-30 06:23:43','2023-11-30 06:23:43'),(803,5,'Col. C. Pellegrini','2023-11-30 06:23:43','2023-11-30 06:23:43'),(804,5,'Col. Libertad','2023-11-30 06:23:43','2023-11-30 06:23:43'),(805,5,'Col. Liebig','2023-11-30 06:23:43','2023-11-30 06:23:43'),(806,5,'Col. Sta Rosa','2023-11-30 06:23:43','2023-11-30 06:23:43'),(807,5,'Concepción','2023-11-30 06:23:43','2023-11-30 06:23:43'),(808,5,'Cruz de Los Milagros','2023-11-30 06:23:43','2023-11-30 06:23:43'),(809,5,'Curuzú-Cuatiá','2023-11-30 06:23:43','2023-11-30 06:23:43'),(810,5,'Empedrado','2023-11-30 06:23:43','2023-11-30 06:23:43'),(811,5,'Esquina','2023-11-30 06:23:43','2023-11-30 06:23:43'),(812,5,'Estación Torrent','2023-11-30 06:23:43','2023-11-30 06:23:43'),(813,5,'Felipe Yofré','2023-11-30 06:23:43','2023-11-30 06:23:43'),(814,5,'Garruchos','2023-11-30 06:23:43','2023-11-30 06:23:43'),(815,5,'Gdor. Agrónomo','2023-11-30 06:23:43','2023-11-30 06:23:43'),(816,5,'Gdor. Martínez','2023-11-30 06:23:43','2023-11-30 06:23:43'),(817,5,'Goya','2023-11-30 06:23:43','2023-11-30 06:23:43'),(818,5,'Guaviravi','2023-11-30 06:23:43','2023-11-30 06:23:43'),(819,5,'Herlitzka','2023-11-30 06:23:43','2023-11-30 06:23:43'),(820,5,'Ita-Ibate','2023-11-30 06:23:43','2023-11-30 06:23:43'),(821,5,'Itatí','2023-11-30 06:23:43','2023-11-30 06:23:43'),(822,5,'Ituzaingó','2023-11-30 06:23:43','2023-11-30 06:23:43'),(823,5,'José Rafael Gómez','2023-11-30 06:23:43','2023-11-30 06:23:43'),(824,5,'Juan Pujol','2023-11-30 06:23:43','2023-11-30 06:23:43'),(825,5,'La Cruz','2023-11-30 06:23:43','2023-11-30 06:23:43'),(826,5,'Lavalle','2023-11-30 06:23:43','2023-11-30 06:23:43'),(827,5,'Lomas de Vallejos','2023-11-30 06:23:43','2023-11-30 06:23:43'),(828,5,'Loreto','2023-11-30 06:23:43','2023-11-30 06:23:43'),(829,5,'Mariano I. Loza','2023-11-30 06:23:43','2023-11-30 06:23:43'),(830,5,'Mburucuyá','2023-11-30 06:23:43','2023-11-30 06:23:43'),(831,5,'Mercedes','2023-11-30 06:23:43','2023-11-30 06:23:43'),(832,5,'Mocoretá','2023-11-30 06:23:43','2023-11-30 06:23:43'),(833,5,'Mte. Caseros','2023-11-30 06:23:43','2023-11-30 06:23:43'),(834,5,'Nueve de Julio','2023-11-30 06:23:43','2023-11-30 06:23:43'),(835,5,'Palmar Grande','2023-11-30 06:23:43','2023-11-30 06:23:43'),(836,5,'Parada Pucheta','2023-11-30 06:23:43','2023-11-30 06:23:43'),(837,5,'Paso de La Patria','2023-11-30 06:23:43','2023-11-30 06:23:43'),(838,5,'Paso de Los Libres','2023-11-30 06:23:43','2023-11-30 06:23:43'),(839,5,'Pedro R. Fernandez','2023-11-30 06:23:43','2023-11-30 06:23:43'),(840,5,'Perugorría','2023-11-30 06:23:43','2023-11-30 06:23:43'),(841,5,'Pueblo Libertador','2023-11-30 06:23:43','2023-11-30 06:23:43'),(842,5,'Ramada Paso','2023-11-30 06:23:43','2023-11-30 06:23:43'),(843,5,'Riachuelo','2023-11-30 06:23:43','2023-11-30 06:23:43'),(844,5,'Saladas','2023-11-30 06:23:43','2023-11-30 06:23:43'),(845,5,'San Antonio','2023-11-30 06:23:43','2023-11-30 06:23:43'),(846,5,'San Carlos','2023-11-30 06:23:43','2023-11-30 06:23:43'),(847,5,'San Cosme','2023-11-30 06:23:43','2023-11-30 06:23:43'),(848,5,'San Lorenzo','2023-11-30 06:23:43','2023-11-30 06:23:43'),(849,5,'20 del Palmar','2023-11-30 06:23:43','2023-11-30 06:23:43'),(850,5,'San Miguel','2023-11-30 06:23:43','2023-11-30 06:23:43'),(851,5,'San Roque','2023-11-30 06:23:43','2023-11-30 06:23:43'),(852,5,'Santa Ana','2023-11-30 06:23:43','2023-11-30 06:23:43'),(853,5,'Santa Lucía','2023-11-30 06:23:43','2023-11-30 06:23:43'),(854,5,'Santo Tomé','2023-11-30 06:23:43','2023-11-30 06:23:43'),(855,5,'Sauce','2023-11-30 06:23:43','2023-11-30 06:23:43'),(856,5,'Tabay','2023-11-30 06:23:43','2023-11-30 06:23:43'),(857,5,'Tapebicuá','2023-11-30 06:23:43','2023-11-30 06:23:43'),(858,5,'Tatacua','2023-11-30 06:23:43','2023-11-30 06:23:43'),(859,5,'Virasoro','2023-11-30 06:23:43','2023-11-30 06:23:43'),(860,5,'Yapeyú','2023-11-30 06:23:43','2023-11-30 06:23:43'),(861,5,'Yataití Calle','2023-11-30 06:23:43','2023-11-30 06:23:43'),(862,6,'Aviá Teraí','2023-11-30 06:23:43','2023-11-30 06:23:43'),(863,6,'Barranqueras','2023-11-30 06:23:43','2023-11-30 06:23:43'),(864,6,'Basail','2023-11-30 06:23:43','2023-11-30 06:23:43'),(865,6,'Campo Largo','2023-11-30 06:23:43','2023-11-30 06:23:43'),(866,6,'Capital','2023-11-30 06:23:43','2023-11-30 06:23:43'),(867,6,'Capitán Solari','2023-11-30 06:23:43','2023-11-30 06:23:43'),(868,6,'Charadai','2023-11-30 06:23:43','2023-11-30 06:23:43'),(869,6,'Charata','2023-11-30 06:23:43','2023-11-30 06:23:43'),(870,6,'Chorotis','2023-11-30 06:23:43','2023-11-30 06:23:43'),(871,6,'Ciervo Petiso','2023-11-30 06:23:43','2023-11-30 06:23:43'),(872,6,'Cnel. Du Graty','2023-11-30 06:23:43','2023-11-30 06:23:43'),(873,6,'Col. Benítez','2023-11-30 06:23:43','2023-11-30 06:23:43'),(874,6,'Col. Elisa','2023-11-30 06:23:43','2023-11-30 06:23:43'),(875,6,'Col. Popular','2023-11-30 06:23:43','2023-11-30 06:23:43'),(876,6,'Colonias Unidas','2023-11-30 06:23:43','2023-11-30 06:23:43'),(877,6,'Concepción','2023-11-30 06:23:43','2023-11-30 06:23:43'),(878,6,'Corzuela','2023-11-30 06:23:43','2023-11-30 06:23:43'),(879,6,'Cote Lai','2023-11-30 06:23:43','2023-11-30 06:23:43'),(880,6,'El Sauzalito','2023-11-30 06:23:43','2023-11-30 06:23:43'),(881,6,'Enrique Urien','2023-11-30 06:23:43','2023-11-30 06:23:43'),(882,6,'Fontana','2023-11-30 06:23:43','2023-11-30 06:23:43'),(883,6,'Fte. Esperanza','2023-11-30 06:23:43','2023-11-30 06:23:43'),(884,6,'Gancedo','2023-11-30 06:23:43','2023-11-30 06:23:43'),(885,6,'Gral. Capdevila','2023-11-30 06:23:43','2023-11-30 06:23:43'),(886,6,'Gral. Pinero','2023-11-30 06:23:43','2023-11-30 06:23:43'),(887,6,'Gral. San Martín','2023-11-30 06:23:43','2023-11-30 06:23:43'),(888,6,'Gral. Vedia','2023-11-30 06:23:43','2023-11-30 06:23:43'),(889,6,'Hermoso Campo','2023-11-30 06:23:43','2023-11-30 06:23:43'),(890,6,'I. del Cerrito','2023-11-30 06:23:43','2023-11-30 06:23:43'),(891,6,'J.J. Castelli','2023-11-30 06:23:43','2023-11-30 06:23:43'),(892,6,'La Clotilde','2023-11-30 06:23:43','2023-11-30 06:23:43'),(893,6,'La Eduvigis','2023-11-30 06:23:43','2023-11-30 06:23:43'),(894,6,'La Escondida','2023-11-30 06:23:43','2023-11-30 06:23:43'),(895,6,'La Leonesa','2023-11-30 06:23:43','2023-11-30 06:23:43'),(896,6,'La Tigra','2023-11-30 06:23:43','2023-11-30 06:23:43'),(897,6,'La Verde','2023-11-30 06:23:43','2023-11-30 06:23:43'),(898,6,'Laguna Blanca','2023-11-30 06:23:43','2023-11-30 06:23:43'),(899,6,'Laguna Limpia','2023-11-30 06:23:43','2023-11-30 06:23:43'),(900,6,'Lapachito','2023-11-30 06:23:43','2023-11-30 06:23:43'),(901,6,'Las Breñas','2023-11-30 06:23:43','2023-11-30 06:23:43'),(902,6,'Las Garcitas','2023-11-30 06:23:43','2023-11-30 06:23:43'),(903,6,'Las Palmas','2023-11-30 06:23:43','2023-11-30 06:23:43'),(904,6,'Los Frentones','2023-11-30 06:23:43','2023-11-30 06:23:43'),(905,6,'Machagai','2023-11-30 06:23:43','2023-11-30 06:23:43'),(906,6,'Makallé','2023-11-30 06:23:43','2023-11-30 06:23:43'),(907,6,'Margarita Belén','2023-11-30 06:23:43','2023-11-30 06:23:43'),(908,6,'Miraflores','2023-11-30 06:23:43','2023-11-30 06:23:43'),(909,6,'Misión N. Pompeya','2023-11-30 06:23:43','2023-11-30 06:23:43'),(910,6,'Napenay','2023-11-30 06:23:43','2023-11-30 06:23:43'),(911,6,'Pampa Almirón','2023-11-30 06:23:43','2023-11-30 06:23:43'),(912,6,'Pampa del Indio','2023-11-30 06:23:43','2023-11-30 06:23:43'),(913,6,'Pampa del Infierno','2023-11-30 06:23:43','2023-11-30 06:23:43'),(914,6,'Pdcia. de La Plaza','2023-11-30 06:23:43','2023-11-30 06:23:43'),(915,6,'Pdcia. Roca','2023-11-30 06:23:43','2023-11-30 06:23:43'),(916,6,'Pdcia. Roque Sáenz Peña','2023-11-30 06:23:43','2023-11-30 06:23:43'),(917,6,'Pto. Bermejo','2023-11-30 06:23:43','2023-11-30 06:23:43'),(918,6,'Pto. Eva Perón','2023-11-30 06:23:43','2023-11-30 06:23:43'),(919,6,'Puero Tirol','2023-11-30 06:23:43','2023-11-30 06:23:43'),(920,6,'Puerto Vilelas','2023-11-30 06:23:43','2023-11-30 06:23:43'),(921,6,'Quitilipi','2023-11-30 06:23:43','2023-11-30 06:23:43'),(922,6,'Resistencia','2023-11-30 06:23:43','2023-11-30 06:23:43'),(923,6,'Sáenz Peña','2023-11-30 06:23:43','2023-11-30 06:23:43'),(924,6,'Samuhú','2023-11-30 06:23:43','2023-11-30 06:23:43'),(925,6,'San Bernardo','2023-11-30 06:23:43','2023-11-30 06:23:43'),(926,6,'Santa Sylvina','2023-11-30 06:23:43','2023-11-30 06:23:43'),(927,6,'Taco Pozo','2023-11-30 06:23:43','2023-11-30 06:23:43'),(928,6,'Tres Isletas','2023-11-30 06:23:43','2023-11-30 06:23:43'),(929,6,'Villa Ángela','2023-11-30 06:23:43','2023-11-30 06:23:43'),(930,6,'Villa Berthet','2023-11-30 06:23:43','2023-11-30 06:23:43'),(931,6,'Villa R. Bermejito','2023-11-30 06:23:43','2023-11-30 06:23:43'),(932,7,'Aviá Teraí','2023-11-30 06:23:43','2023-11-30 06:23:43'),(933,7,'Barranqueras','2023-11-30 06:23:43','2023-11-30 06:23:43'),(934,7,'Basail','2023-11-30 06:23:43','2023-11-30 06:23:43'),(935,7,'Campo Largo','2023-11-30 06:23:43','2023-11-30 06:23:43'),(936,7,'Capital','2023-11-30 06:23:43','2023-11-30 06:23:43'),(937,7,'Capitán Solari','2023-11-30 06:23:43','2023-11-30 06:23:43'),(938,7,'Charadai','2023-11-30 06:23:43','2023-11-30 06:23:43'),(939,7,'Charata','2023-11-30 06:23:43','2023-11-30 06:23:43'),(940,7,'Chorotis','2023-11-30 06:23:43','2023-11-30 06:23:43'),(941,7,'Ciervo Petiso','2023-11-30 06:23:43','2023-11-30 06:23:43'),(942,7,'Cnel. Du Graty','2023-11-30 06:23:43','2023-11-30 06:23:43'),(943,7,'Col. Benítez','2023-11-30 06:23:43','2023-11-30 06:23:43'),(944,7,'Col. Elisa','2023-11-30 06:23:43','2023-11-30 06:23:43'),(945,7,'Col. Popular','2023-11-30 06:23:43','2023-11-30 06:23:43'),(946,7,'Colonias Unidas','2023-11-30 06:23:43','2023-11-30 06:23:43'),(947,7,'Concepción','2023-11-30 06:23:43','2023-11-30 06:23:43'),(948,7,'Corzuela','2023-11-30 06:23:43','2023-11-30 06:23:43'),(949,7,'Cote Lai','2023-11-30 06:23:43','2023-11-30 06:23:43'),(950,7,'El Sauzalito','2023-11-30 06:23:43','2023-11-30 06:23:43'),(951,7,'Enrique Urien','2023-11-30 06:23:43','2023-11-30 06:23:43'),(952,7,'Fontana','2023-11-30 06:23:43','2023-11-30 06:23:43'),(953,7,'Fte. Esperanza','2023-11-30 06:23:43','2023-11-30 06:23:43'),(954,7,'Gancedo','2023-11-30 06:23:43','2023-11-30 06:23:43'),(955,7,'Gral. Capdevila','2023-11-30 06:23:43','2023-11-30 06:23:43'),(956,7,'Gral. Pinero','2023-11-30 06:23:43','2023-11-30 06:23:43'),(957,7,'Gral. San Martín','2023-11-30 06:23:43','2023-11-30 06:23:43'),(958,7,'Gral. Vedia','2023-11-30 06:23:43','2023-11-30 06:23:43'),(959,7,'Hermoso Campo','2023-11-30 06:23:43','2023-11-30 06:23:43'),(960,7,'I. del Cerrito','2023-11-30 06:23:43','2023-11-30 06:23:43'),(961,7,'J.J. Castelli','2023-11-30 06:23:43','2023-11-30 06:23:43'),(962,7,'La Clotilde','2023-11-30 06:23:43','2023-11-30 06:23:43'),(963,7,'La Eduvigis','2023-11-30 06:23:43','2023-11-30 06:23:43'),(964,7,'La Escondida','2023-11-30 06:23:43','2023-11-30 06:23:43'),(965,7,'La Leonesa','2023-11-30 06:23:43','2023-11-30 06:23:43'),(966,7,'La Tigra','2023-11-30 06:23:43','2023-11-30 06:23:43'),(967,7,'La Verde','2023-11-30 06:23:43','2023-11-30 06:23:43'),(968,7,'Laguna Blanca','2023-11-30 06:23:43','2023-11-30 06:23:43'),(969,7,'Laguna Limpia','2023-11-30 06:23:43','2023-11-30 06:23:43'),(970,7,'Lapachito','2023-11-30 06:23:43','2023-11-30 06:23:43'),(971,7,'Las Breñas','2023-11-30 06:23:43','2023-11-30 06:23:43'),(972,7,'Las Garcitas','2023-11-30 06:23:43','2023-11-30 06:23:43'),(973,7,'Las Palmas','2023-11-30 06:23:43','2023-11-30 06:23:43'),(974,7,'Los Frentones','2023-11-30 06:23:43','2023-11-30 06:23:43'),(975,7,'Machagai','2023-11-30 06:23:43','2023-11-30 06:23:43'),(976,7,'Makallé','2023-11-30 06:23:43','2023-11-30 06:23:43'),(977,7,'Margarita Belén','2023-11-30 06:23:43','2023-11-30 06:23:43'),(978,7,'Miraflores','2023-11-30 06:23:43','2023-11-30 06:23:43'),(979,7,'Misión N. Pompeya','2023-11-30 06:23:43','2023-11-30 06:23:43'),(980,7,'Napenay','2023-11-30 06:23:43','2023-11-30 06:23:43'),(981,7,'Pampa Almirón','2023-11-30 06:23:43','2023-11-30 06:23:43'),(982,7,'Pampa del Indio','2023-11-30 06:23:43','2023-11-30 06:23:43'),(983,7,'Pampa del Infierno','2023-11-30 06:23:43','2023-11-30 06:23:43'),(984,7,'Pdcia. de La Plaza','2023-11-30 06:23:43','2023-11-30 06:23:43'),(985,7,'Pdcia. Roca','2023-11-30 06:23:43','2023-11-30 06:23:43'),(986,7,'Pdcia. Roque Sáenz Peña','2023-11-30 06:23:43','2023-11-30 06:23:43'),(987,7,'Pto. Bermejo','2023-11-30 06:23:43','2023-11-30 06:23:43'),(988,7,'Pto. Eva Perón','2023-11-30 06:23:43','2023-11-30 06:23:43'),(989,7,'Puero Tirol','2023-11-30 06:23:43','2023-11-30 06:23:43'),(990,7,'Puerto Vilelas','2023-11-30 06:23:43','2023-11-30 06:23:43'),(991,7,'Quitilipi','2023-11-30 06:23:43','2023-11-30 06:23:43'),(992,7,'Resistencia','2023-11-30 06:23:43','2023-11-30 06:23:43'),(993,7,'Sáenz Peña','2023-11-30 06:23:43','2023-11-30 06:23:43'),(994,7,'Samuhú','2023-11-30 06:23:43','2023-11-30 06:23:43'),(995,7,'San Bernardo','2023-11-30 06:23:43','2023-11-30 06:23:43'),(996,7,'Santa Sylvina','2023-11-30 06:23:43','2023-11-30 06:23:43'),(997,7,'Taco Pozo','2023-11-30 06:23:43','2023-11-30 06:23:43'),(998,7,'Tres Isletas','2023-11-30 06:23:43','2023-11-30 06:23:43'),(999,7,'Villa Ángela','2023-11-30 06:23:43','2023-11-30 06:23:43'),(1000,7,'Villa Berthet','2023-11-30 06:23:43','2023-11-30 06:23:43'),(1001,7,'Villa R. Bermejito','2023-11-30 06:24:10','2023-11-30 06:24:10'),(1002,8,'Alarcón','2023-11-30 06:24:10','2023-11-30 06:24:10'),(1003,8,'Alcaraz','2023-11-30 06:24:10','2023-11-30 06:24:10'),(1004,8,'Alcaraz N.','2023-11-30 06:24:10','2023-11-30 06:24:10'),(1005,8,'Alcaraz S.','2023-11-30 06:24:10','2023-11-30 06:24:10'),(1006,8,'Aldea Asunción','2023-11-30 06:24:10','2023-11-30 06:24:10'),(1007,8,'Aldea Brasilera','2023-11-30 06:24:10','2023-11-30 06:24:10'),(1008,8,'Aldea Elgenfeld','2023-11-30 06:24:10','2023-11-30 06:24:10'),(1009,8,'Aldea Grapschental','2023-11-30 06:24:10','2023-11-30 06:24:10'),(1010,8,'Aldea Ma. Luisa','2023-11-30 06:24:10','2023-11-30 06:24:10'),(1011,8,'Aldea Protestante','2023-11-30 06:24:10','2023-11-30 06:24:10'),(1012,8,'Aldea Salto','2023-11-30 06:24:10','2023-11-30 06:24:10'),(1013,8,'Aldea San Antonio (G)','2023-11-30 06:24:10','2023-11-30 06:24:10'),(1014,8,'Aldea San Antonio (P)','2023-11-30 06:24:10','2023-11-30 06:24:10'),(1015,8,'Aldea 19','2023-11-30 06:24:10','2023-11-30 06:24:10'),(1016,8,'Aldea San Miguel','2023-11-30 06:24:10','2023-11-30 06:24:10'),(1017,8,'Aldea San Rafael','2023-11-30 06:24:10','2023-11-30 06:24:10'),(1018,8,'Aldea Spatzenkutter','2023-11-30 06:24:10','2023-11-30 06:24:10'),(1019,8,'Aldea Sta. María','2023-11-30 06:24:10','2023-11-30 06:24:10'),(1020,8,'Aldea Sta. Rosa','2023-11-30 06:24:10','2023-11-30 06:24:10'),(1021,8,'Aldea Valle María','2023-11-30 06:24:10','2023-11-30 06:24:10'),(1022,8,'Altamirano Sur','2023-11-30 06:24:10','2023-11-30 06:24:10'),(1023,8,'Antelo','2023-11-30 06:24:10','2023-11-30 06:24:10'),(1024,8,'Antonio Tomás','2023-11-30 06:24:10','2023-11-30 06:24:10'),(1025,8,'Aranguren','2023-11-30 06:24:10','2023-11-30 06:24:10'),(1026,8,'Arroyo Barú','2023-11-30 06:24:10','2023-11-30 06:24:10'),(1027,8,'Arroyo Burgos','2023-11-30 06:24:10','2023-11-30 06:24:10'),(1028,8,'Arroyo Clé','2023-11-30 06:24:10','2023-11-30 06:24:10'),(1029,8,'Arroyo Corralito','2023-11-30 06:24:10','2023-11-30 06:24:10'),(1030,8,'Arroyo del Medio','2023-11-30 06:24:10','2023-11-30 06:24:10'),(1031,8,'Arroyo Maturrango','2023-11-30 06:24:10','2023-11-30 06:24:10'),(1032,8,'Arroyo Palo Seco','2023-11-30 06:24:10','2023-11-30 06:24:10'),(1033,8,'Banderas','2023-11-30 06:24:10','2023-11-30 06:24:10'),(1034,8,'Basavilbaso','2023-11-30 06:24:10','2023-11-30 06:24:10'),(1035,8,'Betbeder','2023-11-30 06:24:10','2023-11-30 06:24:10'),(1036,8,'Bovril','2023-11-30 06:24:10','2023-11-30 06:24:10'),(1037,8,'Caseros','2023-11-30 06:24:10','2023-11-30 06:24:10'),(1038,8,'Ceibas','2023-11-30 06:24:10','2023-11-30 06:24:10'),(1039,8,'Cerrito','2023-11-30 06:24:10','2023-11-30 06:24:10'),(1040,8,'Chajarí','2023-11-30 06:24:10','2023-11-30 06:24:10'),(1041,8,'Chilcas','2023-11-30 06:24:10','2023-11-30 06:24:10'),(1042,8,'Clodomiro Ledesma','2023-11-30 06:24:10','2023-11-30 06:24:10'),(1043,8,'Col. Alemana','2023-11-30 06:24:10','2023-11-30 06:24:10'),(1044,8,'Col. Avellaneda','2023-11-30 06:24:10','2023-11-30 06:24:10'),(1045,8,'Col. Avigdor','2023-11-30 06:24:10','2023-11-30 06:24:10'),(1046,8,'Col. Ayuí','2023-11-30 06:24:10','2023-11-30 06:24:10'),(1047,8,'Col. Baylina','2023-11-30 06:24:10','2023-11-30 06:24:10'),(1048,8,'Col. Carrasco','2023-11-30 06:24:10','2023-11-30 06:24:10'),(1049,8,'Col. Celina','2023-11-30 06:24:10','2023-11-30 06:24:10'),(1050,8,'Col. Cerrito','2023-11-30 06:24:10','2023-11-30 06:24:10'),(1051,8,'Col. Crespo','2023-11-30 06:24:10','2023-11-30 06:24:10'),(1052,8,'Col. Elia','2023-11-30 06:24:10','2023-11-30 06:24:10'),(1053,8,'Col. Ensayo','2023-11-30 06:24:10','2023-11-30 06:24:10'),(1054,8,'Col. Gral. Roca','2023-11-30 06:24:10','2023-11-30 06:24:10'),(1055,8,'Col. La Argentina','2023-11-30 06:24:10','2023-11-30 06:24:10'),(1056,8,'Col. Merou','2023-11-30 06:24:10','2023-11-30 06:24:10'),(1057,8,'Col. Oficial Nª3','2023-11-30 06:24:10','2023-11-30 06:24:10'),(1058,8,'Col. Oficial Nº13','2023-11-30 06:24:10','2023-11-30 06:24:10'),(1059,8,'Col. Oficial Nº14','2023-11-30 06:24:10','2023-11-30 06:24:10'),(1060,8,'Col. Oficial Nº5','2023-11-30 06:24:10','2023-11-30 06:24:10'),(1061,8,'Col. Reffino','2023-11-30 06:24:10','2023-11-30 06:24:10'),(1062,8,'Col. Tunas','2023-11-30 06:24:10','2023-11-30 06:24:10'),(1063,8,'Col. Viraró','2023-11-30 06:24:10','2023-11-30 06:24:10'),(1064,8,'Colón','2023-11-30 06:24:10','2023-11-30 06:24:10'),(1065,8,'Concepción del Uruguay','2023-11-30 06:24:10','2023-11-30 06:24:10'),(1066,8,'Concordia','2023-11-30 06:24:10','2023-11-30 06:24:10'),(1067,8,'Conscripto Bernardi','2023-11-30 06:24:10','2023-11-30 06:24:10'),(1068,8,'Costa Grande','2023-11-30 06:24:10','2023-11-30 06:24:10'),(1069,8,'Costa San Antonio','2023-11-30 06:24:10','2023-11-30 06:24:10'),(1070,8,'Costa Uruguay N.','2023-11-30 06:24:10','2023-11-30 06:24:10'),(1071,8,'Costa Uruguay S.','2023-11-30 06:24:10','2023-11-30 06:24:10'),(1072,8,'Crespo','2023-11-30 06:24:10','2023-11-30 06:24:10'),(1073,8,'Crucecitas 3ª','2023-11-30 06:24:10','2023-11-30 06:24:10'),(1074,8,'Crucecitas 7ª','2023-11-30 06:24:10','2023-11-30 06:24:10'),(1075,8,'Crucecitas 8ª','2023-11-30 06:24:10','2023-11-30 06:24:10'),(1076,8,'Cuchilla Redonda','2023-11-30 06:24:10','2023-11-30 06:24:10'),(1077,8,'Curtiembre','2023-11-30 06:24:10','2023-11-30 06:24:10'),(1078,8,'Diamante','2023-11-30 06:24:10','2023-11-30 06:24:10'),(1079,8,'Distrito 6º','2023-11-30 06:24:10','2023-11-30 06:24:10'),(1080,8,'Distrito Chañar','2023-11-30 06:24:10','2023-11-30 06:24:10'),(1081,8,'Distrito Chiqueros','2023-11-30 06:24:10','2023-11-30 06:24:10'),(1082,8,'Distrito Cuarto','2023-11-30 06:24:10','2023-11-30 06:24:10'),(1083,8,'Distrito Diego López','2023-11-30 06:24:10','2023-11-30 06:24:10'),(1084,8,'Distrito Pajonal','2023-11-30 06:24:10','2023-11-30 06:24:10'),(1085,8,'Distrito Sauce','2023-11-30 06:24:10','2023-11-30 06:24:10'),(1086,8,'Distrito Tala','2023-11-30 06:24:10','2023-11-30 06:24:10'),(1087,8,'Distrito Talitas','2023-11-30 06:24:10','2023-11-30 06:24:10'),(1088,8,'Don Cristóbal 1ª Sección','2023-11-30 06:24:10','2023-11-30 06:24:10'),(1089,8,'Don Cristóbal 2ª Sección','2023-11-30 06:24:10','2023-11-30 06:24:10'),(1090,8,'Durazno','2023-11-30 06:24:10','2023-11-30 06:24:10'),(1091,8,'El Cimarrón','2023-11-30 06:24:10','2023-11-30 06:24:10'),(1092,8,'El Gramillal','2023-11-30 06:24:10','2023-11-30 06:24:10'),(1093,8,'El Palenque','2023-11-30 06:24:10','2023-11-30 06:24:10'),(1094,8,'El Pingo','2023-11-30 06:24:10','2023-11-30 06:24:10'),(1095,8,'El Quebracho','2023-11-30 06:24:10','2023-11-30 06:24:10'),(1096,8,'El Redomón','2023-11-30 06:24:10','2023-11-30 06:24:10'),(1097,8,'El Solar','2023-11-30 06:24:10','2023-11-30 06:24:10'),(1098,8,'Enrique Carbo','2023-11-30 06:24:10','2023-11-30 06:24:10'),(1099,8,'Espinillo N.','2023-11-30 06:24:10','2023-11-30 06:24:10'),(1100,8,'Estación Campos','2023-11-30 06:24:10','2023-11-30 06:24:10'),(1101,8,'Estación Escriña','2023-11-30 06:24:10','2023-11-30 06:24:10'),(1102,8,'Estación Lazo','2023-11-30 06:24:10','2023-11-30 06:24:10'),(1103,8,'Estación Raíces','2023-11-30 06:24:10','2023-11-30 06:24:10'),(1104,8,'Estación Yerúa','2023-11-30 06:24:10','2023-11-30 06:24:10'),(1105,8,'Estancia Grande','2023-11-30 06:24:10','2023-11-30 06:24:10'),(1106,8,'Estancia Líbaros','2023-11-30 06:24:10','2023-11-30 06:24:10'),(1107,8,'Estancia Racedo','2023-11-30 06:24:10','2023-11-30 06:24:10'),(1108,8,'Estancia Solá','2023-11-30 06:24:10','2023-11-30 06:24:10'),(1109,8,'Estancia Yuquerí','2023-11-30 06:24:10','2023-11-30 06:24:10'),(1110,8,'Estaquitas','2023-11-30 06:24:10','2023-11-30 06:24:10'),(1111,8,'Faustino M. Parera','2023-11-30 06:24:10','2023-11-30 06:24:10'),(1112,8,'Febre','2023-11-30 06:24:10','2023-11-30 06:24:10'),(1113,8,'Federación','2023-11-30 06:24:10','2023-11-30 06:24:10'),(1114,8,'Federal','2023-11-30 06:24:10','2023-11-30 06:24:10'),(1115,8,'Gdor. Echagüe','2023-11-30 06:24:10','2023-11-30 06:24:10'),(1116,8,'Gdor. Mansilla','2023-11-30 06:24:10','2023-11-30 06:24:10'),(1117,8,'Gilbert','2023-11-30 06:24:10','2023-11-30 06:24:10'),(1118,8,'González Calderón','2023-11-30 06:24:10','2023-11-30 06:24:10'),(1119,8,'Gral. Almada','2023-11-30 06:24:10','2023-11-30 06:24:10'),(1120,8,'Gral. Alvear','2023-11-30 06:24:10','2023-11-30 06:24:10'),(1121,8,'Gral. Campos','2023-11-30 06:24:10','2023-11-30 06:24:10'),(1122,8,'Gral. Galarza','2023-11-30 06:24:10','2023-11-30 06:24:10'),(1123,8,'Gral. Ramírez','2023-11-30 06:24:10','2023-11-30 06:24:10'),(1124,8,'Gualeguay','2023-11-30 06:24:10','2023-11-30 06:24:10'),(1125,8,'Gualeguaychú','2023-11-30 06:24:10','2023-11-30 06:24:10'),(1126,8,'Gualeguaycito','2023-11-30 06:24:10','2023-11-30 06:24:10'),(1127,8,'Guardamonte','2023-11-30 06:24:10','2023-11-30 06:24:10'),(1128,8,'Hambis','2023-11-30 06:24:10','2023-11-30 06:24:10'),(1129,8,'Hasenkamp','2023-11-30 06:24:10','2023-11-30 06:24:10'),(1130,8,'Hernandarias','2023-11-30 06:24:10','2023-11-30 06:24:10'),(1131,8,'Hernández','2023-11-30 06:24:10','2023-11-30 06:24:10'),(1132,8,'Herrera','2023-11-30 06:24:10','2023-11-30 06:24:10'),(1133,8,'Hinojal','2023-11-30 06:24:10','2023-11-30 06:24:10'),(1134,8,'Hocker','2023-11-30 06:24:10','2023-11-30 06:24:10'),(1135,8,'Ing. Sajaroff','2023-11-30 06:24:10','2023-11-30 06:24:10'),(1136,8,'Irazusta','2023-11-30 06:24:10','2023-11-30 06:24:10'),(1137,8,'Isletas','2023-11-30 06:24:10','2023-11-30 06:24:10'),(1138,8,'J.J De Urquiza','2023-11-30 06:24:10','2023-11-30 06:24:10'),(1139,8,'Jubileo','2023-11-30 06:24:10','2023-11-30 06:24:10'),(1140,8,'La Clarita','2023-11-30 06:24:10','2023-11-30 06:24:10'),(1141,8,'La Criolla','2023-11-30 06:24:10','2023-11-30 06:24:10'),(1142,8,'La Esmeralda','2023-11-30 06:24:10','2023-11-30 06:24:10'),(1143,8,'La Florida','2023-11-30 06:24:10','2023-11-30 06:24:10'),(1144,8,'La Fraternidad','2023-11-30 06:24:10','2023-11-30 06:24:10'),(1145,8,'La Hierra','2023-11-30 06:24:10','2023-11-30 06:24:10'),(1146,8,'La Ollita','2023-11-30 06:24:10','2023-11-30 06:24:10'),(1147,8,'La Paz','2023-11-30 06:24:10','2023-11-30 06:24:10'),(1148,8,'La Picada','2023-11-30 06:24:10','2023-11-30 06:24:10'),(1149,8,'La Providencia','2023-11-30 06:24:10','2023-11-30 06:24:10'),(1150,8,'La Verbena','2023-11-30 06:24:10','2023-11-30 06:24:10'),(1151,8,'Laguna Benítez','2023-11-30 06:24:10','2023-11-30 06:24:10'),(1152,8,'Larroque','2023-11-30 06:24:10','2023-11-30 06:24:10'),(1153,8,'Las Cuevas','2023-11-30 06:24:10','2023-11-30 06:24:10'),(1154,8,'Las Garzas','2023-11-30 06:24:10','2023-11-30 06:24:10'),(1155,8,'Las Guachas','2023-11-30 06:24:10','2023-11-30 06:24:10'),(1156,8,'Las Mercedes','2023-11-30 06:24:10','2023-11-30 06:24:10'),(1157,8,'Las Moscas','2023-11-30 06:24:10','2023-11-30 06:24:10'),(1158,8,'Las Mulitas','2023-11-30 06:24:10','2023-11-30 06:24:10'),(1159,8,'Las Toscas','2023-11-30 06:24:10','2023-11-30 06:24:10'),(1160,8,'Laurencena','2023-11-30 06:24:10','2023-11-30 06:24:10'),(1161,8,'Libertador San Martín','2023-11-30 06:24:10','2023-11-30 06:24:10'),(1162,8,'Loma Limpia','2023-11-30 06:24:10','2023-11-30 06:24:10'),(1163,8,'Los Ceibos','2023-11-30 06:24:10','2023-11-30 06:24:10'),(1164,8,'Los Charruas','2023-11-30 06:24:10','2023-11-30 06:24:10'),(1165,8,'Los Conquistadores','2023-11-30 06:24:10','2023-11-30 06:24:10'),(1166,8,'Lucas González','2023-11-30 06:24:10','2023-11-30 06:24:10'),(1167,8,'Lucas N.','2023-11-30 06:24:10','2023-11-30 06:24:10'),(1168,8,'Lucas S. 1ª','2023-11-30 06:24:10','2023-11-30 06:24:10'),(1169,8,'Lucas S. 2ª','2023-11-30 06:24:10','2023-11-30 06:24:10'),(1170,8,'Maciá','2023-11-30 06:24:10','2023-11-30 06:24:10'),(1171,8,'María Grande','2023-11-30 06:24:10','2023-11-30 06:24:10'),(1172,8,'María Grande 2ª','2023-11-30 06:24:10','2023-11-30 06:24:10'),(1173,8,'Médanos','2023-11-30 06:24:10','2023-11-30 06:24:10'),(1174,8,'Mojones N.','2023-11-30 06:24:10','2023-11-30 06:24:10'),(1175,8,'Mojones S.','2023-11-30 06:24:10','2023-11-30 06:24:10'),(1176,8,'Molino Doll','2023-11-30 06:24:10','2023-11-30 06:24:10'),(1177,8,'Monte Redondo','2023-11-30 06:24:10','2023-11-30 06:24:10'),(1178,8,'Montoya','2023-11-30 06:24:10','2023-11-30 06:24:10'),(1179,8,'Mulas Grandes','2023-11-30 06:24:10','2023-11-30 06:24:10'),(1180,8,'Ñancay','2023-11-30 06:24:10','2023-11-30 06:24:10'),(1181,8,'Nogoyá','2023-11-30 06:24:10','2023-11-30 06:24:10'),(1182,8,'Nueva Escocia','2023-11-30 06:24:10','2023-11-30 06:24:10'),(1183,8,'Nueva Vizcaya','2023-11-30 06:24:10','2023-11-30 06:24:10'),(1184,8,'Ombú','2023-11-30 06:24:10','2023-11-30 06:24:10'),(1185,8,'Oro Verde','2023-11-30 06:24:10','2023-11-30 06:24:10'),(1186,8,'Paraná','2023-11-30 06:24:10','2023-11-30 06:24:10'),(1187,8,'Pasaje Guayaquil','2023-11-30 06:24:10','2023-11-30 06:24:10'),(1188,8,'Pasaje Las Tunas','2023-11-30 06:24:10','2023-11-30 06:24:10'),(1189,8,'Paso de La Arena','2023-11-30 06:24:10','2023-11-30 06:24:10'),(1190,8,'Paso de La Laguna','2023-11-30 06:24:10','2023-11-30 06:24:10'),(1191,8,'Paso de Las Piedras','2023-11-30 06:24:10','2023-11-30 06:24:10'),(1192,8,'Paso Duarte','2023-11-30 06:24:10','2023-11-30 06:24:10'),(1193,8,'Pastor Britos','2023-11-30 06:24:10','2023-11-30 06:24:10'),(1194,8,'Pedernal','2023-11-30 06:24:10','2023-11-30 06:24:10'),(1195,8,'Perdices','2023-11-30 06:24:10','2023-11-30 06:24:10'),(1196,8,'Picada Berón','2023-11-30 06:24:10','2023-11-30 06:24:10'),(1197,8,'Piedras Blancas','2023-11-30 06:24:10','2023-11-30 06:24:10'),(1198,8,'Primer Distrito Cuchilla','2023-11-30 06:24:10','2023-11-30 06:24:10'),(1199,8,'Primero de Mayo','2023-11-30 06:24:10','2023-11-30 06:24:10'),(1200,8,'Pronunciamiento','2023-11-30 06:24:10','2023-11-30 06:24:10'),(1201,8,'Pto. Algarrobo','2023-11-30 06:24:10','2023-11-30 06:24:10'),(1202,8,'Pto. Ibicuy','2023-11-30 06:24:10','2023-11-30 06:24:10'),(1203,8,'Pueblo Brugo','2023-11-30 06:24:10','2023-11-30 06:24:10'),(1204,8,'Pueblo Cazes','2023-11-30 06:24:10','2023-11-30 06:24:10'),(1205,8,'Pueblo Gral. Belgrano','2023-11-30 06:24:10','2023-11-30 06:24:10'),(1206,8,'Pueblo Liebig','2023-11-30 06:24:10','2023-11-30 06:24:10'),(1207,8,'Puerto Yeruá','2023-11-30 06:24:10','2023-11-30 06:24:10'),(1208,8,'Punta del Monte','2023-11-30 06:24:10','2023-11-30 06:24:10'),(1209,8,'Quebracho','2023-11-30 06:24:10','2023-11-30 06:24:10'),(1210,8,'Quinto Distrito','2023-11-30 06:24:10','2023-11-30 06:24:10'),(1211,8,'Raices Oeste','2023-11-30 06:24:10','2023-11-30 06:24:10'),(1212,8,'Rincón de Nogoyá','2023-11-30 06:24:10','2023-11-30 06:24:10'),(1213,8,'Rincón del Cinto','2023-11-30 06:24:10','2023-11-30 06:24:10'),(1214,8,'Rincón del Doll','2023-11-30 06:24:10','2023-11-30 06:24:10'),(1215,8,'Rincón del Gato','2023-11-30 06:24:10','2023-11-30 06:24:10'),(1216,8,'Rocamora','2023-11-30 06:24:10','2023-11-30 06:24:10'),(1217,8,'Rosario del Tala','2023-11-30 06:24:10','2023-11-30 06:24:10'),(1218,8,'San Benito','2023-11-30 06:24:10','2023-11-30 06:24:10'),(1219,8,'San Cipriano','2023-11-30 06:24:10','2023-11-30 06:24:10'),(1220,8,'San Ernesto','2023-11-30 06:24:10','2023-11-30 06:24:10'),(1221,8,'San Gustavo','2023-11-30 06:24:10','2023-11-30 06:24:10'),(1222,8,'San Jaime','2023-11-30 06:24:10','2023-11-30 06:24:10'),(1223,8,'San José','2023-11-30 06:24:10','2023-11-30 06:24:10'),(1224,8,'San José de Feliciano','2023-11-30 06:24:10','2023-11-30 06:24:10'),(1225,8,'San Justo','2023-11-30 06:24:10','2023-11-30 06:24:10'),(1226,8,'San Marcial','2023-11-30 06:24:10','2023-11-30 06:24:10'),(1227,8,'San Pedro','2023-11-30 06:24:10','2023-11-30 06:24:10'),(1228,8,'San Ramírez','2023-11-30 06:24:10','2023-11-30 06:24:10'),(1229,8,'San Ramón','2023-11-30 06:24:10','2023-11-30 06:24:10'),(1230,8,'San Roque','2023-11-30 06:24:10','2023-11-30 06:24:10'),(1231,8,'San Salvador','2023-11-30 06:24:10','2023-11-30 06:24:10'),(1232,8,'San Víctor','2023-11-30 06:24:10','2023-11-30 06:24:10'),(1233,8,'Santa Ana','2023-11-30 06:24:10','2023-11-30 06:24:10'),(1234,8,'Santa Anita','2023-11-30 06:24:10','2023-11-30 06:24:10'),(1235,8,'Santa Elena','2023-11-30 06:24:10','2023-11-30 06:24:10'),(1236,8,'Santa Lucía','2023-11-30 06:24:10','2023-11-30 06:24:10'),(1237,8,'Santa Luisa','2023-11-30 06:24:10','2023-11-30 06:24:10'),(1238,8,'Sauce de Luna','2023-11-30 06:24:10','2023-11-30 06:24:10'),(1239,8,'Sauce Montrull','2023-11-30 06:24:10','2023-11-30 06:24:10'),(1240,8,'Sauce Pinto','2023-11-30 06:24:10','2023-11-30 06:24:10'),(1241,8,'Sauce Sur','2023-11-30 06:24:10','2023-11-30 06:24:10'),(1242,8,'Seguí','2023-11-30 06:24:10','2023-11-30 06:24:10'),(1243,8,'Sir Leonard','2023-11-30 06:24:10','2023-11-30 06:24:10'),(1244,8,'Sosa','2023-11-30 06:24:10','2023-11-30 06:24:10'),(1245,8,'Tabossi','2023-11-30 06:24:10','2023-11-30 06:24:10'),(1246,8,'Tezanos Pinto','2023-11-30 06:24:10','2023-11-30 06:24:10'),(1247,8,'Ubajay','2023-11-30 06:24:10','2023-11-30 06:24:10'),(1248,8,'Urdinarrain','2023-11-30 06:24:10','2023-11-30 06:24:10'),(1249,8,'Veinte de Septiembre','2023-11-30 06:24:10','2023-11-30 06:24:10'),(1250,8,'Viale','2023-11-30 06:24:10','2023-11-30 06:24:10'),(1251,8,'Victoria','2023-11-30 06:24:10','2023-11-30 06:24:10'),(1252,8,'Villa Clara','2023-11-30 06:24:10','2023-11-30 06:24:10'),(1253,8,'Villa del Rosario','2023-11-30 06:24:10','2023-11-30 06:24:10'),(1254,8,'Villa Domínguez','2023-11-30 06:24:10','2023-11-30 06:24:10'),(1255,8,'Villa Elisa','2023-11-30 06:24:10','2023-11-30 06:24:10'),(1256,8,'Villa Fontana','2023-11-30 06:24:10','2023-11-30 06:24:10'),(1257,8,'Villa Gdor. Etchevehere','2023-11-30 06:24:10','2023-11-30 06:24:10'),(1258,8,'Villa Mantero','2023-11-30 06:24:10','2023-11-30 06:24:10'),(1259,8,'Villa Paranacito','2023-11-30 06:24:10','2023-11-30 06:24:10'),(1260,8,'Villa Urquiza','2023-11-30 06:24:10','2023-11-30 06:24:10'),(1261,8,'Villaguay','2023-11-30 06:24:10','2023-11-30 06:24:10'),(1262,8,'Walter Moss','2023-11-30 06:24:10','2023-11-30 06:24:10'),(1263,8,'Yacaré','2023-11-30 06:24:10','2023-11-30 06:24:10'),(1264,8,'Yeso Oeste','2023-11-30 06:24:10','2023-11-30 06:24:10'),(1265,9,'Buena Vista','2023-11-30 06:24:10','2023-11-30 06:24:10'),(1266,9,'Clorinda','2023-11-30 06:24:10','2023-11-30 06:24:10'),(1267,9,'Col. Pastoril','2023-11-30 06:24:10','2023-11-30 06:24:10'),(1268,9,'Cte. Fontana','2023-11-30 06:24:10','2023-11-30 06:24:10'),(1269,9,'El Colorado','2023-11-30 06:24:10','2023-11-30 06:24:10'),(1270,9,'El Espinillo','2023-11-30 06:24:10','2023-11-30 06:24:10'),(1271,9,'Estanislao Del Campo','2023-11-30 06:24:10','2023-11-30 06:24:10'),(1272,9,'Fortín Lugones','2023-11-30 06:24:10','2023-11-30 06:24:10'),(1273,9,'Gral. Lucio V. Mansilla','2023-11-30 06:24:10','2023-11-30 06:24:10'),(1274,9,'Gral. Manuel Belgrano','2023-11-30 06:24:10','2023-11-30 06:24:10'),(1275,9,'Gral. Mosconi','2023-11-30 06:24:10','2023-11-30 06:24:10'),(1276,9,'Gran Guardia','2023-11-30 06:24:10','2023-11-30 06:24:10'),(1277,9,'Herradura','2023-11-30 06:24:10','2023-11-30 06:24:10'),(1278,9,'Ibarreta','2023-11-30 06:24:10','2023-11-30 06:24:10'),(1279,9,'Ing. Juárez','2023-11-30 06:24:10','2023-11-30 06:24:10'),(1280,9,'Laguna Blanca','2023-11-30 06:24:10','2023-11-30 06:24:10'),(1281,9,'Laguna Naick Neck','2023-11-30 06:24:10','2023-11-30 06:24:10'),(1282,9,'Laguna Yema','2023-11-30 06:24:10','2023-11-30 06:24:10'),(1283,9,'Las Lomitas','2023-11-30 06:24:10','2023-11-30 06:24:10'),(1284,9,'Los Chiriguanos','2023-11-30 06:24:10','2023-11-30 06:24:10'),(1285,9,'Mayor V. Villafañe','2023-11-30 06:24:10','2023-11-30 06:24:10'),(1286,9,'Misión San Fco.','2023-11-30 06:24:10','2023-11-30 06:24:10'),(1287,9,'Palo Santo','2023-11-30 06:24:10','2023-11-30 06:24:10'),(1288,9,'Pirané','2023-11-30 06:24:10','2023-11-30 06:24:10'),(1289,9,'Pozo del Maza','2023-11-30 06:24:10','2023-11-30 06:24:10'),(1290,9,'Riacho He-He','2023-11-30 06:24:10','2023-11-30 06:24:10'),(1291,9,'San Hilario','2023-11-30 06:24:10','2023-11-30 06:24:10'),(1292,9,'San Martín II','2023-11-30 06:24:10','2023-11-30 06:24:10'),(1293,9,'Siete Palmas','2023-11-30 06:24:10','2023-11-30 06:24:10'),(1294,9,'Subteniente Perín','2023-11-30 06:24:10','2023-11-30 06:24:10'),(1295,9,'Tres Lagunas','2023-11-30 06:24:10','2023-11-30 06:24:10'),(1296,9,'Villa Dos Trece','2023-11-30 06:24:10','2023-11-30 06:24:10'),(1297,9,'Villa Escolar','2023-11-30 06:24:10','2023-11-30 06:24:10'),(1298,9,'Villa Gral. Güemes','2023-11-30 06:24:10','2023-11-30 06:24:10'),(1299,10,'Abdon Castro Tolay','2023-11-30 06:24:10','2023-11-30 06:24:10'),(1300,10,'Abra Pampa','2023-11-30 06:24:10','2023-11-30 06:24:10'),(1301,10,'Abralaite','2023-11-30 06:24:10','2023-11-30 06:24:10'),(1302,10,'Aguas Calientes','2023-11-30 06:24:10','2023-11-30 06:24:10'),(1303,10,'Arrayanal','2023-11-30 06:24:10','2023-11-30 06:24:10'),(1304,10,'Barrios','2023-11-30 06:24:10','2023-11-30 06:24:10'),(1305,10,'Caimancito','2023-11-30 06:24:10','2023-11-30 06:24:10'),(1306,10,'Calilegua','2023-11-30 06:24:10','2023-11-30 06:24:10'),(1307,10,'Cangrejillos','2023-11-30 06:24:10','2023-11-30 06:24:10'),(1308,10,'Caspala','2023-11-30 06:24:10','2023-11-30 06:24:10'),(1309,10,'Catuá','2023-11-30 06:24:10','2023-11-30 06:24:10'),(1310,10,'Cieneguillas','2023-11-30 06:24:10','2023-11-30 06:24:10'),(1311,10,'Coranzulli','2023-11-30 06:24:10','2023-11-30 06:24:10'),(1312,10,'Cusi-Cusi','2023-11-30 06:24:10','2023-11-30 06:24:10'),(1313,10,'El Aguilar','2023-11-30 06:24:10','2023-11-30 06:24:10'),(1314,10,'El Carmen','2023-11-30 06:24:10','2023-11-30 06:24:10'),(1315,10,'El Cóndor','2023-11-30 06:24:10','2023-11-30 06:24:10'),(1316,10,'El Fuerte','2023-11-30 06:24:10','2023-11-30 06:24:10'),(1317,10,'El Piquete','2023-11-30 06:24:10','2023-11-30 06:24:10'),(1318,10,'El Talar','2023-11-30 06:24:10','2023-11-30 06:24:10'),(1319,10,'Fraile Pintado','2023-11-30 06:24:10','2023-11-30 06:24:10'),(1320,10,'Hipólito Yrigoyen','2023-11-30 06:24:10','2023-11-30 06:24:10'),(1321,10,'Huacalera','2023-11-30 06:24:10','2023-11-30 06:24:10'),(1322,10,'Humahuaca','2023-11-30 06:24:10','2023-11-30 06:24:10'),(1323,10,'La Esperanza','2023-11-30 06:24:10','2023-11-30 06:24:10'),(1324,10,'La Mendieta','2023-11-30 06:24:10','2023-11-30 06:24:10'),(1325,10,'La Quiaca','2023-11-30 06:24:10','2023-11-30 06:24:10'),(1326,10,'Ledesma','2023-11-30 06:24:10','2023-11-30 06:24:10'),(1327,10,'Libertador Gral. San Martin','2023-11-30 06:24:10','2023-11-30 06:24:10'),(1328,10,'Maimara','2023-11-30 06:24:10','2023-11-30 06:24:10'),(1329,10,'Mina Pirquitas','2023-11-30 06:24:10','2023-11-30 06:24:10'),(1330,10,'Monterrico','2023-11-30 06:24:10','2023-11-30 06:24:10'),(1331,10,'Palma Sola','2023-11-30 06:24:10','2023-11-30 06:24:10'),(1332,10,'Palpalá','2023-11-30 06:24:10','2023-11-30 06:24:10'),(1333,10,'Pampa Blanca','2023-11-30 06:24:10','2023-11-30 06:24:10'),(1334,10,'Pampichuela','2023-11-30 06:24:10','2023-11-30 06:24:10'),(1335,10,'Perico','2023-11-30 06:24:10','2023-11-30 06:24:10'),(1336,10,'Puesto del Marqués','2023-11-30 06:24:10','2023-11-30 06:24:10'),(1337,10,'Puesto Viejo','2023-11-30 06:24:10','2023-11-30 06:24:10'),(1338,10,'Pumahuasi','2023-11-30 06:24:10','2023-11-30 06:24:10'),(1339,10,'Purmamarca','2023-11-30 06:24:10','2023-11-30 06:24:10'),(1340,10,'Rinconada','2023-11-30 06:24:10','2023-11-30 06:24:10'),(1341,10,'Rodeitos','2023-11-30 06:24:10','2023-11-30 06:24:10'),(1342,10,'Rosario de Río Grande','2023-11-30 06:24:10','2023-11-30 06:24:10'),(1343,10,'San Antonio','2023-11-30 06:24:10','2023-11-30 06:24:10'),(1344,10,'San Francisco','2023-11-30 06:24:10','2023-11-30 06:24:10'),(1345,10,'San Pedro','2023-11-30 06:24:10','2023-11-30 06:24:10'),(1346,10,'San Rafael','2023-11-30 06:24:10','2023-11-30 06:24:10'),(1347,10,'San Salvador','2023-11-30 06:24:10','2023-11-30 06:24:10'),(1348,10,'Santa Ana','2023-11-30 06:24:10','2023-11-30 06:24:10'),(1349,10,'Santa Catalina','2023-11-30 06:24:10','2023-11-30 06:24:10'),(1350,10,'Santa Clara','2023-11-30 06:24:10','2023-11-30 06:24:10'),(1351,10,'Susques','2023-11-30 06:24:10','2023-11-30 06:24:10'),(1352,10,'Tilcara','2023-11-30 06:24:10','2023-11-30 06:24:10'),(1353,10,'Tres Cruces','2023-11-30 06:24:10','2023-11-30 06:24:10'),(1354,10,'Tumbaya','2023-11-30 06:24:10','2023-11-30 06:24:10'),(1355,10,'Valle Grande','2023-11-30 06:24:10','2023-11-30 06:24:10'),(1356,10,'Vinalito','2023-11-30 06:24:10','2023-11-30 06:24:10'),(1357,10,'Volcán','2023-11-30 06:24:10','2023-11-30 06:24:10'),(1358,10,'Yala','2023-11-30 06:24:10','2023-11-30 06:24:10'),(1359,10,'Yaví','2023-11-30 06:24:10','2023-11-30 06:24:10'),(1360,10,'Yuto','2023-11-30 06:24:10','2023-11-30 06:24:10'),(1361,11,'Adolfo Van Praet','2023-11-30 06:24:10','2023-11-30 06:24:10'),(1362,11,'Agustoni','2023-11-30 06:24:10','2023-11-30 06:24:10'),(1363,11,'Algarrobo del Aguila','2023-11-30 06:24:10','2023-11-30 06:24:10'),(1364,11,'Alpachiri','2023-11-30 06:24:10','2023-11-30 06:24:10'),(1365,11,'Alta Italia','2023-11-30 06:24:10','2023-11-30 06:24:10'),(1366,11,'Anguil','2023-11-30 06:24:10','2023-11-30 06:24:10'),(1367,11,'Arata','2023-11-30 06:24:10','2023-11-30 06:24:10'),(1368,11,'Ataliva Roca','2023-11-30 06:24:10','2023-11-30 06:24:10'),(1369,11,'Bernardo Larroude','2023-11-30 06:24:10','2023-11-30 06:24:10'),(1370,11,'Bernasconi','2023-11-30 06:24:10','2023-11-30 06:24:10'),(1371,11,'Caleufú','2023-11-30 06:24:10','2023-11-30 06:24:10'),(1372,11,'Carro Quemado','2023-11-30 06:24:10','2023-11-30 06:24:10'),(1373,11,'Catriló','2023-11-30 06:24:10','2023-11-30 06:24:10'),(1374,11,'Ceballos','2023-11-30 06:24:10','2023-11-30 06:24:10'),(1375,11,'Chacharramendi','2023-11-30 06:24:10','2023-11-30 06:24:10'),(1376,11,'Col. Barón','2023-11-30 06:24:10','2023-11-30 06:24:10'),(1377,11,'Col. Santa María','2023-11-30 06:24:10','2023-11-30 06:24:10'),(1378,11,'Conhelo','2023-11-30 06:24:10','2023-11-30 06:24:10'),(1379,11,'Coronel Hilario Lagos','2023-11-30 06:24:10','2023-11-30 06:24:10'),(1380,11,'Cuchillo-Có','2023-11-30 06:24:10','2023-11-30 06:24:10'),(1381,11,'Doblas','2023-11-30 06:24:10','2023-11-30 06:24:10'),(1382,11,'Dorila','2023-11-30 06:24:10','2023-11-30 06:24:10'),(1383,11,'Eduardo Castex','2023-11-30 06:24:10','2023-11-30 06:24:10'),(1384,11,'Embajador Martini','2023-11-30 06:24:10','2023-11-30 06:24:10'),(1385,11,'Falucho','2023-11-30 06:24:10','2023-11-30 06:24:10'),(1386,11,'Gral. Acha','2023-11-30 06:24:10','2023-11-30 06:24:10'),(1387,11,'Gral. Manuel Campos','2023-11-30 06:24:10','2023-11-30 06:24:10'),(1388,11,'Gral. Pico','2023-11-30 06:24:10','2023-11-30 06:24:10'),(1389,11,'Guatraché','2023-11-30 06:24:10','2023-11-30 06:24:10'),(1390,11,'Ing. Luiggi','2023-11-30 06:24:10','2023-11-30 06:24:10'),(1391,11,'Intendente Alvear','2023-11-30 06:24:10','2023-11-30 06:24:10'),(1392,11,'Jacinto Arauz','2023-11-30 06:24:10','2023-11-30 06:24:10'),(1393,11,'La Adela','2023-11-30 06:24:10','2023-11-30 06:24:10'),(1394,11,'La Humada','2023-11-30 06:24:10','2023-11-30 06:24:10'),(1395,11,'La Maruja','2023-11-30 06:24:10','2023-11-30 06:24:10'),(1396,11,'La Reforma','2023-11-30 06:24:10','2023-11-30 06:24:10'),(1397,11,'Limay Mahuida','2023-11-30 06:24:10','2023-11-30 06:24:10'),(1398,11,'Lonquimay','2023-11-30 06:24:10','2023-11-30 06:24:10'),(1399,11,'Loventuel','2023-11-30 06:24:10','2023-11-30 06:24:10'),(1400,11,'Luan Toro','2023-11-30 06:24:10','2023-11-30 06:24:10'),(1401,11,'Macachín','2023-11-30 06:24:10','2023-11-30 06:24:10'),(1402,11,'Maisonnave','2023-11-30 06:24:10','2023-11-30 06:24:10'),(1403,11,'Mauricio Mayer','2023-11-30 06:24:10','2023-11-30 06:24:10'),(1404,11,'Metileo','2023-11-30 06:24:10','2023-11-30 06:24:10'),(1405,11,'Miguel Cané','2023-11-30 06:24:10','2023-11-30 06:24:10'),(1406,11,'Miguel Riglos','2023-11-30 06:24:10','2023-11-30 06:24:10'),(1407,11,'Monte Nievas','2023-11-30 06:24:10','2023-11-30 06:24:10'),(1408,11,'Parera','2023-11-30 06:24:10','2023-11-30 06:24:10'),(1409,11,'Perú','2023-11-30 06:24:10','2023-11-30 06:24:10'),(1410,11,'Pichi-Huinca','2023-11-30 06:24:10','2023-11-30 06:24:10'),(1411,11,'Puelches','2023-11-30 06:24:10','2023-11-30 06:24:10'),(1412,11,'Puelén','2023-11-30 06:24:10','2023-11-30 06:24:10'),(1413,11,'Quehue','2023-11-30 06:24:10','2023-11-30 06:24:10'),(1414,11,'Quemú Quemú','2023-11-30 06:24:10','2023-11-30 06:24:10'),(1415,11,'Quetrequén','2023-11-30 06:24:10','2023-11-30 06:24:10'),(1416,11,'Rancul','2023-11-30 06:24:10','2023-11-30 06:24:10'),(1417,11,'Realicó','2023-11-30 06:24:10','2023-11-30 06:24:10'),(1418,11,'Relmo','2023-11-30 06:24:10','2023-11-30 06:24:10'),(1419,11,'Rolón','2023-11-30 06:24:10','2023-11-30 06:24:10'),(1420,11,'Rucanelo','2023-11-30 06:24:10','2023-11-30 06:24:10'),(1421,11,'Sarah','2023-11-30 06:24:10','2023-11-30 06:24:10'),(1422,11,'Speluzzi','2023-11-30 06:24:10','2023-11-30 06:24:10'),(1423,11,'Sta. Isabel','2023-11-30 06:24:10','2023-11-30 06:24:10'),(1424,11,'Sta. Rosa','2023-11-30 06:24:10','2023-11-30 06:24:10'),(1425,11,'Sta. Teresa','2023-11-30 06:24:10','2023-11-30 06:24:10'),(1426,11,'Telén','2023-11-30 06:24:10','2023-11-30 06:24:10'),(1427,11,'Toay','2023-11-30 06:24:10','2023-11-30 06:24:10'),(1428,11,'Tomas M. de Anchorena','2023-11-30 06:24:10','2023-11-30 06:24:10'),(1429,11,'Trenel','2023-11-30 06:24:10','2023-11-30 06:24:10'),(1430,11,'Unanue','2023-11-30 06:24:10','2023-11-30 06:24:10'),(1431,11,'Uriburu','2023-11-30 06:24:10','2023-11-30 06:24:10'),(1432,11,'Veinticinco de Mayo','2023-11-30 06:24:10','2023-11-30 06:24:10'),(1433,11,'Vertiz','2023-11-30 06:24:10','2023-11-30 06:24:10'),(1434,11,'Victorica','2023-11-30 06:24:10','2023-11-30 06:24:10'),(1435,11,'Villa Mirasol','2023-11-30 06:24:10','2023-11-30 06:24:10'),(1436,11,'Winifreda','2023-11-30 06:24:10','2023-11-30 06:24:10'),(1437,12,'Arauco','2023-11-30 06:24:10','2023-11-30 06:24:10'),(1438,12,'Capital','2023-11-30 06:24:10','2023-11-30 06:24:10'),(1439,12,'Castro Barros','2023-11-30 06:24:10','2023-11-30 06:24:10'),(1440,12,'Chamical','2023-11-30 06:24:10','2023-11-30 06:24:10'),(1441,12,'Chilecito','2023-11-30 06:24:10','2023-11-30 06:24:10'),(1442,12,'Coronel F. Varela','2023-11-30 06:24:10','2023-11-30 06:24:10'),(1443,12,'Famatina','2023-11-30 06:24:10','2023-11-30 06:24:10'),(1444,12,'Gral. A.V.Peñaloza','2023-11-30 06:24:10','2023-11-30 06:24:10'),(1445,12,'Gral. Belgrano','2023-11-30 06:24:10','2023-11-30 06:24:10'),(1446,12,'Gral. J.F. Quiroga','2023-11-30 06:24:10','2023-11-30 06:24:10'),(1447,12,'Gral. Lamadrid','2023-11-30 06:24:10','2023-11-30 06:24:10'),(1448,12,'Gral. Ocampo','2023-11-30 06:24:10','2023-11-30 06:24:10'),(1449,12,'Gral. San Martín','2023-11-30 06:24:10','2023-11-30 06:24:10'),(1450,12,'Independencia','2023-11-30 06:24:10','2023-11-30 06:24:10'),(1451,12,'Rosario Penaloza','2023-11-30 06:24:10','2023-11-30 06:24:10'),(1452,12,'San Blas de Los Sauces','2023-11-30 06:24:10','2023-11-30 06:24:10'),(1453,12,'Sanagasta','2023-11-30 06:24:10','2023-11-30 06:24:10'),(1454,12,'Vinchina','2023-11-30 06:24:10','2023-11-30 06:24:10'),(1455,13,'Capital','2023-11-30 06:24:10','2023-11-30 06:24:10'),(1456,13,'Chacras de Coria','2023-11-30 06:24:10','2023-11-30 06:24:10'),(1457,13,'Dorrego','2023-11-30 06:24:10','2023-11-30 06:24:10'),(1458,13,'Gllen','2023-11-30 06:24:10','2023-11-30 06:24:10'),(1459,13,'Godoy Cruz','2023-11-30 06:24:10','2023-11-30 06:24:10'),(1460,13,'Gral. Alvear','2023-11-30 06:24:10','2023-11-30 06:24:10'),(1461,13,'Guaymallén','2023-11-30 06:24:10','2023-11-30 06:24:10'),(1462,13,'Junín','2023-11-30 06:24:10','2023-11-30 06:24:10'),(1463,13,'La Paz','2023-11-30 06:24:10','2023-11-30 06:24:10'),(1464,13,'Las Heras','2023-11-30 06:24:10','2023-11-30 06:24:10'),(1465,13,'Lavalle','2023-11-30 06:24:10','2023-11-30 06:24:10'),(1466,13,'Luján','2023-11-30 06:24:10','2023-11-30 06:24:10'),(1467,13,'Luján De Cuyo','2023-11-30 06:24:10','2023-11-30 06:24:10'),(1468,13,'Maipú','2023-11-30 06:24:10','2023-11-30 06:24:10'),(1469,13,'Malargüe','2023-11-30 06:24:10','2023-11-30 06:24:10'),(1470,13,'Rivadavia','2023-11-30 06:24:10','2023-11-30 06:24:10'),(1471,13,'San Carlos','2023-11-30 06:24:10','2023-11-30 06:24:10'),(1472,13,'San Martín','2023-11-30 06:24:10','2023-11-30 06:24:10'),(1473,13,'San Rafael','2023-11-30 06:24:10','2023-11-30 06:24:10'),(1474,13,'Sta. Rosa','2023-11-30 06:24:10','2023-11-30 06:24:10'),(1475,13,'Tunuyán','2023-11-30 06:24:10','2023-11-30 06:24:10'),(1476,13,'Tupungato','2023-11-30 06:24:10','2023-11-30 06:24:10'),(1477,13,'Villa Nueva','2023-11-30 06:24:10','2023-11-30 06:24:10'),(1478,14,'Alba Posse','2023-11-30 06:24:10','2023-11-30 06:24:10'),(1479,14,'Almafuerte','2023-11-30 06:24:10','2023-11-30 06:24:10'),(1480,14,'Apóstoles','2023-11-30 06:24:10','2023-11-30 06:24:10'),(1481,14,'Aristóbulo Del Valle','2023-11-30 06:24:10','2023-11-30 06:24:10'),(1482,14,'Arroyo Del Medio','2023-11-30 06:24:10','2023-11-30 06:24:10'),(1483,14,'Azara','2023-11-30 06:24:10','2023-11-30 06:24:10'),(1484,14,'Bdo. De Irigoyen','2023-11-30 06:24:10','2023-11-30 06:24:10'),(1485,14,'Bonpland','2023-11-30 06:24:10','2023-11-30 06:24:10'),(1486,14,'Caá Yari','2023-11-30 06:24:10','2023-11-30 06:24:10'),(1487,14,'Campo Grande','2023-11-30 06:24:10','2023-11-30 06:24:10'),(1488,14,'Campo Ramón','2023-11-30 06:24:10','2023-11-30 06:24:10'),(1489,14,'Campo Viera','2023-11-30 06:24:10','2023-11-30 06:24:10'),(1490,14,'Candelaria','2023-11-30 06:24:10','2023-11-30 06:24:10'),(1491,14,'Capioví','2023-11-30 06:24:10','2023-11-30 06:24:10'),(1492,14,'Caraguatay','2023-11-30 06:24:10','2023-11-30 06:24:10'),(1493,14,'Cdte. Guacurarí','2023-11-30 06:24:10','2023-11-30 06:24:10'),(1494,14,'Cerro Azul','2023-11-30 06:24:10','2023-11-30 06:24:10'),(1495,14,'Cerro Corá','2023-11-30 06:24:10','2023-11-30 06:24:10'),(1496,14,'Col. Alberdi','2023-11-30 06:24:10','2023-11-30 06:24:10'),(1497,14,'Col. Aurora','2023-11-30 06:24:10','2023-11-30 06:24:10'),(1498,14,'Col. Delicia','2023-11-30 06:24:10','2023-11-30 06:24:10'),(1499,14,'Col. Polana','2023-11-30 06:24:10','2023-11-30 06:24:10'),(1500,14,'Col. Victoria','2023-11-30 06:24:10','2023-11-30 06:24:10'),(1501,14,'Col. Wanda','2023-11-30 06:24:37','2023-11-30 06:24:37'),(1502,14,'Concepción De La Sierra','2023-11-30 06:24:37','2023-11-30 06:24:37'),(1503,14,'Corpus','2023-11-30 06:24:37','2023-11-30 06:24:37'),(1504,14,'Dos Arroyos','2023-11-30 06:24:37','2023-11-30 06:24:37'),(1505,14,'Dos de Mayo','2023-11-30 06:24:37','2023-11-30 06:24:37'),(1506,14,'El Alcázar','2023-11-30 06:24:37','2023-11-30 06:24:37'),(1507,14,'El Dorado','2023-11-30 06:24:37','2023-11-30 06:24:37'),(1508,14,'El Soberbio','2023-11-30 06:24:37','2023-11-30 06:24:37'),(1509,14,'Esperanza','2023-11-30 06:24:37','2023-11-30 06:24:37'),(1510,14,'F. Ameghino','2023-11-30 06:24:37','2023-11-30 06:24:37'),(1511,14,'Fachinal','2023-11-30 06:24:37','2023-11-30 06:24:37'),(1512,14,'Garuhapé','2023-11-30 06:24:37','2023-11-30 06:24:37'),(1513,14,'Garupá','2023-11-30 06:24:37','2023-11-30 06:24:37'),(1514,14,'Gdor. López','2023-11-30 06:24:37','2023-11-30 06:24:37'),(1515,14,'Gdor. Roca','2023-11-30 06:24:37','2023-11-30 06:24:37'),(1516,14,'Gral. Alvear','2023-11-30 06:24:37','2023-11-30 06:24:37'),(1517,14,'Gral. Urquiza','2023-11-30 06:24:37','2023-11-30 06:24:37'),(1518,14,'Guaraní','2023-11-30 06:24:37','2023-11-30 06:24:37'),(1519,14,'H. Yrigoyen','2023-11-30 06:24:37','2023-11-30 06:24:37'),(1520,14,'Iguazú','2023-11-30 06:24:37','2023-11-30 06:24:37'),(1521,14,'Itacaruaré','2023-11-30 06:24:37','2023-11-30 06:24:37'),(1522,14,'Jardín América','2023-11-30 06:24:37','2023-11-30 06:24:37'),(1523,14,'Leandro N. Alem','2023-11-30 06:24:37','2023-11-30 06:24:37'),(1524,14,'Libertad','2023-11-30 06:24:37','2023-11-30 06:24:37'),(1525,14,'Loreto','2023-11-30 06:24:37','2023-11-30 06:24:37'),(1526,14,'Los Helechos','2023-11-30 06:24:37','2023-11-30 06:24:37'),(1527,14,'Mártires','2023-11-30 06:24:37','2023-11-30 06:24:37'),(1528,14,'Mojón Grande','2023-11-30 06:24:37','2023-11-30 06:24:37'),(1529,14,'Montecarlo','2023-11-30 06:24:37','2023-11-30 06:24:37'),(1530,14,'Nueve de Julio','2023-11-30 06:24:37','2023-11-30 06:24:37'),(1531,14,'Oberá','2023-11-30 06:24:37','2023-11-30 06:24:37'),(1532,14,'Olegario V. Andrade','2023-11-30 06:24:37','2023-11-30 06:24:37'),(1533,14,'Panambí','2023-11-30 06:24:37','2023-11-30 06:24:37'),(1534,14,'Posadas','2023-11-30 06:24:37','2023-11-30 06:24:37'),(1535,14,'Profundidad','2023-11-30 06:24:37','2023-11-30 06:24:37'),(1536,14,'Pto. Iguazú','2023-11-30 06:24:37','2023-11-30 06:24:37'),(1537,14,'Pto. Leoni','2023-11-30 06:24:37','2023-11-30 06:24:37'),(1538,14,'Pto. Piray','2023-11-30 06:24:37','2023-11-30 06:24:37'),(1539,14,'Pto. Rico','2023-11-30 06:24:37','2023-11-30 06:24:37'),(1540,14,'Ruiz de Montoya','2023-11-30 06:24:37','2023-11-30 06:24:37'),(1541,14,'San Antonio','2023-11-30 06:24:37','2023-11-30 06:24:37'),(1542,14,'San Ignacio','2023-11-30 06:24:37','2023-11-30 06:24:37'),(1543,14,'San Javier','2023-11-30 06:24:37','2023-11-30 06:24:37'),(1544,14,'San José','2023-11-30 06:24:37','2023-11-30 06:24:37'),(1545,14,'San Martín','2023-11-30 06:24:37','2023-11-30 06:24:37'),(1546,14,'San Pedro','2023-11-30 06:24:37','2023-11-30 06:24:37'),(1547,14,'San Vicente','2023-11-30 06:24:37','2023-11-30 06:24:37'),(1548,14,'Santiago De Liniers','2023-11-30 06:24:37','2023-11-30 06:24:37'),(1549,14,'Santo Pipo','2023-11-30 06:24:37','2023-11-30 06:24:37'),(1550,14,'Sta. Ana','2023-11-30 06:24:37','2023-11-30 06:24:37'),(1551,14,'Sta. María','2023-11-30 06:24:37','2023-11-30 06:24:37'),(1552,14,'Tres Capones','2023-11-30 06:24:37','2023-11-30 06:24:37'),(1553,14,'Veinticinco de Mayo','2023-11-30 06:24:37','2023-11-30 06:24:37'),(1554,14,'Wanda','2023-11-30 06:24:37','2023-11-30 06:24:37'),(1555,15,'Aguada San Roque','2023-11-30 06:24:37','2023-11-30 06:24:37'),(1556,15,'Aluminé','2023-11-30 06:24:37','2023-11-30 06:24:37'),(1557,15,'Andacollo','2023-11-30 06:24:37','2023-11-30 06:24:37'),(1558,15,'Añelo','2023-11-30 06:24:37','2023-11-30 06:24:37'),(1559,15,'Bajada del Agrio','2023-11-30 06:24:37','2023-11-30 06:24:37'),(1560,15,'Barrancas','2023-11-30 06:24:37','2023-11-30 06:24:37'),(1561,15,'Buta Ranquil','2023-11-30 06:24:37','2023-11-30 06:24:37'),(1562,15,'Capital','2023-11-30 06:24:37','2023-11-30 06:24:37'),(1563,15,'Caviahué','2023-11-30 06:24:37','2023-11-30 06:24:37'),(1564,15,'Centenario','2023-11-30 06:24:37','2023-11-30 06:24:37'),(1565,15,'Chorriaca','2023-11-30 06:24:37','2023-11-30 06:24:37'),(1566,15,'Chos Malal','2023-11-30 06:24:37','2023-11-30 06:24:37'),(1567,15,'Cipolletti','2023-11-30 06:24:37','2023-11-30 06:24:37'),(1568,15,'Covunco Abajo','2023-11-30 06:24:37','2023-11-30 06:24:37'),(1569,15,'Coyuco Cochico','2023-11-30 06:24:37','2023-11-30 06:24:37'),(1570,15,'Cutral Có','2023-11-30 06:24:37','2023-11-30 06:24:37'),(1571,15,'El Cholar','2023-11-30 06:24:37','2023-11-30 06:24:37'),(1572,15,'El Huecú','2023-11-30 06:24:37','2023-11-30 06:24:37'),(1573,15,'El Sauce','2023-11-30 06:24:37','2023-11-30 06:24:37'),(1574,15,'Guañacos','2023-11-30 06:24:37','2023-11-30 06:24:37'),(1575,15,'Huinganco','2023-11-30 06:24:37','2023-11-30 06:24:37'),(1576,15,'Las Coloradas','2023-11-30 06:24:37','2023-11-30 06:24:37'),(1577,15,'Las Lajas','2023-11-30 06:24:37','2023-11-30 06:24:37'),(1578,15,'Las Ovejas','2023-11-30 06:24:37','2023-11-30 06:24:37'),(1579,15,'Loncopué','2023-11-30 06:24:37','2023-11-30 06:24:37'),(1580,15,'Los Catutos','2023-11-30 06:24:37','2023-11-30 06:24:37'),(1581,15,'Los Chihuidos','2023-11-30 06:24:37','2023-11-30 06:24:37'),(1582,15,'Los Miches','2023-11-30 06:24:37','2023-11-30 06:24:37'),(1583,15,'Manzano Amargo','2023-11-30 06:24:37','2023-11-30 06:24:37'),(1584,15,'Octavio Pico','2023-11-30 06:24:37','2023-11-30 06:24:37'),(1585,15,'Paso Aguerre','2023-11-30 06:24:37','2023-11-30 06:24:37'),(1586,15,'Picún Leufú','2023-11-30 06:24:37','2023-11-30 06:24:37'),(1587,15,'Piedra del Aguila','2023-11-30 06:24:37','2023-11-30 06:24:37'),(1588,15,'Pilo Lil','2023-11-30 06:24:37','2023-11-30 06:24:37'),(1589,15,'Plaza Huincul','2023-11-30 06:24:37','2023-11-30 06:24:37'),(1590,15,'Plottier','2023-11-30 06:24:37','2023-11-30 06:24:37'),(1591,15,'Quili Malal','2023-11-30 06:24:37','2023-11-30 06:24:37'),(1592,15,'Ramón Castro','2023-11-30 06:24:37','2023-11-30 06:24:37'),(1593,15,'Rincón de Los Sauces','2023-11-30 06:24:37','2023-11-30 06:24:37'),(1594,15,'San Martín de Los Andes','2023-11-30 06:24:37','2023-11-30 06:24:37'),(1595,15,'San Patricio del Chañar','2023-11-30 06:24:37','2023-11-30 06:24:37'),(1596,15,'Santo Tomás','2023-11-30 06:24:37','2023-11-30 06:24:37'),(1597,15,'Sauzal Bonito','2023-11-30 06:24:37','2023-11-30 06:24:37'),(1598,15,'Senillosa','2023-11-30 06:24:37','2023-11-30 06:24:37'),(1599,15,'Taquimilán','2023-11-30 06:24:37','2023-11-30 06:24:37'),(1600,15,'Tricao Malal','2023-11-30 06:24:37','2023-11-30 06:24:37'),(1601,15,'Varvarco','2023-11-30 06:24:37','2023-11-30 06:24:37'),(1602,15,'Villa Curí Leuvu','2023-11-30 06:24:37','2023-11-30 06:24:37'),(1603,15,'Villa del Nahueve','2023-11-30 06:24:37','2023-11-30 06:24:37'),(1604,15,'Villa del Puente Picún Leuvú','2023-11-30 06:24:37','2023-11-30 06:24:37'),(1605,15,'Villa El Chocón','2023-11-30 06:24:37','2023-11-30 06:24:37'),(1606,15,'Villa La Angostura','2023-11-30 06:24:37','2023-11-30 06:24:37'),(1607,15,'Villa Pehuenia','2023-11-30 06:24:37','2023-11-30 06:24:37'),(1608,15,'Villa Traful','2023-11-30 06:24:37','2023-11-30 06:24:37'),(1609,15,'Vista Alegre','2023-11-30 06:24:37','2023-11-30 06:24:37'),(1610,15,'Zapala','2023-11-30 06:24:37','2023-11-30 06:24:37'),(1611,16,'Aguada Cecilio','2023-11-30 06:24:37','2023-11-30 06:24:37'),(1612,16,'Aguada de Guerra','2023-11-30 06:24:37','2023-11-30 06:24:37'),(1613,16,'Allén','2023-11-30 06:24:37','2023-11-30 06:24:37'),(1614,16,'Arroyo de La Ventana','2023-11-30 06:24:37','2023-11-30 06:24:37'),(1615,16,'Arroyo Los Berros','2023-11-30 06:24:37','2023-11-30 06:24:37'),(1616,16,'Bariloche','2023-11-30 06:24:37','2023-11-30 06:24:37'),(1617,16,'Calte. Cordero','2023-11-30 06:24:37','2023-11-30 06:24:37'),(1618,16,'Campo Grande','2023-11-30 06:24:37','2023-11-30 06:24:37'),(1619,16,'Catriel','2023-11-30 06:24:37','2023-11-30 06:24:37'),(1620,16,'Cerro Policía','2023-11-30 06:24:37','2023-11-30 06:24:37'),(1621,16,'Cervantes','2023-11-30 06:24:37','2023-11-30 06:24:37'),(1622,16,'Chelforo','2023-11-30 06:24:37','2023-11-30 06:24:37'),(1623,16,'Chimpay','2023-11-30 06:24:37','2023-11-30 06:24:37'),(1624,16,'Chinchinales','2023-11-30 06:24:37','2023-11-30 06:24:37'),(1625,16,'Chipauquil','2023-11-30 06:24:37','2023-11-30 06:24:37'),(1626,16,'Choele Choel','2023-11-30 06:24:37','2023-11-30 06:24:37'),(1627,16,'Cinco Saltos','2023-11-30 06:24:37','2023-11-30 06:24:37'),(1628,16,'Cipolletti','2023-11-30 06:24:37','2023-11-30 06:24:37'),(1629,16,'Clemente Onelli','2023-11-30 06:24:37','2023-11-30 06:24:37'),(1630,16,'Colán Conhue','2023-11-30 06:24:37','2023-11-30 06:24:37'),(1631,16,'Comallo','2023-11-30 06:24:37','2023-11-30 06:24:37'),(1632,16,'Comicó','2023-11-30 06:24:37','2023-11-30 06:24:37'),(1633,16,'Cona Niyeu','2023-11-30 06:24:37','2023-11-30 06:24:37'),(1634,16,'Coronel Belisle','2023-11-30 06:24:37','2023-11-30 06:24:37'),(1635,16,'Cubanea','2023-11-30 06:24:37','2023-11-30 06:24:37'),(1636,16,'Darwin','2023-11-30 06:24:37','2023-11-30 06:24:37'),(1637,16,'Dina Huapi','2023-11-30 06:24:37','2023-11-30 06:24:37'),(1638,16,'El Bolsón','2023-11-30 06:24:37','2023-11-30 06:24:37'),(1639,16,'El Caín','2023-11-30 06:24:37','2023-11-30 06:24:37'),(1640,16,'El Manso','2023-11-30 06:24:37','2023-11-30 06:24:37'),(1641,16,'Gral. Conesa','2023-11-30 06:24:37','2023-11-30 06:24:37'),(1642,16,'Gral. Enrique Godoy','2023-11-30 06:24:37','2023-11-30 06:24:37'),(1643,16,'Gral. Fernandez Oro','2023-11-30 06:24:37','2023-11-30 06:24:37'),(1644,16,'Gral. Roca','2023-11-30 06:24:37','2023-11-30 06:24:37'),(1645,16,'Guardia Mitre','2023-11-30 06:24:37','2023-11-30 06:24:37'),(1646,16,'Ing. Huergo','2023-11-30 06:24:37','2023-11-30 06:24:37'),(1647,16,'Ing. Jacobacci','2023-11-30 06:24:37','2023-11-30 06:24:37'),(1648,16,'Laguna Blanca','2023-11-30 06:24:37','2023-11-30 06:24:37'),(1649,16,'Lamarque','2023-11-30 06:24:37','2023-11-30 06:24:37'),(1650,16,'Las Grutas','2023-11-30 06:24:37','2023-11-30 06:24:37'),(1651,16,'Los Menucos','2023-11-30 06:24:37','2023-11-30 06:24:37'),(1652,16,'Luis Beltrán','2023-11-30 06:24:37','2023-11-30 06:24:37'),(1653,16,'Mainqué','2023-11-30 06:24:37','2023-11-30 06:24:37'),(1654,16,'Mamuel Choique','2023-11-30 06:24:37','2023-11-30 06:24:37'),(1655,16,'Maquinchao','2023-11-30 06:24:37','2023-11-30 06:24:37'),(1656,16,'Mencué','2023-11-30 06:24:37','2023-11-30 06:24:37'),(1657,16,'Mtro. Ramos Mexia','2023-11-30 06:24:37','2023-11-30 06:24:37'),(1658,16,'Nahuel Niyeu','2023-11-30 06:24:37','2023-11-30 06:24:37'),(1659,16,'Naupa Huen','2023-11-30 06:24:37','2023-11-30 06:24:37'),(1660,16,'Ñorquinco','2023-11-30 06:24:37','2023-11-30 06:24:37'),(1661,16,'Ojos de Agua','2023-11-30 06:24:37','2023-11-30 06:24:37'),(1662,16,'Paso de Agua','2023-11-30 06:24:37','2023-11-30 06:24:37'),(1663,16,'Paso Flores','2023-11-30 06:24:37','2023-11-30 06:24:37'),(1664,16,'Peñas Blancas','2023-11-30 06:24:37','2023-11-30 06:24:37'),(1665,16,'Pichi Mahuida','2023-11-30 06:24:37','2023-11-30 06:24:37'),(1666,16,'Pilcaniyeu','2023-11-30 06:24:37','2023-11-30 06:24:37'),(1667,16,'Pomona','2023-11-30 06:24:37','2023-11-30 06:24:37'),(1668,16,'Prahuaniyeu','2023-11-30 06:24:37','2023-11-30 06:24:37'),(1669,16,'Rincón Treneta','2023-11-30 06:24:37','2023-11-30 06:24:37'),(1670,16,'Río Chico','2023-11-30 06:24:37','2023-11-30 06:24:37'),(1671,16,'Río Colorado','2023-11-30 06:24:37','2023-11-30 06:24:37'),(1672,16,'Roca','2023-11-30 06:24:37','2023-11-30 06:24:37'),(1673,16,'San Antonio Oeste','2023-11-30 06:24:37','2023-11-30 06:24:37'),(1674,16,'San Javier','2023-11-30 06:24:37','2023-11-30 06:24:37'),(1675,16,'Sierra Colorada','2023-11-30 06:24:37','2023-11-30 06:24:37'),(1676,16,'Sierra Grande','2023-11-30 06:24:37','2023-11-30 06:24:37'),(1677,16,'Sierra Pailemán','2023-11-30 06:24:37','2023-11-30 06:24:37'),(1678,16,'Valcheta','2023-11-30 06:24:37','2023-11-30 06:24:37'),(1679,16,'Valle Azul','2023-11-30 06:24:37','2023-11-30 06:24:37'),(1680,16,'Viedma','2023-11-30 06:24:37','2023-11-30 06:24:37'),(1681,16,'Villa Llanquín','2023-11-30 06:24:37','2023-11-30 06:24:37'),(1682,16,'Villa Mascardi','2023-11-30 06:24:37','2023-11-30 06:24:37'),(1683,16,'Villa Regina','2023-11-30 06:24:37','2023-11-30 06:24:37'),(1684,16,'Yaminué','2023-11-30 06:24:37','2023-11-30 06:24:37'),(1685,17,'A. Saravia','2023-11-30 06:24:37','2023-11-30 06:24:37'),(1686,17,'Aguaray','2023-11-30 06:24:37','2023-11-30 06:24:37'),(1687,17,'Angastaco','2023-11-30 06:24:37','2023-11-30 06:24:37'),(1688,17,'Animaná','2023-11-30 06:24:37','2023-11-30 06:24:37'),(1689,17,'Cachi','2023-11-30 06:24:37','2023-11-30 06:24:37'),(1690,17,'Cafayate','2023-11-30 06:24:37','2023-11-30 06:24:37'),(1691,17,'Campo Quijano','2023-11-30 06:24:37','2023-11-30 06:24:37'),(1692,17,'Campo Santo','2023-11-30 06:24:37','2023-11-30 06:24:37'),(1693,17,'Capital','2023-11-30 06:24:37','2023-11-30 06:24:37'),(1694,17,'Cerrillos','2023-11-30 06:24:37','2023-11-30 06:24:37'),(1695,17,'Chicoana','2023-11-30 06:24:37','2023-11-30 06:24:37'),(1696,17,'Col. Sta. Rosa','2023-11-30 06:24:37','2023-11-30 06:24:37'),(1697,17,'Coronel Moldes','2023-11-30 06:24:37','2023-11-30 06:24:37'),(1698,17,'El Bordo','2023-11-30 06:24:37','2023-11-30 06:24:37'),(1699,17,'El Carril','2023-11-30 06:24:37','2023-11-30 06:24:37'),(1700,17,'El Galpón','2023-11-30 06:24:37','2023-11-30 06:24:37'),(1701,17,'El Jardín','2023-11-30 06:24:37','2023-11-30 06:24:37'),(1702,17,'El Potrero','2023-11-30 06:24:37','2023-11-30 06:24:37'),(1703,17,'El Quebrachal','2023-11-30 06:24:37','2023-11-30 06:24:37'),(1704,17,'El Tala','2023-11-30 06:24:37','2023-11-30 06:24:37'),(1705,17,'Embarcación','2023-11-30 06:24:37','2023-11-30 06:24:37'),(1706,17,'Gral. Ballivian','2023-11-30 06:24:37','2023-11-30 06:24:37'),(1707,17,'Gral. Güemes','2023-11-30 06:24:37','2023-11-30 06:24:37'),(1708,17,'Gral. Mosconi','2023-11-30 06:24:37','2023-11-30 06:24:37'),(1709,17,'Gral. Pizarro','2023-11-30 06:24:37','2023-11-30 06:24:37'),(1710,17,'Guachipas','2023-11-30 06:24:37','2023-11-30 06:24:37'),(1711,17,'Hipólito Yrigoyen','2023-11-30 06:24:37','2023-11-30 06:24:37'),(1712,17,'Iruyá','2023-11-30 06:24:37','2023-11-30 06:24:37'),(1713,17,'Isla De Cañas','2023-11-30 06:24:37','2023-11-30 06:24:37'),(1714,17,'J. V. Gonzalez','2023-11-30 06:24:37','2023-11-30 06:24:37'),(1715,17,'La Caldera','2023-11-30 06:24:37','2023-11-30 06:24:37'),(1716,17,'La Candelaria','2023-11-30 06:24:37','2023-11-30 06:24:37'),(1717,17,'La Merced','2023-11-30 06:24:37','2023-11-30 06:24:37'),(1718,17,'La Poma','2023-11-30 06:24:37','2023-11-30 06:24:37'),(1719,17,'La Viña','2023-11-30 06:24:37','2023-11-30 06:24:37'),(1720,17,'Las Lajitas','2023-11-30 06:24:37','2023-11-30 06:24:37'),(1721,17,'Los Toldos','2023-11-30 06:24:37','2023-11-30 06:24:37'),(1722,17,'Metán','2023-11-30 06:24:37','2023-11-30 06:24:37'),(1723,17,'Molinos','2023-11-30 06:24:37','2023-11-30 06:24:37'),(1724,17,'Nazareno','2023-11-30 06:24:37','2023-11-30 06:24:37'),(1725,17,'Orán','2023-11-30 06:24:37','2023-11-30 06:24:37'),(1726,17,'Payogasta','2023-11-30 06:24:37','2023-11-30 06:24:37'),(1727,17,'Pichanal','2023-11-30 06:24:37','2023-11-30 06:24:37'),(1728,17,'Prof. S. Mazza','2023-11-30 06:24:37','2023-11-30 06:24:37'),(1729,17,'Río Piedras','2023-11-30 06:24:37','2023-11-30 06:24:37'),(1730,17,'Rivadavia Banda Norte','2023-11-30 06:24:37','2023-11-30 06:24:37'),(1731,17,'Rivadavia Banda Sur','2023-11-30 06:24:37','2023-11-30 06:24:37'),(1732,17,'Rosario de La Frontera','2023-11-30 06:24:37','2023-11-30 06:24:37'),(1733,17,'Rosario de Lerma','2023-11-30 06:24:37','2023-11-30 06:24:37'),(1734,17,'Saclantás','2023-11-30 06:24:37','2023-11-30 06:24:37'),(1735,17,'San Antonio','2023-11-30 06:24:37','2023-11-30 06:24:37'),(1736,17,'San Carlos','2023-11-30 06:24:37','2023-11-30 06:24:37'),(1737,17,'San José De Metán','2023-11-30 06:24:37','2023-11-30 06:24:37'),(1738,17,'San Ramón','2023-11-30 06:24:37','2023-11-30 06:24:37'),(1739,17,'Santa Victoria E.','2023-11-30 06:24:37','2023-11-30 06:24:37'),(1740,17,'Santa Victoria O.','2023-11-30 06:24:37','2023-11-30 06:24:37'),(1741,17,'Tartagal','2023-11-30 06:24:37','2023-11-30 06:24:37'),(1742,17,'Tolar Grande','2023-11-30 06:24:37','2023-11-30 06:24:37'),(1743,17,'Urundel','2023-11-30 06:24:37','2023-11-30 06:24:37'),(1744,17,'Vaqueros','2023-11-30 06:24:37','2023-11-30 06:24:37'),(1745,17,'Villa San Lorenzo','2023-11-30 06:24:37','2023-11-30 06:24:37'),(1746,18,'Albardón','2023-11-30 06:24:37','2023-11-30 06:24:37'),(1747,18,'Angaco','2023-11-30 06:24:37','2023-11-30 06:24:37'),(1748,18,'Calingasta','2023-11-30 06:24:37','2023-11-30 06:24:37'),(1749,18,'Capital','2023-11-30 06:24:37','2023-11-30 06:24:37'),(1750,18,'Caucete','2023-11-30 06:24:37','2023-11-30 06:24:37'),(1751,18,'Chimbas','2023-11-30 06:24:37','2023-11-30 06:24:37'),(1752,18,'Iglesia','2023-11-30 06:24:37','2023-11-30 06:24:37'),(1753,18,'Jachal','2023-11-30 06:24:37','2023-11-30 06:24:37'),(1754,18,'Nueve de Julio','2023-11-30 06:24:37','2023-11-30 06:24:37'),(1755,18,'Pocito','2023-11-30 06:24:37','2023-11-30 06:24:37'),(1756,18,'Rawson','2023-11-30 06:24:37','2023-11-30 06:24:37'),(1757,18,'Rivadavia','2023-11-30 06:24:37','2023-11-30 06:24:37'),(1758,18,'San Martín','2023-11-30 06:24:37','2023-11-30 06:24:37'),(1759,18,'Santa Lucía','2023-11-30 06:24:37','2023-11-30 06:24:37'),(1760,18,'Sarmiento','2023-11-30 06:24:37','2023-11-30 06:24:37'),(1761,18,'Ullum','2023-11-30 06:24:37','2023-11-30 06:24:37'),(1762,18,'Valle Fértil','2023-11-30 06:24:37','2023-11-30 06:24:37'),(1763,18,'Veinticinco de Mayo','2023-11-30 06:24:37','2023-11-30 06:24:37'),(1764,18,'Zonda','2023-11-30 06:24:37','2023-11-30 06:24:37'),(1765,19,'Alto Pelado','2023-11-30 06:24:37','2023-11-30 06:24:37'),(1766,19,'Alto Pencoso','2023-11-30 06:24:37','2023-11-30 06:24:37'),(1767,19,'Anchorena','2023-11-30 06:24:37','2023-11-30 06:24:37'),(1768,19,'Arizona','2023-11-30 06:24:37','2023-11-30 06:24:37'),(1769,19,'Bagual','2023-11-30 06:24:37','2023-11-30 06:24:37'),(1770,19,'Balde','2023-11-30 06:24:37','2023-11-30 06:24:37'),(1771,19,'Batavia','2023-11-30 06:24:37','2023-11-30 06:24:37'),(1772,19,'Beazley','2023-11-30 06:24:37','2023-11-30 06:24:37'),(1773,19,'Buena Esperanza','2023-11-30 06:24:37','2023-11-30 06:24:37'),(1774,19,'Candelaria','2023-11-30 06:24:37','2023-11-30 06:24:37'),(1775,19,'Capital','2023-11-30 06:24:37','2023-11-30 06:24:37'),(1776,19,'Carolina','2023-11-30 06:24:37','2023-11-30 06:24:37'),(1777,19,'Carpintería','2023-11-30 06:24:37','2023-11-30 06:24:37'),(1778,19,'Concarán','2023-11-30 06:24:37','2023-11-30 06:24:37'),(1779,19,'Cortaderas','2023-11-30 06:24:37','2023-11-30 06:24:37'),(1780,19,'El Morro','2023-11-30 06:24:37','2023-11-30 06:24:37'),(1781,19,'El Trapiche','2023-11-30 06:24:37','2023-11-30 06:24:37'),(1782,19,'El Volcán','2023-11-30 06:24:37','2023-11-30 06:24:37'),(1783,19,'Fortín El Patria','2023-11-30 06:24:37','2023-11-30 06:24:37'),(1784,19,'Fortuna','2023-11-30 06:24:37','2023-11-30 06:24:37'),(1785,19,'Fraga','2023-11-30 06:24:37','2023-11-30 06:24:37'),(1786,19,'Juan Jorba','2023-11-30 06:24:37','2023-11-30 06:24:37'),(1787,19,'Juan Llerena','2023-11-30 06:24:37','2023-11-30 06:24:37'),(1788,19,'Juana Koslay','2023-11-30 06:24:37','2023-11-30 06:24:37'),(1789,19,'Justo Daract','2023-11-30 06:24:37','2023-11-30 06:24:37'),(1790,19,'La Calera','2023-11-30 06:24:37','2023-11-30 06:24:37'),(1791,19,'La Florida','2023-11-30 06:24:37','2023-11-30 06:24:37'),(1792,19,'La Punilla','2023-11-30 06:24:37','2023-11-30 06:24:37'),(1793,19,'La Toma','2023-11-30 06:24:37','2023-11-30 06:24:37'),(1794,19,'Lafinur','2023-11-30 06:24:37','2023-11-30 06:24:37'),(1795,19,'Las Aguadas','2023-11-30 06:24:37','2023-11-30 06:24:37'),(1796,19,'Las Chacras','2023-11-30 06:24:37','2023-11-30 06:24:37'),(1797,19,'Las Lagunas','2023-11-30 06:24:37','2023-11-30 06:24:37'),(1798,19,'Las Vertientes','2023-11-30 06:24:37','2023-11-30 06:24:37'),(1799,19,'Lavaisse','2023-11-30 06:24:37','2023-11-30 06:24:37'),(1800,19,'Leandro N. Alem','2023-11-30 06:24:37','2023-11-30 06:24:37'),(1801,19,'Los Molles','2023-11-30 06:24:37','2023-11-30 06:24:37'),(1802,19,'Luján','2023-11-30 06:24:37','2023-11-30 06:24:37'),(1803,19,'Mercedes','2023-11-30 06:24:37','2023-11-30 06:24:37'),(1804,19,'Merlo','2023-11-30 06:24:37','2023-11-30 06:24:37'),(1805,19,'Naschel','2023-11-30 06:24:37','2023-11-30 06:24:37'),(1806,19,'Navia','2023-11-30 06:24:37','2023-11-30 06:24:37'),(1807,19,'Nogolí','2023-11-30 06:24:37','2023-11-30 06:24:37'),(1808,19,'Nueva Galia','2023-11-30 06:24:37','2023-11-30 06:24:37'),(1809,19,'Papagayos','2023-11-30 06:24:37','2023-11-30 06:24:37'),(1810,19,'Paso Grande','2023-11-30 06:24:37','2023-11-30 06:24:37'),(1811,19,'Potrero de Los Funes','2023-11-30 06:24:37','2023-11-30 06:24:37'),(1812,19,'Quines','2023-11-30 06:24:37','2023-11-30 06:24:37'),(1813,19,'Renca','2023-11-30 06:24:37','2023-11-30 06:24:37'),(1814,19,'Saladillo','2023-11-30 06:24:37','2023-11-30 06:24:37'),(1815,19,'San Francisco','2023-11-30 06:24:37','2023-11-30 06:24:37'),(1816,19,'San Gerónimo','2023-11-30 06:24:37','2023-11-30 06:24:37'),(1817,19,'San Martín','2023-11-30 06:24:37','2023-11-30 06:24:37'),(1818,19,'San Pablo','2023-11-30 06:24:37','2023-11-30 06:24:37'),(1819,19,'Santa Rosa de Conlara','2023-11-30 06:24:37','2023-11-30 06:24:37'),(1820,19,'Talita','2023-11-30 06:24:37','2023-11-30 06:24:37'),(1821,19,'Tilisarao','2023-11-30 06:24:37','2023-11-30 06:24:37'),(1822,19,'Unión','2023-11-30 06:24:37','2023-11-30 06:24:37'),(1823,19,'Villa de La Quebrada','2023-11-30 06:24:37','2023-11-30 06:24:37'),(1824,19,'Villa de Praga','2023-11-30 06:24:37','2023-11-30 06:24:37'),(1825,19,'Villa del Carmen','2023-11-30 06:24:37','2023-11-30 06:24:37'),(1826,19,'Villa Gral. Roca','2023-11-30 06:24:37','2023-11-30 06:24:37'),(1827,19,'Villa Larca','2023-11-30 06:24:37','2023-11-30 06:24:37'),(1828,19,'Villa Mercedes','2023-11-30 06:24:37','2023-11-30 06:24:37'),(1829,19,'Zanjitas','2023-11-30 06:24:37','2023-11-30 06:24:37'),(1830,20,'Calafate','2023-11-30 06:24:37','2023-11-30 06:24:37'),(1831,20,'Caleta Olivia','2023-11-30 06:24:37','2023-11-30 06:24:37'),(1832,20,'Cañadón Seco','2023-11-30 06:24:37','2023-11-30 06:24:37'),(1833,20,'Comandante Piedrabuena','2023-11-30 06:24:37','2023-11-30 06:24:37'),(1834,20,'El Calafate','2023-11-30 06:24:37','2023-11-30 06:24:37'),(1835,20,'El Chaltén','2023-11-30 06:24:37','2023-11-30 06:24:37'),(1836,20,'Gdor. Gregores','2023-11-30 06:24:37','2023-11-30 06:24:37'),(1837,20,'Hipólito Yrigoyen','2023-11-30 06:24:37','2023-11-30 06:24:37'),(1838,20,'Jaramillo','2023-11-30 06:24:37','2023-11-30 06:24:37'),(1839,20,'Koluel Kaike','2023-11-30 06:24:37','2023-11-30 06:24:37'),(1840,20,'Las Heras','2023-11-30 06:24:37','2023-11-30 06:24:37'),(1841,20,'Los Antiguos','2023-11-30 06:24:37','2023-11-30 06:24:37'),(1842,20,'Perito Moreno','2023-11-30 06:24:37','2023-11-30 06:24:37'),(1843,20,'Pico Truncado','2023-11-30 06:24:37','2023-11-30 06:24:37'),(1844,20,'Pto. Deseado','2023-11-30 06:24:37','2023-11-30 06:24:37'),(1845,20,'Pto. San Julián','2023-11-30 06:24:37','2023-11-30 06:24:37'),(1846,20,'Pto. 21','2023-11-30 06:24:37','2023-11-30 06:24:37'),(1847,20,'Río Cuarto','2023-11-30 06:24:37','2023-11-30 06:24:37'),(1848,20,'Río Gallegos','2023-11-30 06:24:37','2023-11-30 06:24:37'),(1849,20,'Río Turbio','2023-11-30 06:24:37','2023-11-30 06:24:37'),(1850,20,'Tres Lagos','2023-11-30 06:24:37','2023-11-30 06:24:37'),(1851,20,'Veintiocho De Noviembre','2023-11-30 06:24:37','2023-11-30 06:24:37'),(1852,21,'Aarón Castellanos','2023-11-30 06:24:37','2023-11-30 06:24:37'),(1853,21,'Acebal','2023-11-30 06:24:37','2023-11-30 06:24:37'),(1854,21,'Aguará Grande','2023-11-30 06:24:37','2023-11-30 06:24:37'),(1855,21,'Albarellos','2023-11-30 06:24:37','2023-11-30 06:24:37'),(1856,21,'Alcorta','2023-11-30 06:24:37','2023-11-30 06:24:37'),(1857,21,'Aldao','2023-11-30 06:24:37','2023-11-30 06:24:37'),(1858,21,'Alejandra','2023-11-30 06:24:37','2023-11-30 06:24:37'),(1859,21,'Álvarez','2023-11-30 06:24:37','2023-11-30 06:24:37'),(1860,21,'Ambrosetti','2023-11-30 06:24:37','2023-11-30 06:24:37'),(1861,21,'Amenábar','2023-11-30 06:24:37','2023-11-30 06:24:37'),(1862,21,'Angélica','2023-11-30 06:24:37','2023-11-30 06:24:37'),(1863,21,'Angeloni','2023-11-30 06:24:37','2023-11-30 06:24:37'),(1864,21,'Arequito','2023-11-30 06:24:37','2023-11-30 06:24:37'),(1865,21,'Arminda','2023-11-30 06:24:37','2023-11-30 06:24:37'),(1866,21,'Armstrong','2023-11-30 06:24:37','2023-11-30 06:24:37'),(1867,21,'Arocena','2023-11-30 06:24:37','2023-11-30 06:24:37'),(1868,21,'Arroyo Aguiar','2023-11-30 06:24:37','2023-11-30 06:24:37'),(1869,21,'Arroyo Ceibal','2023-11-30 06:24:37','2023-11-30 06:24:37'),(1870,21,'Arroyo Leyes','2023-11-30 06:24:37','2023-11-30 06:24:37'),(1871,21,'Arroyo Seco','2023-11-30 06:24:37','2023-11-30 06:24:37'),(1872,21,'Arrufó','2023-11-30 06:24:37','2023-11-30 06:24:37'),(1873,21,'Arteaga','2023-11-30 06:24:37','2023-11-30 06:24:37'),(1874,21,'Ataliva','2023-11-30 06:24:37','2023-11-30 06:24:37'),(1875,21,'Aurelia','2023-11-30 06:24:37','2023-11-30 06:24:37'),(1876,21,'Avellaneda','2023-11-30 06:24:37','2023-11-30 06:24:37'),(1877,21,'Barrancas','2023-11-30 06:24:37','2023-11-30 06:24:37'),(1878,21,'Bauer Y Sigel','2023-11-30 06:24:37','2023-11-30 06:24:37'),(1879,21,'Bella Italia','2023-11-30 06:24:37','2023-11-30 06:24:37'),(1880,21,'Berabevú','2023-11-30 06:24:37','2023-11-30 06:24:37'),(1881,21,'Berna','2023-11-30 06:24:37','2023-11-30 06:24:37'),(1882,21,'Bernardo de Irigoyen','2023-11-30 06:24:37','2023-11-30 06:24:37'),(1883,21,'Bigand','2023-11-30 06:24:37','2023-11-30 06:24:37'),(1884,21,'Bombal','2023-11-30 06:24:37','2023-11-30 06:24:37'),(1885,21,'Bouquet','2023-11-30 06:24:37','2023-11-30 06:24:37'),(1886,21,'Bustinza','2023-11-30 06:24:37','2023-11-30 06:24:37'),(1887,21,'Cabal','2023-11-30 06:24:37','2023-11-30 06:24:37'),(1888,21,'Cacique Ariacaiquin','2023-11-30 06:24:37','2023-11-30 06:24:37'),(1889,21,'Cafferata','2023-11-30 06:24:37','2023-11-30 06:24:37'),(1890,21,'Calchaquí','2023-11-30 06:24:37','2023-11-30 06:24:37'),(1891,21,'Campo Andino','2023-11-30 06:24:37','2023-11-30 06:24:37'),(1892,21,'Campo Piaggio','2023-11-30 06:24:37','2023-11-30 06:24:37'),(1893,21,'Cañada de Gómez','2023-11-30 06:24:37','2023-11-30 06:24:37'),(1894,21,'Cañada del Ucle','2023-11-30 06:24:37','2023-11-30 06:24:37'),(1895,21,'Cañada Rica','2023-11-30 06:24:37','2023-11-30 06:24:37'),(1896,21,'Cañada Rosquín','2023-11-30 06:24:37','2023-11-30 06:24:37'),(1897,21,'Candioti','2023-11-30 06:24:37','2023-11-30 06:24:37'),(1898,21,'Capital','2023-11-30 06:24:37','2023-11-30 06:24:37'),(1899,21,'Capitán Bermúdez','2023-11-30 06:24:37','2023-11-30 06:24:37'),(1900,21,'Capivara','2023-11-30 06:24:37','2023-11-30 06:24:37'),(1901,21,'Carcarañá','2023-11-30 06:24:37','2023-11-30 06:24:37'),(1902,21,'Carlos Pellegrini','2023-11-30 06:24:37','2023-11-30 06:24:37'),(1903,21,'Carmen','2023-11-30 06:24:37','2023-11-30 06:24:37'),(1904,21,'Carmen Del Sauce','2023-11-30 06:24:37','2023-11-30 06:24:37'),(1905,21,'Carreras','2023-11-30 06:24:37','2023-11-30 06:24:37'),(1906,21,'Carrizales','2023-11-30 06:24:37','2023-11-30 06:24:37'),(1907,21,'Casalegno','2023-11-30 06:24:37','2023-11-30 06:24:37'),(1908,21,'Casas','2023-11-30 06:24:37','2023-11-30 06:24:37'),(1909,21,'Casilda','2023-11-30 06:24:37','2023-11-30 06:24:37'),(1910,21,'Castelar','2023-11-30 06:24:37','2023-11-30 06:24:37'),(1911,21,'Castellanos','2023-11-30 06:24:37','2023-11-30 06:24:37'),(1912,21,'Cayastá','2023-11-30 06:24:37','2023-11-30 06:24:37'),(1913,21,'Cayastacito','2023-11-30 06:24:37','2023-11-30 06:24:37'),(1914,21,'Centeno','2023-11-30 06:24:37','2023-11-30 06:24:37'),(1915,21,'Cepeda','2023-11-30 06:24:37','2023-11-30 06:24:37'),(1916,21,'Ceres','2023-11-30 06:24:37','2023-11-30 06:24:37'),(1917,21,'Chabás','2023-11-30 06:24:37','2023-11-30 06:24:37'),(1918,21,'Chañar Ladeado','2023-11-30 06:24:37','2023-11-30 06:24:37'),(1919,21,'Chapuy','2023-11-30 06:24:37','2023-11-30 06:24:37'),(1920,21,'Chovet','2023-11-30 06:24:37','2023-11-30 06:24:37'),(1921,21,'Christophersen','2023-11-30 06:24:37','2023-11-30 06:24:37'),(1922,21,'Classon','2023-11-30 06:24:37','2023-11-30 06:24:37'),(1923,21,'Cnel. Arnold','2023-11-30 06:24:37','2023-11-30 06:24:37'),(1924,21,'Cnel. Bogado','2023-11-30 06:24:37','2023-11-30 06:24:37'),(1925,21,'Cnel. Dominguez','2023-11-30 06:24:37','2023-11-30 06:24:37'),(1926,21,'Cnel. Fraga','2023-11-30 06:24:37','2023-11-30 06:24:37'),(1927,21,'Col. Aldao','2023-11-30 06:24:37','2023-11-30 06:24:37'),(1928,21,'Col. Ana','2023-11-30 06:24:37','2023-11-30 06:24:37'),(1929,21,'Col. Belgrano','2023-11-30 06:24:37','2023-11-30 06:24:37'),(1930,21,'Col. Bicha','2023-11-30 06:24:37','2023-11-30 06:24:37'),(1931,21,'Col. Bigand','2023-11-30 06:24:37','2023-11-30 06:24:37'),(1932,21,'Col. Bossi','2023-11-30 06:24:37','2023-11-30 06:24:37'),(1933,21,'Col. Cavour','2023-11-30 06:24:37','2023-11-30 06:24:37'),(1934,21,'Col. Cello','2023-11-30 06:24:37','2023-11-30 06:24:37'),(1935,21,'Col. Dolores','2023-11-30 06:24:37','2023-11-30 06:24:37'),(1936,21,'Col. Dos Rosas','2023-11-30 06:24:37','2023-11-30 06:24:37'),(1937,21,'Col. Durán','2023-11-30 06:24:37','2023-11-30 06:24:37'),(1938,21,'Col. Iturraspe','2023-11-30 06:24:37','2023-11-30 06:24:37'),(1939,21,'Col. Margarita','2023-11-30 06:24:37','2023-11-30 06:24:37'),(1940,21,'Col. Mascias','2023-11-30 06:24:37','2023-11-30 06:24:37'),(1941,21,'Col. Raquel','2023-11-30 06:24:37','2023-11-30 06:24:37'),(1942,21,'Col. Rosa','2023-11-30 06:24:37','2023-11-30 06:24:37'),(1943,21,'Col. San José','2023-11-30 06:24:37','2023-11-30 06:24:37'),(1944,21,'Constanza','2023-11-30 06:24:37','2023-11-30 06:24:37'),(1945,21,'Coronda','2023-11-30 06:24:37','2023-11-30 06:24:37'),(1946,21,'Correa','2023-11-30 06:24:37','2023-11-30 06:24:37'),(1947,21,'Crispi','2023-11-30 06:24:37','2023-11-30 06:24:37'),(1948,21,'Cululú','2023-11-30 06:24:37','2023-11-30 06:24:37'),(1949,21,'Curupayti','2023-11-30 06:24:37','2023-11-30 06:24:37'),(1950,21,'Desvio Arijón','2023-11-30 06:24:37','2023-11-30 06:24:37'),(1951,21,'Diaz','2023-11-30 06:24:37','2023-11-30 06:24:37'),(1952,21,'Diego de Alvear','2023-11-30 06:24:37','2023-11-30 06:24:37'),(1953,21,'Egusquiza','2023-11-30 06:24:37','2023-11-30 06:24:37'),(1954,21,'El Arazá','2023-11-30 06:24:37','2023-11-30 06:24:37'),(1955,21,'El Rabón','2023-11-30 06:24:37','2023-11-30 06:24:37'),(1956,21,'El Sombrerito','2023-11-30 06:24:37','2023-11-30 06:24:37'),(1957,21,'El Trébol','2023-11-30 06:24:37','2023-11-30 06:24:37'),(1958,21,'Elisa','2023-11-30 06:24:37','2023-11-30 06:24:37'),(1959,21,'Elortondo','2023-11-30 06:24:37','2023-11-30 06:24:37'),(1960,21,'Emilia','2023-11-30 06:24:37','2023-11-30 06:24:37'),(1961,21,'Empalme San Carlos','2023-11-30 06:24:37','2023-11-30 06:24:37'),(1962,21,'Empalme Villa Constitucion','2023-11-30 06:24:37','2023-11-30 06:24:37'),(1963,21,'Esmeralda','2023-11-30 06:24:37','2023-11-30 06:24:37'),(1964,21,'Esperanza','2023-11-30 06:24:37','2023-11-30 06:24:37'),(1965,21,'Estación Alvear','2023-11-30 06:24:37','2023-11-30 06:24:37'),(1966,21,'Estacion Clucellas','2023-11-30 06:24:37','2023-11-30 06:24:37'),(1967,21,'Esteban Rams','2023-11-30 06:24:37','2023-11-30 06:24:37'),(1968,21,'Esther','2023-11-30 06:24:37','2023-11-30 06:24:37'),(1969,21,'Esustolia','2023-11-30 06:24:37','2023-11-30 06:24:37'),(1970,21,'Eusebia','2023-11-30 06:24:37','2023-11-30 06:24:37'),(1971,21,'Felicia','2023-11-30 06:24:37','2023-11-30 06:24:37'),(1972,21,'Fidela','2023-11-30 06:24:37','2023-11-30 06:24:37'),(1973,21,'Fighiera','2023-11-30 06:24:37','2023-11-30 06:24:37'),(1974,21,'Firmat','2023-11-30 06:24:37','2023-11-30 06:24:37'),(1975,21,'Florencia','2023-11-30 06:24:37','2023-11-30 06:24:37'),(1976,21,'Fortín Olmos','2023-11-30 06:24:37','2023-11-30 06:24:37'),(1977,21,'Franck','2023-11-30 06:24:37','2023-11-30 06:24:37'),(1978,21,'Fray Luis Beltrán','2023-11-30 06:24:37','2023-11-30 06:24:37'),(1979,21,'Frontera','2023-11-30 06:24:37','2023-11-30 06:24:37'),(1980,21,'Fuentes','2023-11-30 06:24:37','2023-11-30 06:24:37'),(1981,21,'Funes','2023-11-30 06:24:37','2023-11-30 06:24:37'),(1982,21,'Gaboto','2023-11-30 06:24:37','2023-11-30 06:24:37'),(1983,21,'Galisteo','2023-11-30 06:24:37','2023-11-30 06:24:37'),(1984,21,'Gálvez','2023-11-30 06:24:37','2023-11-30 06:24:37'),(1985,21,'Garabalto','2023-11-30 06:24:37','2023-11-30 06:24:37'),(1986,21,'Garibaldi','2023-11-30 06:24:37','2023-11-30 06:24:37'),(1987,21,'Gato Colorado','2023-11-30 06:24:37','2023-11-30 06:24:37'),(1988,21,'Gdor. Crespo','2023-11-30 06:24:37','2023-11-30 06:24:37'),(1989,21,'Gessler','2023-11-30 06:24:37','2023-11-30 06:24:37'),(1990,21,'Godoy','2023-11-30 06:24:37','2023-11-30 06:24:37'),(1991,21,'Golondrina','2023-11-30 06:24:37','2023-11-30 06:24:37'),(1992,21,'Gral. Gelly','2023-11-30 06:24:37','2023-11-30 06:24:37'),(1993,21,'Gral. Lagos','2023-11-30 06:24:37','2023-11-30 06:24:37'),(1994,21,'Granadero Baigorria','2023-11-30 06:24:37','2023-11-30 06:24:37'),(1995,21,'Gregoria Perez De Denis','2023-11-30 06:24:37','2023-11-30 06:24:37'),(1996,21,'Grutly','2023-11-30 06:24:37','2023-11-30 06:24:37'),(1997,21,'Guadalupe N.','2023-11-30 06:24:37','2023-11-30 06:24:37'),(1998,21,'Gödeken','2023-11-30 06:24:37','2023-11-30 06:24:37'),(1999,21,'Helvecia','2023-11-30 06:24:37','2023-11-30 06:24:37'),(2000,21,'Hersilia','2023-11-30 06:24:37','2023-11-30 06:24:37'),(2001,21,'Hipatía','2023-11-30 06:24:58','2023-11-30 06:24:58'),(2002,21,'Huanqueros','2023-11-30 06:24:58','2023-11-30 06:24:58'),(2003,21,'Hugentobler','2023-11-30 06:24:58','2023-11-30 06:24:58'),(2004,21,'Hughes','2023-11-30 06:24:58','2023-11-30 06:24:58'),(2005,21,'Humberto 1º','2023-11-30 06:24:58','2023-11-30 06:24:58'),(2006,21,'Humboldt','2023-11-30 06:24:58','2023-11-30 06:24:58'),(2007,21,'Ibarlucea','2023-11-30 06:24:58','2023-11-30 06:24:58'),(2008,21,'Ing. Chanourdie','2023-11-30 06:24:58','2023-11-30 06:24:58'),(2009,21,'Intiyaco','2023-11-30 06:24:58','2023-11-30 06:24:58'),(2010,21,'Ituzaingó','2023-11-30 06:24:58','2023-11-30 06:24:58'),(2011,21,'Jacinto L. Aráuz','2023-11-30 06:24:58','2023-11-30 06:24:58'),(2012,21,'Josefina','2023-11-30 06:24:58','2023-11-30 06:24:58'),(2013,21,'Juan B. Molina','2023-11-30 06:24:58','2023-11-30 06:24:58'),(2014,21,'Juan de Garay','2023-11-30 06:24:58','2023-11-30 06:24:58'),(2015,21,'Juncal','2023-11-30 06:24:58','2023-11-30 06:24:58'),(2016,21,'La Brava','2023-11-30 06:24:58','2023-11-30 06:24:58'),(2017,21,'La Cabral','2023-11-30 06:24:58','2023-11-30 06:24:58'),(2018,21,'La Camila','2023-11-30 06:24:58','2023-11-30 06:24:58'),(2019,21,'La Chispa','2023-11-30 06:24:58','2023-11-30 06:24:58'),(2020,21,'La Clara','2023-11-30 06:24:58','2023-11-30 06:24:58'),(2021,21,'La Criolla','2023-11-30 06:24:58','2023-11-30 06:24:58'),(2022,21,'La Gallareta','2023-11-30 06:24:58','2023-11-30 06:24:58'),(2023,21,'La Lucila','2023-11-30 06:24:58','2023-11-30 06:24:58'),(2024,21,'La Pelada','2023-11-30 06:24:58','2023-11-30 06:24:58'),(2025,21,'La Penca','2023-11-30 06:24:58','2023-11-30 06:24:58'),(2026,21,'La Rubia','2023-11-30 06:24:58','2023-11-30 06:24:58'),(2027,21,'La Sarita','2023-11-30 06:24:58','2023-11-30 06:24:58'),(2028,21,'La Vanguardia','2023-11-30 06:24:58','2023-11-30 06:24:58'),(2029,21,'Labordeboy','2023-11-30 06:24:58','2023-11-30 06:24:58'),(2030,21,'Laguna Paiva','2023-11-30 06:24:58','2023-11-30 06:24:58'),(2031,21,'Landeta','2023-11-30 06:24:58','2023-11-30 06:24:58'),(2032,21,'Lanteri','2023-11-30 06:24:58','2023-11-30 06:24:58'),(2033,21,'Larrechea','2023-11-30 06:24:58','2023-11-30 06:24:58'),(2034,21,'Las Avispas','2023-11-30 06:24:58','2023-11-30 06:24:58'),(2035,21,'Las Bandurrias','2023-11-30 06:24:58','2023-11-30 06:24:58'),(2036,21,'Las Garzas','2023-11-30 06:24:58','2023-11-30 06:24:58'),(2037,21,'Las Palmeras','2023-11-30 06:24:58','2023-11-30 06:24:58'),(2038,21,'Las Parejas','2023-11-30 06:24:58','2023-11-30 06:24:58'),(2039,21,'Las Petacas','2023-11-30 06:24:58','2023-11-30 06:24:58'),(2040,21,'Las Rosas','2023-11-30 06:24:58','2023-11-30 06:24:58'),(2041,21,'Las Toscas','2023-11-30 06:24:58','2023-11-30 06:24:58'),(2042,21,'Las Tunas','2023-11-30 06:24:58','2023-11-30 06:24:58'),(2043,21,'Lazzarino','2023-11-30 06:24:58','2023-11-30 06:24:58'),(2044,21,'Lehmann','2023-11-30 06:24:58','2023-11-30 06:24:58'),(2045,21,'Llambi Campbell','2023-11-30 06:24:58','2023-11-30 06:24:58'),(2046,21,'Logroño','2023-11-30 06:24:58','2023-11-30 06:24:58'),(2047,21,'Loma Alta','2023-11-30 06:24:58','2023-11-30 06:24:58'),(2048,21,'López','2023-11-30 06:24:58','2023-11-30 06:24:58'),(2049,21,'Los Amores','2023-11-30 06:24:58','2023-11-30 06:24:58'),(2050,21,'Los Cardos','2023-11-30 06:24:58','2023-11-30 06:24:58'),(2051,21,'Los Laureles','2023-11-30 06:24:58','2023-11-30 06:24:58'),(2052,21,'Los Molinos','2023-11-30 06:24:58','2023-11-30 06:24:58'),(2053,21,'Los Quirquinchos','2023-11-30 06:24:58','2023-11-30 06:24:58'),(2054,21,'Lucio V. Lopez','2023-11-30 06:24:58','2023-11-30 06:24:58'),(2055,21,'Luis Palacios','2023-11-30 06:24:58','2023-11-30 06:24:58'),(2056,21,'Ma. Juana','2023-11-30 06:24:58','2023-11-30 06:24:58'),(2057,21,'Ma. Luisa','2023-11-30 06:24:58','2023-11-30 06:24:58'),(2058,21,'Ma. Susana','2023-11-30 06:24:58','2023-11-30 06:24:58'),(2059,21,'Ma. Teresa','2023-11-30 06:24:58','2023-11-30 06:24:58'),(2060,21,'Maciel','2023-11-30 06:24:58','2023-11-30 06:24:58'),(2061,21,'Maggiolo','2023-11-30 06:24:58','2023-11-30 06:24:58'),(2062,21,'Malabrigo','2023-11-30 06:24:58','2023-11-30 06:24:58'),(2063,21,'Marcelino Escalada','2023-11-30 06:24:58','2023-11-30 06:24:58'),(2064,21,'Margarita','2023-11-30 06:24:58','2023-11-30 06:24:58'),(2065,21,'Matilde','2023-11-30 06:24:58','2023-11-30 06:24:58'),(2066,21,'Mauá','2023-11-30 06:24:58','2023-11-30 06:24:58'),(2067,21,'Máximo Paz','2023-11-30 06:24:58','2023-11-30 06:24:58'),(2068,21,'Melincué','2023-11-30 06:24:58','2023-11-30 06:24:58'),(2069,21,'Miguel Torres','2023-11-30 06:24:58','2023-11-30 06:24:58'),(2070,21,'Moisés Ville','2023-11-30 06:24:58','2023-11-30 06:24:58'),(2071,21,'Monigotes','2023-11-30 06:24:58','2023-11-30 06:24:58'),(2072,21,'Monje','2023-11-30 06:24:58','2023-11-30 06:24:58'),(2073,21,'Monte Obscuridad','2023-11-30 06:24:58','2023-11-30 06:24:58'),(2074,21,'Monte Vera','2023-11-30 06:24:58','2023-11-30 06:24:58'),(2075,21,'Montefiore','2023-11-30 06:24:58','2023-11-30 06:24:58'),(2076,21,'Montes de Oca','2023-11-30 06:24:58','2023-11-30 06:24:58'),(2077,21,'Murphy','2023-11-30 06:24:58','2023-11-30 06:24:58'),(2078,21,'Ñanducita','2023-11-30 06:24:58','2023-11-30 06:24:58'),(2079,21,'Naré','2023-11-30 06:24:58','2023-11-30 06:24:58'),(2080,21,'Nelson','2023-11-30 06:24:58','2023-11-30 06:24:58'),(2081,21,'Nicanor E. Molinas','2023-11-30 06:24:58','2023-11-30 06:24:58'),(2082,21,'Nuevo Torino','2023-11-30 06:24:58','2023-11-30 06:24:58'),(2083,21,'Oliveros','2023-11-30 06:24:58','2023-11-30 06:24:58'),(2084,21,'Palacios','2023-11-30 06:24:58','2023-11-30 06:24:58'),(2085,21,'Pavón','2023-11-30 06:24:58','2023-11-30 06:24:58'),(2086,21,'Pavón Arriba','2023-11-30 06:24:58','2023-11-30 06:24:58'),(2087,21,'Pedro Gómez Cello','2023-11-30 06:24:58','2023-11-30 06:24:58'),(2088,21,'Pérez','2023-11-30 06:24:58','2023-11-30 06:24:58'),(2089,21,'Peyrano','2023-11-30 06:24:58','2023-11-30 06:24:58'),(2090,21,'Piamonte','2023-11-30 06:24:58','2023-11-30 06:24:58'),(2091,21,'Pilar','2023-11-30 06:24:58','2023-11-30 06:24:58'),(2092,21,'Piñero','2023-11-30 06:24:58','2023-11-30 06:24:58'),(2093,21,'Plaza Clucellas','2023-11-30 06:24:58','2023-11-30 06:24:58'),(2094,21,'Portugalete','2023-11-30 06:24:58','2023-11-30 06:24:58'),(2095,21,'Pozo Borrado','2023-11-30 06:24:58','2023-11-30 06:24:58'),(2096,21,'Progreso','2023-11-30 06:24:58','2023-11-30 06:24:58'),(2097,21,'Providencia','2023-11-30 06:24:58','2023-11-30 06:24:58'),(2098,21,'Pte. Roca','2023-11-30 06:24:58','2023-11-30 06:24:58'),(2099,21,'Pueblo Andino','2023-11-30 06:24:58','2023-11-30 06:24:58'),(2100,21,'Pueblo Esther','2023-11-30 06:24:58','2023-11-30 06:24:58'),(2101,21,'Pueblo Gral. San Martín','2023-11-30 06:24:58','2023-11-30 06:24:58'),(2102,21,'Pueblo Irigoyen','2023-11-30 06:24:58','2023-11-30 06:24:58'),(2103,21,'Pueblo Marini','2023-11-30 06:24:58','2023-11-30 06:24:58'),(2104,21,'Pueblo Muñoz','2023-11-30 06:24:58','2023-11-30 06:24:58'),(2105,21,'Pueblo Uranga','2023-11-30 06:24:58','2023-11-30 06:24:58'),(2106,21,'Pujato','2023-11-30 06:24:58','2023-11-30 06:24:58'),(2107,21,'Pujato N.','2023-11-30 06:24:58','2023-11-30 06:24:58'),(2108,21,'Rafaela','2023-11-30 06:24:58','2023-11-30 06:24:58'),(2109,21,'Ramayón','2023-11-30 06:24:58','2023-11-30 06:24:58'),(2110,21,'Ramona','2023-11-30 06:24:58','2023-11-30 06:24:58'),(2111,21,'Reconquista','2023-11-30 06:24:58','2023-11-30 06:24:58'),(2112,21,'Recreo','2023-11-30 06:24:58','2023-11-30 06:24:58'),(2113,21,'Ricardone','2023-11-30 06:24:58','2023-11-30 06:24:58'),(2114,21,'Rivadavia','2023-11-30 06:24:58','2023-11-30 06:24:58'),(2115,21,'Roldán','2023-11-30 06:24:58','2023-11-30 06:24:58'),(2116,21,'Romang','2023-11-30 06:24:58','2023-11-30 06:24:58'),(2117,21,'Rosario','2023-11-30 06:24:58','2023-11-30 06:24:58'),(2118,21,'Rueda','2023-11-30 06:24:58','2023-11-30 06:24:58'),(2119,21,'Rufino','2023-11-30 06:24:58','2023-11-30 06:24:58'),(2120,21,'Sa Pereira','2023-11-30 06:24:58','2023-11-30 06:24:58'),(2121,21,'Saguier','2023-11-30 06:24:58','2023-11-30 06:24:58'),(2122,21,'Saladero M. Cabal','2023-11-30 06:24:58','2023-11-30 06:24:58'),(2123,21,'Salto Grande','2023-11-30 06:24:58','2023-11-30 06:24:58'),(2124,21,'San Agustín','2023-11-30 06:24:58','2023-11-30 06:24:58'),(2125,21,'San Antonio de Obligado','2023-11-30 06:24:58','2023-11-30 06:24:58'),(2126,21,'San Bernardo (N.J.)','2023-11-30 06:24:58','2023-11-30 06:24:58'),(2127,21,'San Bernardo (S.J.)','2023-11-30 06:24:58','2023-11-30 06:24:58'),(2128,21,'San Carlos Centro','2023-11-30 06:24:58','2023-11-30 06:24:58'),(2129,21,'San Carlos N.','2023-11-30 06:24:58','2023-11-30 06:24:58'),(2130,21,'San Carlos S.','2023-11-30 06:24:58','2023-11-30 06:24:58'),(2131,21,'San Cristóbal','2023-11-30 06:24:58','2023-11-30 06:24:58'),(2132,21,'San Eduardo','2023-11-30 06:24:58','2023-11-30 06:24:58'),(2133,21,'San Eugenio','2023-11-30 06:24:58','2023-11-30 06:24:58'),(2134,21,'San Fabián','2023-11-30 06:24:58','2023-11-30 06:24:58'),(2135,21,'San Fco. de Santa Fé','2023-11-30 06:24:58','2023-11-30 06:24:58'),(2136,21,'San Genaro','2023-11-30 06:24:58','2023-11-30 06:24:58'),(2137,21,'San Genaro N.','2023-11-30 06:24:58','2023-11-30 06:24:58'),(2138,21,'San Gregorio','2023-11-30 06:24:58','2023-11-30 06:24:58'),(2139,21,'San Guillermo','2023-11-30 06:24:58','2023-11-30 06:24:58'),(2140,21,'San Javier','2023-11-30 06:24:58','2023-11-30 06:24:58'),(2141,21,'San Jerónimo del Sauce','2023-11-30 06:24:58','2023-11-30 06:24:58'),(2142,21,'San Jerónimo N.','2023-11-30 06:24:58','2023-11-30 06:24:58'),(2143,21,'San Jerónimo S.','2023-11-30 06:24:58','2023-11-30 06:24:58'),(2144,21,'San Jorge','2023-11-30 06:24:58','2023-11-30 06:24:58'),(2145,21,'San José de La Esquina','2023-11-30 06:24:58','2023-11-30 06:24:58'),(2146,21,'San José del Rincón','2023-11-30 06:24:58','2023-11-30 06:24:58'),(2147,21,'San Justo','2023-11-30 06:24:58','2023-11-30 06:24:58'),(2148,21,'San Lorenzo','2023-11-30 06:24:58','2023-11-30 06:24:58'),(2149,21,'San Mariano','2023-11-30 06:24:58','2023-11-30 06:24:58'),(2150,21,'San Martín de Las Escobas','2023-11-30 06:24:58','2023-11-30 06:24:58'),(2151,21,'San Martín N.','2023-11-30 06:24:58','2023-11-30 06:24:58'),(2152,21,'San Vicente','2023-11-30 06:24:58','2023-11-30 06:24:58'),(2153,21,'Sancti Spititu','2023-11-30 06:24:58','2023-11-30 06:24:58'),(2154,21,'Sanford','2023-11-30 06:24:58','2023-11-30 06:24:58'),(2155,21,'Santo Domingo','2023-11-30 06:24:58','2023-11-30 06:24:58'),(2156,21,'Santo Tomé','2023-11-30 06:24:58','2023-11-30 06:24:58'),(2157,21,'Santurce','2023-11-30 06:24:58','2023-11-30 06:24:58'),(2158,21,'Sargento Cabral','2023-11-30 06:24:58','2023-11-30 06:24:58'),(2159,21,'Sarmiento','2023-11-30 06:24:58','2023-11-30 06:24:58'),(2160,21,'Sastre','2023-11-30 06:24:58','2023-11-30 06:24:58'),(2161,21,'Sauce Viejo','2023-11-30 06:24:58','2023-11-30 06:24:58'),(2162,21,'Serodino','2023-11-30 06:24:58','2023-11-30 06:24:58'),(2163,21,'Silva','2023-11-30 06:24:58','2023-11-30 06:24:58'),(2164,21,'Soldini','2023-11-30 06:24:58','2023-11-30 06:24:58'),(2165,21,'Soledad','2023-11-30 06:24:58','2023-11-30 06:24:58'),(2166,21,'Soutomayor','2023-11-30 06:24:58','2023-11-30 06:24:58'),(2167,21,'Sta. Clara de Buena Vista','2023-11-30 06:24:58','2023-11-30 06:24:58'),(2168,21,'Sta. Clara de Saguier','2023-11-30 06:24:58','2023-11-30 06:24:58'),(2169,21,'Sta. Isabel','2023-11-30 06:24:58','2023-11-30 06:24:58'),(2170,21,'Sta. Margarita','2023-11-30 06:24:58','2023-11-30 06:24:58'),(2171,21,'Sta. Maria Centro','2023-11-30 06:24:58','2023-11-30 06:24:58'),(2172,21,'Sta. María N.','2023-11-30 06:24:58','2023-11-30 06:24:58'),(2173,21,'Sta. Rosa','2023-11-30 06:24:58','2023-11-30 06:24:58'),(2174,21,'Sta. Teresa','2023-11-30 06:24:58','2023-11-30 06:24:58'),(2175,21,'Suardi','2023-11-30 06:24:58','2023-11-30 06:24:58'),(2176,21,'Sunchales','2023-11-30 06:24:58','2023-11-30 06:24:58'),(2177,21,'Susana','2023-11-30 06:24:58','2023-11-30 06:24:58'),(2178,21,'Tacuarendí','2023-11-30 06:24:58','2023-11-30 06:24:58'),(2179,21,'Tacural','2023-11-30 06:24:58','2023-11-30 06:24:58'),(2180,21,'Tartagal','2023-11-30 06:24:58','2023-11-30 06:24:58'),(2181,21,'Teodelina','2023-11-30 06:24:58','2023-11-30 06:24:58'),(2182,21,'Theobald','2023-11-30 06:24:58','2023-11-30 06:24:58'),(2183,21,'Timbúes','2023-11-30 06:24:58','2023-11-30 06:24:58'),(2184,21,'Toba','2023-11-30 06:24:58','2023-11-30 06:24:58'),(2185,21,'Tortugas','2023-11-30 06:24:58','2023-11-30 06:24:58'),(2186,21,'Tostado','2023-11-30 06:24:58','2023-11-30 06:24:58'),(2187,21,'Totoras','2023-11-30 06:24:58','2023-11-30 06:24:58'),(2188,21,'Traill','2023-11-30 06:24:58','2023-11-30 06:24:58'),(2189,21,'Venado Tuerto','2023-11-30 06:24:58','2023-11-30 06:24:58'),(2190,21,'Vera','2023-11-30 06:24:58','2023-11-30 06:24:58'),(2191,21,'Vera y Pintado','2023-11-30 06:24:58','2023-11-30 06:24:58'),(2192,21,'Videla','2023-11-30 06:24:58','2023-11-30 06:24:58'),(2193,21,'Vila','2023-11-30 06:24:58','2023-11-30 06:24:58'),(2194,21,'Villa Amelia','2023-11-30 06:24:58','2023-11-30 06:24:58'),(2195,21,'Villa Ana','2023-11-30 06:24:58','2023-11-30 06:24:58'),(2196,21,'Villa Cañas','2023-11-30 06:24:58','2023-11-30 06:24:58'),(2197,21,'Villa Constitución','2023-11-30 06:24:58','2023-11-30 06:24:58'),(2198,21,'Villa Eloísa','2023-11-30 06:24:58','2023-11-30 06:24:58'),(2199,21,'Villa Gdor. Gálvez','2023-11-30 06:24:58','2023-11-30 06:24:58'),(2200,21,'Villa Guillermina','2023-11-30 06:24:58','2023-11-30 06:24:58'),(2201,21,'Villa Minetti','2023-11-30 06:24:58','2023-11-30 06:24:58'),(2202,21,'Villa Mugueta','2023-11-30 06:24:58','2023-11-30 06:24:58'),(2203,21,'Villa Ocampo','2023-11-30 06:24:58','2023-11-30 06:24:58'),(2204,21,'Villa San José','2023-11-30 06:24:58','2023-11-30 06:24:58'),(2205,21,'Villa Saralegui','2023-11-30 06:24:58','2023-11-30 06:24:58'),(2206,21,'Villa Trinidad','2023-11-30 06:24:58','2023-11-30 06:24:58'),(2207,21,'Villada','2023-11-30 06:24:58','2023-11-30 06:24:58'),(2208,21,'Virginia','2023-11-30 06:24:58','2023-11-30 06:24:58'),(2209,21,'Wheelwright','2023-11-30 06:24:58','2023-11-30 06:24:58'),(2210,21,'Zavalla','2023-11-30 06:24:58','2023-11-30 06:24:58'),(2211,21,'Zenón Pereira','2023-11-30 06:24:58','2023-11-30 06:24:58'),(2212,22,'Añatuya','2023-11-30 06:24:58','2023-11-30 06:24:58'),(2213,22,'Árraga','2023-11-30 06:24:58','2023-11-30 06:24:58'),(2214,22,'Bandera','2023-11-30 06:24:58','2023-11-30 06:24:58'),(2215,22,'Bandera Bajada','2023-11-30 06:24:58','2023-11-30 06:24:58'),(2216,22,'Beltrán','2023-11-30 06:24:58','2023-11-30 06:24:58'),(2217,22,'Brea Pozo','2023-11-30 06:24:58','2023-11-30 06:24:58'),(2218,22,'Campo Gallo','2023-11-30 06:24:58','2023-11-30 06:24:58'),(2219,22,'Capital','2023-11-30 06:24:58','2023-11-30 06:24:58'),(2220,22,'Chilca Juliana','2023-11-30 06:24:58','2023-11-30 06:24:58'),(2221,22,'Choya','2023-11-30 06:24:58','2023-11-30 06:24:58'),(2222,22,'Clodomira','2023-11-30 06:24:58','2023-11-30 06:24:58'),(2223,22,'Col. Alpina','2023-11-30 06:24:58','2023-11-30 06:24:58'),(2224,22,'Col. Dora','2023-11-30 06:24:58','2023-11-30 06:24:58'),(2225,22,'Col. El Simbolar Robles','2023-11-30 06:24:58','2023-11-30 06:24:58'),(2226,22,'El Bobadal','2023-11-30 06:24:58','2023-11-30 06:24:58'),(2227,22,'El Charco','2023-11-30 06:24:58','2023-11-30 06:24:58'),(2228,22,'El Mojón','2023-11-30 06:24:58','2023-11-30 06:24:58'),(2229,22,'Estación Atamisqui','2023-11-30 06:24:58','2023-11-30 06:24:58'),(2230,22,'Estación Simbolar','2023-11-30 06:24:58','2023-11-30 06:24:58'),(2231,22,'Fernández','2023-11-30 06:24:58','2023-11-30 06:24:58'),(2232,22,'Fortín Inca','2023-11-30 06:24:58','2023-11-30 06:24:58'),(2233,22,'Frías','2023-11-30 06:24:58','2023-11-30 06:24:58'),(2234,22,'Garza','2023-11-30 06:24:58','2023-11-30 06:24:58'),(2235,22,'Gramilla','2023-11-30 06:24:58','2023-11-30 06:24:58'),(2236,22,'Guardia Escolta','2023-11-30 06:24:58','2023-11-30 06:24:58'),(2237,22,'Herrera','2023-11-30 06:24:58','2023-11-30 06:24:58'),(2238,22,'Icaño','2023-11-30 06:24:58','2023-11-30 06:24:58'),(2239,22,'Ing. Forres','2023-11-30 06:24:58','2023-11-30 06:24:58'),(2240,22,'La Banda','2023-11-30 06:24:58','2023-11-30 06:24:58'),(2241,22,'La Cañada','2023-11-30 06:24:58','2023-11-30 06:24:58'),(2242,22,'Laprida','2023-11-30 06:24:58','2023-11-30 06:24:58'),(2243,22,'Lavalle','2023-11-30 06:24:58','2023-11-30 06:24:58'),(2244,22,'Loreto','2023-11-30 06:24:58','2023-11-30 06:24:58'),(2245,22,'Los Juríes','2023-11-30 06:24:58','2023-11-30 06:24:58'),(2246,22,'Los Núñez','2023-11-30 06:24:58','2023-11-30 06:24:58'),(2247,22,'Los Pirpintos','2023-11-30 06:24:58','2023-11-30 06:24:58'),(2248,22,'Los Quiroga','2023-11-30 06:24:58','2023-11-30 06:24:58'),(2249,22,'Los Telares','2023-11-30 06:24:58','2023-11-30 06:24:58'),(2250,22,'Lugones','2023-11-30 06:24:58','2023-11-30 06:24:58'),(2251,22,'Malbrán','2023-11-30 06:24:58','2023-11-30 06:24:58'),(2252,22,'Matara','2023-11-30 06:24:58','2023-11-30 06:24:58'),(2253,22,'Medellín','2023-11-30 06:24:58','2023-11-30 06:24:58'),(2254,22,'Monte Quemado','2023-11-30 06:24:58','2023-11-30 06:24:58'),(2255,22,'Nueva Esperanza','2023-11-30 06:24:58','2023-11-30 06:24:58'),(2256,22,'Nueva Francia','2023-11-30 06:24:58','2023-11-30 06:24:58'),(2257,22,'Palo Negro','2023-11-30 06:24:58','2023-11-30 06:24:58'),(2258,22,'Pampa de Los Guanacos','2023-11-30 06:24:58','2023-11-30 06:24:58'),(2259,22,'Pinto','2023-11-30 06:24:58','2023-11-30 06:24:58'),(2260,22,'Pozo Hondo','2023-11-30 06:24:58','2023-11-30 06:24:58'),(2261,22,'Quimilí','2023-11-30 06:24:58','2023-11-30 06:24:58'),(2262,22,'Real Sayana','2023-11-30 06:24:58','2023-11-30 06:24:58'),(2263,22,'Sachayoj','2023-11-30 06:24:58','2023-11-30 06:24:58'),(2264,22,'San Pedro de Guasayán','2023-11-30 06:24:58','2023-11-30 06:24:58'),(2265,22,'Selva','2023-11-30 06:24:58','2023-11-30 06:24:58'),(2266,22,'Sol de Julio','2023-11-30 06:24:58','2023-11-30 06:24:58'),(2267,22,'Sumampa','2023-11-30 06:24:58','2023-11-30 06:24:58'),(2268,22,'Suncho Corral','2023-11-30 06:24:58','2023-11-30 06:24:58'),(2269,22,'Taboada','2023-11-30 06:24:58','2023-11-30 06:24:58'),(2270,22,'Tapso','2023-11-30 06:24:58','2023-11-30 06:24:58'),(2271,22,'Termas de Rio Hondo','2023-11-30 06:24:58','2023-11-30 06:24:58'),(2272,22,'Tintina','2023-11-30 06:24:58','2023-11-30 06:24:58'),(2273,22,'Tomas Young','2023-11-30 06:24:58','2023-11-30 06:24:58'),(2274,22,'Vilelas','2023-11-30 06:24:58','2023-11-30 06:24:58'),(2275,22,'Villa Atamisqui','2023-11-30 06:24:58','2023-11-30 06:24:58'),(2276,22,'Villa La Punta','2023-11-30 06:24:58','2023-11-30 06:24:58'),(2277,22,'Villa Ojo de Agua','2023-11-30 06:24:58','2023-11-30 06:24:58'),(2278,22,'Villa Río Hondo','2023-11-30 06:24:58','2023-11-30 06:24:58'),(2279,22,'Villa Salavina','2023-11-30 06:24:58','2023-11-30 06:24:58'),(2280,22,'Villa Unión','2023-11-30 06:24:58','2023-11-30 06:24:58'),(2281,22,'Vilmer','2023-11-30 06:24:58','2023-11-30 06:24:58'),(2282,22,'Weisburd','2023-11-30 06:24:58','2023-11-30 06:24:58'),(2283,23,'Río Grande','2023-11-30 06:24:58','2023-11-30 06:24:58'),(2284,23,'Tolhuin','2023-11-30 06:24:58','2023-11-30 06:24:58'),(2285,23,'Ushuaia','2023-11-30 06:24:58','2023-11-30 06:24:58'),(2286,24,'Acheral','2023-11-30 06:24:58','2023-11-30 06:24:58'),(2287,24,'Agua Dulce','2023-11-30 06:24:58','2023-11-30 06:24:58'),(2288,24,'Aguilares','2023-11-30 06:24:58','2023-11-30 06:24:58'),(2289,24,'Alderetes','2023-11-30 06:24:58','2023-11-30 06:24:58'),(2290,24,'Alpachiri','2023-11-30 06:24:58','2023-11-30 06:24:58'),(2291,24,'Alto Verde','2023-11-30 06:24:58','2023-11-30 06:24:58'),(2292,24,'Amaicha del Valle','2023-11-30 06:24:58','2023-11-30 06:24:58'),(2293,24,'Amberes','2023-11-30 06:24:58','2023-11-30 06:24:58'),(2294,24,'Ancajuli','2023-11-30 06:24:58','2023-11-30 06:24:58'),(2295,24,'Arcadia','2023-11-30 06:24:58','2023-11-30 06:24:58'),(2296,24,'Atahona','2023-11-30 06:24:58','2023-11-30 06:24:58'),(2297,24,'Banda del Río Sali','2023-11-30 06:24:58','2023-11-30 06:24:58'),(2298,24,'Bella Vista','2023-11-30 06:24:58','2023-11-30 06:24:58'),(2299,24,'Buena Vista','2023-11-30 06:24:58','2023-11-30 06:24:58'),(2300,24,'Burruyacú','2023-11-30 06:24:58','2023-11-30 06:24:58'),(2301,24,'Capitán Cáceres','2023-11-30 06:24:58','2023-11-30 06:24:58'),(2302,24,'Cevil Redondo','2023-11-30 06:24:58','2023-11-30 06:24:58'),(2303,24,'Choromoro','2023-11-30 06:24:58','2023-11-30 06:24:58'),(2304,24,'Ciudacita','2023-11-30 06:24:58','2023-11-30 06:24:58'),(2305,24,'Colalao del Valle','2023-11-30 06:24:58','2023-11-30 06:24:58'),(2306,24,'Colombres','2023-11-30 06:24:58','2023-11-30 06:24:58'),(2307,24,'Concepción','2023-11-30 06:24:58','2023-11-30 06:24:58'),(2308,24,'Delfín Gallo','2023-11-30 06:24:58','2023-11-30 06:24:58'),(2309,24,'El Bracho','2023-11-30 06:24:58','2023-11-30 06:24:58'),(2310,24,'El Cadillal','2023-11-30 06:24:58','2023-11-30 06:24:58'),(2311,24,'El Cercado','2023-11-30 06:24:58','2023-11-30 06:24:58'),(2312,24,'El Chañar','2023-11-30 06:24:58','2023-11-30 06:24:58'),(2313,24,'El Manantial','2023-11-30 06:24:58','2023-11-30 06:24:58'),(2314,24,'El Mojón','2023-11-30 06:24:58','2023-11-30 06:24:58'),(2315,24,'El Mollar','2023-11-30 06:24:58','2023-11-30 06:24:58'),(2316,24,'El Naranjito','2023-11-30 06:24:58','2023-11-30 06:24:58'),(2317,24,'El Naranjo','2023-11-30 06:24:58','2023-11-30 06:24:58'),(2318,24,'El Polear','2023-11-30 06:24:58','2023-11-30 06:24:58'),(2319,24,'El Puestito','2023-11-30 06:24:58','2023-11-30 06:24:58'),(2320,24,'El Sacrificio','2023-11-30 06:24:58','2023-11-30 06:24:58'),(2321,24,'El Timbó','2023-11-30 06:24:58','2023-11-30 06:24:58'),(2322,24,'Escaba','2023-11-30 06:24:58','2023-11-30 06:24:58'),(2323,24,'Esquina','2023-11-30 06:24:58','2023-11-30 06:24:58'),(2324,24,'Estación Aráoz','2023-11-30 06:24:58','2023-11-30 06:24:58'),(2325,24,'Famaillá','2023-11-30 06:24:58','2023-11-30 06:24:58'),(2326,24,'Gastone','2023-11-30 06:24:58','2023-11-30 06:24:58'),(2327,24,'Gdor. Garmendia','2023-11-30 06:24:58','2023-11-30 06:24:58'),(2328,24,'Gdor. Piedrabuena','2023-11-30 06:24:58','2023-11-30 06:24:58'),(2329,24,'Graneros','2023-11-30 06:24:58','2023-11-30 06:24:58'),(2330,24,'Huasa Pampa','2023-11-30 06:24:58','2023-11-30 06:24:58'),(2331,24,'J. B. Alberdi','2023-11-30 06:24:58','2023-11-30 06:24:58'),(2332,24,'La Cocha','2023-11-30 06:24:58','2023-11-30 06:24:58'),(2333,24,'La Esperanza','2023-11-30 06:24:58','2023-11-30 06:24:58'),(2334,24,'La Florida','2023-11-30 06:24:58','2023-11-30 06:24:58'),(2335,24,'La Ramada','2023-11-30 06:24:58','2023-11-30 06:24:58'),(2336,24,'La Trinidad','2023-11-30 06:24:58','2023-11-30 06:24:58'),(2337,24,'Lamadrid','2023-11-30 06:24:58','2023-11-30 06:24:58'),(2338,24,'Las Cejas','2023-11-30 06:24:58','2023-11-30 06:24:58'),(2339,24,'Las Talas','2023-11-30 06:24:58','2023-11-30 06:24:58'),(2340,24,'Las Talitas','2023-11-30 06:24:58','2023-11-30 06:24:58'),(2341,24,'Los Bulacio','2023-11-30 06:24:58','2023-11-30 06:24:58'),(2342,24,'Los Gómez','2023-11-30 06:24:58','2023-11-30 06:24:58'),(2343,24,'Los Nogales','2023-11-30 06:24:58','2023-11-30 06:24:58'),(2344,24,'Los Pereyra','2023-11-30 06:24:58','2023-11-30 06:24:58'),(2345,24,'Los Pérez','2023-11-30 06:24:58','2023-11-30 06:24:58'),(2346,24,'Los Puestos','2023-11-30 06:24:58','2023-11-30 06:24:58'),(2347,24,'Los Ralos','2023-11-30 06:24:58','2023-11-30 06:24:58'),(2348,24,'Los Sarmientos','2023-11-30 06:24:58','2023-11-30 06:24:58'),(2349,24,'Los Sosa','2023-11-30 06:24:58','2023-11-30 06:24:58'),(2350,24,'Lules','2023-11-30 06:24:58','2023-11-30 06:24:58'),(2351,24,'M. García Fernández','2023-11-30 06:24:58','2023-11-30 06:24:58'),(2352,24,'Manuela Pedraza','2023-11-30 06:24:58','2023-11-30 06:24:58'),(2353,24,'Medinas','2023-11-30 06:24:58','2023-11-30 06:24:58'),(2354,24,'Monte Bello','2023-11-30 06:24:58','2023-11-30 06:24:58'),(2355,24,'Monteagudo','2023-11-30 06:24:58','2023-11-30 06:24:58'),(2356,24,'Monteros','2023-11-30 06:24:58','2023-11-30 06:24:58'),(2357,24,'Padre Monti','2023-11-30 06:24:58','2023-11-30 06:24:58'),(2358,24,'Pampa Mayo','2023-11-30 06:24:58','2023-11-30 06:24:58'),(2359,24,'Quilmes','2023-11-30 06:24:58','2023-11-30 06:24:58'),(2360,24,'Raco','2023-11-30 06:24:58','2023-11-30 06:24:58'),(2361,24,'Ranchillos','2023-11-30 06:24:58','2023-11-30 06:24:58'),(2362,24,'Río Chico','2023-11-30 06:24:58','2023-11-30 06:24:58'),(2363,24,'Río Colorado','2023-11-30 06:24:58','2023-11-30 06:24:58'),(2364,24,'Río Seco','2023-11-30 06:24:58','2023-11-30 06:24:58'),(2365,24,'Rumi Punco','2023-11-30 06:24:58','2023-11-30 06:24:58'),(2366,24,'San Andrés','2023-11-30 06:24:58','2023-11-30 06:24:58'),(2367,24,'San Felipe','2023-11-30 06:24:58','2023-11-30 06:24:58'),(2368,24,'San Ignacio','2023-11-30 06:24:58','2023-11-30 06:24:58'),(2369,24,'San Javier','2023-11-30 06:24:58','2023-11-30 06:24:58'),(2370,24,'San José','2023-11-30 06:24:58','2023-11-30 06:24:58'),(2371,24,'San Miguel de 25','2023-11-30 06:24:58','2023-11-30 06:24:58'),(2372,24,'San Pedro','2023-11-30 06:24:58','2023-11-30 06:24:58'),(2373,24,'San Pedro de Colalao','2023-11-30 06:24:58','2023-11-30 06:24:58'),(2374,24,'Santa Rosa de Leales','2023-11-30 06:24:58','2023-11-30 06:24:58'),(2375,24,'Sgto. Moya','2023-11-30 06:24:58','2023-11-30 06:24:58'),(2376,24,'Siete de Abril','2023-11-30 06:24:58','2023-11-30 06:24:58'),(2377,24,'Simoca','2023-11-30 06:24:58','2023-11-30 06:24:58'),(2378,24,'Soldado Maldonado','2023-11-30 06:24:58','2023-11-30 06:24:58'),(2379,24,'Sta. Ana','2023-11-30 06:24:58','2023-11-30 06:24:58'),(2380,24,'Sta. Cruz','2023-11-30 06:24:58','2023-11-30 06:24:58'),(2381,24,'Sta. Lucía','2023-11-30 06:24:58','2023-11-30 06:24:58'),(2382,24,'Taco Ralo','2023-11-30 06:24:58','2023-11-30 06:24:58'),(2383,24,'Tafí del Valle','2023-11-30 06:24:58','2023-11-30 06:24:58'),(2384,24,'Tafí Viejo','2023-11-30 06:24:58','2023-11-30 06:24:58'),(2385,24,'Tapia','2023-11-30 06:24:58','2023-11-30 06:24:58'),(2386,24,'Teniente Berdina','2023-11-30 06:24:58','2023-11-30 06:24:58'),(2387,24,'Trancas','2023-11-30 06:24:58','2023-11-30 06:24:58'),(2388,24,'Villa Belgrano','2023-11-30 06:24:58','2023-11-30 06:24:58'),(2389,24,'Villa Benjamín Araoz','2023-11-30 06:24:58','2023-11-30 06:24:58'),(2390,24,'Villa Chiligasta','2023-11-30 06:24:58','2023-11-30 06:24:58'),(2391,24,'Villa de Leales','2023-11-30 06:24:58','2023-11-30 06:24:58'),(2392,24,'Villa Quinteros','2023-11-30 06:24:58','2023-11-30 06:24:58'),(2393,24,'Yánima','2023-11-30 06:24:58','2023-11-30 06:24:58'),(2394,24,'Yerba Buena','2023-11-30 06:24:58','2023-11-30 06:24:58');
/*!40000 ALTER TABLE `localidades` ENABLE KEYS */;
UNLOCK TABLES;

--
-- Table structure for table `materias`
--

DROP TABLE IF EXISTS `materias`;
/*!40101 SET @saved_cs_client     = @@character_set_client */;
/*!50503 SET character_set_client = utf8mb4 */;
CREATE TABLE `materias` (
  `id` bigint unsigned NOT NULL AUTO_INCREMENT,
  `descripcion` varchar(255) CHARACTER SET utf8mb3 COLLATE utf8mb3_unicode_ci NOT NULL,
  `carrera_anio_id` bigint unsigned NOT NULL,
  `espacio_materia_id` bigint unsigned NOT NULL,
  `carga_horaria` int NOT NULL,
  `modulos` int NOT NULL,
  `active` tinyint(1) NOT NULL,
  `created_at` timestamp NULL DEFAULT NULL,
  `updated_at` timestamp NULL DEFAULT NULL,
  PRIMARY KEY (`id`),
  KEY `materias_carrera_anio_id_foreign` (`carrera_anio_id`),
  KEY `materias_espacio_materia_id_foreign` (`espacio_materia_id`),
  CONSTRAINT `materias_carrera_anio_id_foreign` FOREIGN KEY (`carrera_anio_id`) REFERENCES `carrera_anios` (`id`) ON DELETE CASCADE,
  CONSTRAINT `materias_espacio_materia_id_foreign` FOREIGN KEY (`espacio_materia_id`) REFERENCES `espacio_materias` (`id`) ON DELETE CASCADE
) ENGINE=InnoDB AUTO_INCREMENT=154 DEFAULT CHARSET=utf8mb3 COLLATE=utf8mb3_unicode_ci;
/*!40101 SET character_set_client = @saved_cs_client */;

--
-- Dumping data for table `materias`
--

LOCK TABLES `materias` WRITE;
/*!40000 ALTER TABLE `materias` DISABLE KEYS */;
INSERT INTO `materias` VALUES (1,'Matemática I',1,1,64,2,1,'2023-11-30 05:23:15','2023-11-30 05:23:15'),(2,'Computación I',1,1,64,2,1,'2023-11-30 05:23:15','2023-11-30 05:23:15'),(3,'Derecho',1,1,64,2,1,'2023-11-30 05:23:15','2023-11-30 05:23:15'),(4,'Economía',1,1,64,2,1,'2023-11-30 05:23:15','2023-11-30 05:23:15'),(5,'Contabilidad',1,1,96,3,1,'2023-11-30 05:23:15','2023-11-30 05:23:15'),(6,'Sociología de la Organización',1,1,64,2,1,'2023-11-30 05:23:15','2023-11-30 05:23:15'),(7,'Principios de Administración',1,1,64,2,1,'2023-11-30 05:23:15','2023-11-30 05:23:15'),(8,'Metodología de la Investigación',1,1,32,1,1,'2023-11-30 05:23:15','2023-11-30 05:23:15'),(9,'Marketing',1,2,64,2,1,'2023-11-30 05:23:15','2023-11-30 05:23:15'),(10,'EDI',1,3,64,2,1,'2023-11-30 05:23:15','2023-11-30 05:23:15'),(11,'Matemática II',2,1,32,1,1,'2023-11-30 05:27:47','2023-11-30 05:27:47'),(12,'Estadística',2,1,32,1,1,'2023-11-30 05:27:47','2023-11-30 05:27:47'),(13,'Inglés I',2,1,64,2,1,'2023-11-30 05:27:47','2023-11-30 05:27:47'),(14,'Computación II',2,1,64,2,1,'2023-11-30 05:27:47','2023-11-30 05:27:47'),(15,'Canales de Distribución',2,2,32,1,1,'2023-11-30 05:27:47','2023-11-30 05:27:47'),(16,'Fundamentos de Psicología y Comportamiento del Consumidor',2,2,64,2,1,'2023-11-30 05:27:47','2023-11-30 05:27:47'),(17,'Derecho Comercial',2,2,64,2,1,'2023-11-30 05:27:47','2023-11-30 05:27:47'),(18,'Publicidad',2,2,32,1,1,'2023-11-30 05:27:47','2023-11-30 05:27:47'),(19,'Práctica Profesional I',2,2,64,2,1,'2023-11-30 05:27:47','2023-11-30 05:27:47'),(20,'EDI',2,3,128,4,1,'2023-11-30 05:27:47','2023-11-30 05:27:47'),(21,'Inglés II',3,1,64,2,1,'2023-11-30 05:31:01','2023-11-30 05:31:01'),(22,'Costos y Presupuestos',3,2,64,2,1,'2023-11-30 05:31:01','2023-11-30 05:31:01'),(23,'Administración Estratégica',3,2,64,2,1,'2023-11-30 05:31:01','2023-11-30 05:31:01'),(24,'Política y Desarrollo de Productos',3,2,64,2,1,'2023-11-30 05:31:01','2023-11-30 05:31:01'),(25,'Comercio Internacional',3,2,64,2,1,'2023-11-30 05:31:01','2023-11-30 05:31:01'),(26,'Política de Precios',3,2,32,1,1,'2023-11-30 05:31:01','2023-11-30 05:31:01'),(27,'Investigación de Mercados',3,2,64,2,1,'2023-11-30 05:31:01','2023-11-30 05:31:01'),(28,'Práctica Profesional II',3,2,64,2,1,'2023-11-30 05:31:01','2023-11-30 05:31:01'),(29,'EDI',3,3,128,4,1,'2023-11-30 05:31:01','2023-11-30 05:31:01'),(30,'Matemática I',4,1,64,2,1,'2023-11-30 05:33:48','2023-11-30 05:33:48'),(31,'Computación I',4,1,64,2,1,'2023-11-30 05:33:48','2023-11-30 05:33:48'),(32,'Derecho',4,1,64,2,1,'2023-11-30 05:33:48','2023-11-30 05:33:48'),(33,'Economía',4,1,64,2,1,'2023-11-30 05:33:48','2023-11-30 05:33:48'),(34,'Contabilidad',4,1,96,3,1,'2023-11-30 05:33:48','2023-11-30 05:33:48'),(35,'Sociología de la Organización',4,1,64,2,1,'2023-11-30 05:33:48','2023-11-30 05:33:48'),(36,'Principios de Administración',4,1,64,2,1,'2023-11-30 05:33:48','2023-11-30 05:33:48'),(37,'Metodología de la Investigación',4,1,32,1,1,'2023-11-30 05:33:48','2023-11-30 05:33:48'),(38,'Gestión Administrativo Contable',4,2,64,2,1,'2023-11-30 05:33:48','2023-11-30 05:33:48'),(39,'EDI',4,3,64,2,1,'2023-11-30 05:33:48','2023-11-30 05:33:48'),(40,'Matemática II',5,1,32,1,1,'2023-11-30 05:40:40','2023-11-30 05:40:40'),(41,'Estadística',5,1,32,1,1,'2023-11-30 05:40:40','2023-11-30 05:40:40'),(42,'Inglés I',5,1,64,2,1,'2023-11-30 05:40:40','2023-11-30 05:40:40'),(43,'Computación II',5,1,64,2,1,'2023-11-30 05:40:40','2023-11-30 05:40:40'),(44,'Contabilidad II',5,2,64,2,1,'2023-11-30 05:40:40','2023-11-30 05:40:40'),(45,'Matemática Financiera',5,2,64,2,1,'2023-11-30 05:40:40','2023-11-30 05:40:40'),(46,'Derecho Laboral',5,2,32,1,1,'2023-11-30 05:40:40','2023-11-30 05:40:40'),(47,'Práctica Profesional I',5,2,64,2,1,'2023-11-30 05:40:40','2023-11-30 05:40:40'),(48,'Derecho Comercial',5,2,64,2,1,'2023-11-30 05:40:40','2023-11-30 05:40:40'),(49,'EDI',5,3,96,3,1,'2023-11-30 05:40:40','2023-11-30 05:40:40'),(50,'Inglés II',6,1,64,2,1,'2023-11-30 05:42:56','2023-11-30 05:42:56'),(51,'Técnica Impositiva y Laboral',6,2,64,2,1,'2023-11-30 05:42:56','2023-11-30 05:42:56'),(52,'Régimen Tributario',6,2,64,2,1,'2023-11-30 05:42:56','2023-11-30 05:42:56'),(53,'Contabilidad III',6,2,64,2,1,'2023-11-30 05:42:56','2023-11-30 05:42:56'),(54,'Costos y presupuestos',6,2,64,2,1,'2023-11-30 05:42:56','2023-11-30 05:42:56'),(55,'Administración Financiera',6,2,64,2,1,'2023-11-30 05:42:56','2023-11-30 05:42:56'),(56,'Administración Estratégica',6,2,64,2,1,'2023-11-30 05:42:56','2023-11-30 05:42:56'),(57,'Práctica Profesional II',6,2,64,2,1,'2023-11-30 05:42:56','2023-11-30 05:42:56'),(58,'EDI',6,3,96,3,1,'2023-11-30 05:42:56','2023-11-30 05:42:56'),(59,'Estado y Sociedad',7,1,64,2,1,'2023-11-30 05:46:00','2023-11-30 05:46:00'),(60,'Matemática Financiera',7,1,64,2,1,'2023-11-30 05:46:00','2023-11-30 05:46:00'),(61,'Economía',7,1,64,2,1,'2023-11-30 05:46:00','2023-11-30 05:46:00'),(62,'Producción oral y escrita',7,1,64,2,1,'2023-11-30 05:46:00','2023-11-30 05:46:00'),(63,'Informática',7,1,64,2,1,'2023-11-30 05:46:00','2023-11-30 05:46:00'),(64,'Metodología de la Investigación',7,1,64,2,1,'2023-11-30 05:46:00','2023-11-30 05:46:00'),(65,'Derecho y Derecho Constitucional',7,1,64,2,1,'2023-11-30 05:46:00','2023-11-30 05:46:00'),(66,'Contabilidad Pública',7,2,64,2,1,'2023-11-30 05:46:00','2023-11-30 05:46:00'),(67,'Principios de Administración',7,2,64,2,1,'2023-11-30 05:46:00','2023-11-30 05:46:00'),(68,'EDI',7,3,32,1,1,'2023-11-30 05:46:00','2023-11-30 05:46:00'),(69,'Estadística',8,1,64,2,1,'2023-11-30 05:48:38','2023-11-30 05:48:38'),(70,'TICS en la Gestión Pública',8,1,64,2,1,'2023-11-30 05:48:38','2023-11-30 05:48:38'),(71,'Inglés',8,1,64,2,1,'2023-11-30 05:48:38','2023-11-30 05:48:38'),(72,'Comunicación',8,1,64,2,1,'2023-11-30 05:48:38','2023-11-30 05:48:38'),(73,'Procesos Políticos Económicos',8,1,64,2,1,'2023-11-30 05:48:38','2023-11-30 05:48:38'),(74,'Derecho Laboral y Relaciones Laborales',8,1,64,2,1,'2023-11-30 05:48:38','2023-11-30 05:48:38'),(75,'Derecho Público',8,1,64,2,1,'2023-11-30 05:48:38','2023-11-30 05:48:38'),(76,'Políticas Publicas y Desarrollo Local',8,2,64,2,1,'2023-11-30 05:48:38','2023-11-30 05:48:38'),(77,'Administración Pública',8,2,64,2,1,'2023-11-30 05:48:38','2023-11-30 05:48:38'),(78,'EDI',8,3,32,1,1,'2023-11-30 05:48:38','2023-11-30 05:48:38'),(79,'Finanzas Públicas',9,2,64,2,1,'2023-11-30 05:52:20','2023-11-30 05:52:20'),(80,'Derecho Administrativo',9,2,64,2,1,'2023-11-30 05:52:20','2023-11-30 05:52:20'),(81,'Dosarrollo Local y Planificación Estratégica',9,2,64,2,1,'2023-11-30 05:52:20','2023-11-30 05:52:20'),(82,'Evaluación de Proyecto de Inversión',9,2,64,2,1,'2023-11-30 05:52:20','2023-11-30 05:52:20'),(83,'Administración Económica Financiera',9,2,64,2,1,'2023-11-30 05:52:20','2023-11-30 05:52:20'),(84,'Recursos Humanos',9,2,64,2,1,'2023-11-30 05:52:20','2023-11-30 05:52:20'),(85,'Práctica Profesional',9,2,128,4,1,'2023-11-30 05:52:20','2023-11-30 05:52:20'),(86,'EDI',9,3,64,2,1,'2023-11-30 05:52:20','2023-11-30 05:52:20'),(87,'Álgebra',10,1,64,2,1,'2023-11-30 05:55:08','2023-11-30 05:55:08'),(88,'Análisis Matemático I',10,1,64,2,1,'2023-11-30 05:55:08','2023-11-30 05:55:08'),(89,'Inglés Técnico I',10,1,64,2,1,'2023-11-30 05:55:08','2023-11-30 05:55:08'),(90,'Administración de las Organizaciones',10,1,64,2,1,'2023-11-30 05:55:08','2023-11-30 05:55:08'),(91,'Metodología de la Investigación',10,1,64,2,1,'2023-11-30 05:55:08','2023-11-30 05:55:08'),(92,'Programación I',10,2,128,4,1,'2023-11-30 05:55:08','2023-11-30 05:55:08'),(93,'Sistemas de Computación',10,2,128,4,1,'2023-11-30 05:55:08','2023-11-30 05:55:08'),(94,'EDI',10,3,64,2,1,'2023-11-30 05:55:08','2023-11-30 05:55:08'),(95,'Probabilidad y Estadística',11,1,64,2,1,'2023-11-30 05:57:25','2023-11-30 05:57:25'),(96,'Análisis Matemático II',11,1,64,2,1,'2023-11-30 05:57:25','2023-11-30 05:57:25'),(97,'Inglés Técnico II',11,1,64,2,1,'2023-11-30 05:57:25','2023-11-30 05:57:25'),(98,'Análisis de Sistemas',11,2,96,3,1,'2023-11-30 05:57:25','2023-11-30 05:57:25'),(99,'Programación Orientada a Objetos',11,2,128,4,1,'2023-11-30 05:57:25','2023-11-30 05:57:25'),(100,'Seminario de Programación',11,2,64,2,1,'2023-11-30 05:57:25','2023-11-30 05:57:25'),(101,'Sistemas Operativos',11,2,64,2,1,'2023-11-30 05:57:25','2023-11-30 05:57:25'),(102,'Base de Datos',11,2,64,2,1,'2023-11-30 05:57:25','2023-11-30 05:57:25'),(103,'EDI',11,3,32,1,1,'2023-11-30 05:57:25','2023-11-30 05:57:25'),(104,'Investigación Operativa',12,1,96,3,1,'2023-11-30 05:59:47','2023-11-30 05:59:47'),(105,'Economía Empresarial',12,1,64,2,1,'2023-11-30 05:59:47','2023-11-30 05:59:47'),(106,'Teleinformática',12,2,64,2,1,'2023-11-30 05:59:47','2023-11-30 05:59:47'),(107,'Práctica Profesional',12,2,128,4,1,'2023-11-30 05:59:47','2023-11-30 05:59:47'),(108,'Diseño e Implementación de Sistemas',12,2,64,2,1,'2023-11-30 05:59:47','2023-11-30 05:59:47'),(109,'Gestión de Base de Datos',12,2,64,2,1,'2023-11-30 05:59:47','2023-11-30 05:59:47'),(110,'EDI',12,3,64,2,1,'2023-11-30 05:59:47','2023-11-30 05:59:47'),(111,'Inglés I',13,1,64,2,1,'2023-11-30 06:02:01','2023-11-30 06:02:01'),(112,'Introducción al Turismo',13,4,96,3,1,'2023-11-30 06:02:01','2023-11-30 06:02:01'),(113,'Metodología de la Investigación y Técnicas de Relevamiento',13,4,64,2,1,'2023-11-30 06:02:01','2023-11-30 06:02:01'),(114,'Psicología de los Sujetos en Contexto',13,4,64,2,1,'2023-11-30 06:02:01','2023-11-30 06:02:01'),(115,'Interpretación del Espacio Turístico Ambiental de la Argentina',13,2,96,3,1,'2023-11-30 06:02:01','2023-11-30 06:02:01'),(116,'Interpretación del Patrimonio Turístico de la Argentina',13,2,64,2,1,'2023-11-30 06:02:01','2023-11-30 06:02:01'),(117,'Interpretación de las Transformaciones sociales de la Argentina',13,2,64,2,1,'2023-11-30 06:02:01','2023-11-30 06:02:01'),(118,'Prácticas Profesionales',13,5,96,3,1,'2023-11-30 06:02:01','2023-11-30 06:02:01'),(119,'Inglés II',14,1,64,2,1,'2023-11-30 06:09:14','2023-11-30 06:09:14'),(120,'Idioma Adicional de Definición Institucional',14,1,64,2,1,'2023-11-30 06:09:14','2023-11-30 06:09:14'),(121,'Tecnologías de la Información y Comunicación Aplicadas',14,4,64,2,1,'2023-11-30 06:09:14','2023-11-30 06:09:14'),(122,'Recreación y Animación Socio-Cultural',14,4,64,2,1,'2023-11-30 06:09:14','2023-11-30 06:09:14'),(123,'Interpretación del Espacio Turístico Local',14,2,64,2,1,'2023-11-30 06:09:14','2023-11-30 06:09:14'),(124,'Gestión de Circuitos Turísticos',14,2,64,2,1,'2023-11-30 06:09:14','2023-11-30 06:09:14'),(125,'Interpretación de las Manifestaciones Artísticas Culturales',14,2,64,2,1,'2023-11-30 06:09:14','2023-11-30 06:09:14'),(126,'Prácticas Profesionales',14,5,224,7,1,'2023-11-30 06:09:14','2023-11-30 06:09:14'),(127,'Inglés III',15,1,96,3,1,'2023-11-30 06:13:39','2023-11-30 06:13:39'),(128,'Idioma Adicional de Definición Institucional',15,1,64,2,1,'2023-11-30 06:13:39','2023-11-30 06:13:39'),(129,'Legislación Turística',15,4,32,1,1,'2023-11-30 06:13:39','2023-11-30 06:13:39'),(130,'Interpretación del Espacio Turístico Ambiental Internacional',15,2,96,3,1,'2023-11-30 06:13:39','2023-11-30 06:13:39'),(131,'Interpretación del Patrimonio Turístico Internacional',15,2,96,3,1,'2023-11-30 06:13:39','2023-11-30 06:13:39'),(132,'Prácticas Profesionales',15,5,288,9,1,'2023-11-30 06:13:39','2023-11-30 06:13:39'),(133,'Psicología',16,1,32,1,1,'2023-11-30 06:17:04','2023-11-30 06:17:04'),(134,'Teorías Socio Culturales de la Salud',16,1,32,1,1,'2023-11-30 06:17:04','2023-11-30 06:17:04'),(135,'Condiciones y Medio Ambiente del trabajo',16,4,64,2,1,'2023-11-30 06:17:04','2023-11-30 06:17:04'),(136,'Salud Pública I',16,4,64,2,1,'2023-11-30 06:17:04','2023-11-30 06:17:04'),(137,'Biología Humana',16,4,128,4,1,'2023-11-30 06:17:04','2023-11-30 06:17:04'),(138,'Fundamento del Cuidado',16,2,64,2,1,'2023-11-30 06:17:04','2023-11-30 06:17:04'),(139,'Cuidados de la Salud Centrados en la Comunidad y la Familia',16,2,96,3,1,'2023-11-30 06:17:04','2023-11-30 06:17:04'),(140,'Comunicación en Ciencias de la Salud',17,1,32,1,1,'2023-11-30 06:19:42','2023-11-30 06:19:42'),(141,'Inglés',17,1,32,1,1,'2023-11-30 06:19:42','2023-11-30 06:19:42'),(142,'Introducción a la Metodología de Investigación en Salud',17,1,64,2,1,'2023-11-30 06:19:42','2023-11-30 06:19:42'),(143,'Nutrición y Dietoterapia ',17,4,32,1,1,'2023-11-30 06:19:42','2023-11-30 06:19:42'),(144,'Salud Pública II',17,4,96,3,1,'2023-11-30 06:19:42','2023-11-30 06:19:42'),(145,'Farmacología en Enfermería',17,2,64,2,1,'2023-11-30 06:19:42','2023-11-30 06:19:42'),(146,'Enfermería Materno Infantil',17,2,64,2,1,'2023-11-30 06:19:42','2023-11-30 06:19:42'),(147,'Enfermería del Adulto y del Adulto Mayor I',17,2,96,3,1,'2023-11-30 06:19:42','2023-11-30 06:19:42'),(148,'Organización y Gestión de Servicios de Enfermería',18,4,64,2,1,'2023-11-30 06:23:08','2023-11-30 06:23:08'),(149,'Aspectos Bioéticos y Legales de la Profesión',18,4,32,1,1,'2023-11-30 06:23:08','2023-11-30 06:23:08'),(150,'Enfermería en Salud mental',18,2,64,2,1,'2023-11-30 06:23:08','2023-11-30 06:23:08'),(151,'Enfermería del Adulto y del Adulto Mayor II',18,2,64,2,1,'2023-11-30 06:23:08','2023-11-30 06:23:08'),(152,'Enfermería Comunitaria y Práctica Educativa en Salud',18,2,64,2,1,'2023-11-30 06:23:08','2023-11-30 06:23:08'),(153,'Enfermería en Emergencias y Catástrofes',18,2,32,1,1,'2023-11-30 06:23:08','2023-11-30 06:23:08');
/*!40000 ALTER TABLE `materias` ENABLE KEYS */;
UNLOCK TABLES;

--
-- Table structure for table `migrations`
--

DROP TABLE IF EXISTS `migrations`;
/*!40101 SET @saved_cs_client     = @@character_set_client */;
/*!50503 SET character_set_client = utf8mb4 */;
CREATE TABLE `migrations` (
  `id` int unsigned NOT NULL AUTO_INCREMENT,
  `migration` varchar(255) CHARACTER SET utf8mb3 COLLATE utf8mb3_unicode_ci NOT NULL,
  `batch` int NOT NULL,
  PRIMARY KEY (`id`)
) ENGINE=InnoDB AUTO_INCREMENT=21 DEFAULT CHARSET=utf8mb3 COLLATE=utf8mb3_unicode_ci;
/*!40101 SET character_set_client = @saved_cs_client */;

--
-- Dumping data for table `migrations`
--

LOCK TABLES `migrations` WRITE;
/*!40000 ALTER TABLE `migrations` DISABLE KEYS */;
INSERT INTO `migrations` VALUES (1,'2014_10_12_000000_create_users_table',1),(2,'2014_10_12_100000_create_password_reset_tokens_table',1),(3,'2019_08_19_000000_create_failed_jobs_table',1),(4,'2019_12_14_000001_create_personal_access_tokens_table',1),(5,'2023_11_30_000001_create_table_carrera_estados',1),(6,'2023_11_30_000002_create_table_ciclo_lectivos',1),(7,'2023_11_30_000003_create_table_provincias',1),(8,'2023_11_30_000004_create_table_localidades',1),(9,'2023_11_30_000005_create_table_alumnos',1),(10,'2023_11_30_000006_create_table_carreras',1),(11,'2023_11_30_000007_create_table_carrera_anios',1),(12,'2023_11_30_000008_create_table_alumno_carreras',1),(13,'2023_11_30_000009_create_table_espacio_materias',1),(14,'2023_11_30_000010_create_table_cursos',1),(15,'2023_11_30_000011_create_table_materias',1),(16,'2023_11_30_000012_create_table_curso_materias',1),(17,'2023_11_30_000013_create_table_cursadas',1),(18,'2023_11_30_000014_create_table_cursada_estados',1),(19,'2023_11_30_000015_create_table_cursada_alumnos',1),(20,'2023_11_30_000016_create_table_alumno_dato_extras',1);
/*!40000 ALTER TABLE `migrations` ENABLE KEYS */;
UNLOCK TABLES;

--
-- Table structure for table `password_reset_tokens`
--

DROP TABLE IF EXISTS `password_reset_tokens`;
/*!40101 SET @saved_cs_client     = @@character_set_client */;
/*!50503 SET character_set_client = utf8mb4 */;
CREATE TABLE `password_reset_tokens` (
  `email` varchar(255) CHARACTER SET utf8mb3 COLLATE utf8mb3_unicode_ci NOT NULL,
  `token` varchar(255) CHARACTER SET utf8mb3 COLLATE utf8mb3_unicode_ci NOT NULL,
  `created_at` timestamp NULL DEFAULT NULL,
  PRIMARY KEY (`email`)
) ENGINE=InnoDB DEFAULT CHARSET=utf8mb3 COLLATE=utf8mb3_unicode_ci;
/*!40101 SET character_set_client = @saved_cs_client */;

--
-- Dumping data for table `password_reset_tokens`
--

LOCK TABLES `password_reset_tokens` WRITE;
/*!40000 ALTER TABLE `password_reset_tokens` DISABLE KEYS */;
/*!40000 ALTER TABLE `password_reset_tokens` ENABLE KEYS */;
UNLOCK TABLES;

--
-- Table structure for table `personal_access_tokens`
--

DROP TABLE IF EXISTS `personal_access_tokens`;
/*!40101 SET @saved_cs_client     = @@character_set_client */;
/*!50503 SET character_set_client = utf8mb4 */;
CREATE TABLE `personal_access_tokens` (
  `id` bigint unsigned NOT NULL AUTO_INCREMENT,
  `tokenable_type` varchar(255) CHARACTER SET utf8mb3 COLLATE utf8mb3_unicode_ci NOT NULL,
  `tokenable_id` bigint unsigned NOT NULL,
  `name` varchar(255) CHARACTER SET utf8mb3 COLLATE utf8mb3_unicode_ci NOT NULL,
  `token` varchar(64) CHARACTER SET utf8mb3 COLLATE utf8mb3_unicode_ci NOT NULL,
  `abilities` text CHARACTER SET utf8mb3 COLLATE utf8mb3_unicode_ci,
  `last_used_at` timestamp NULL DEFAULT NULL,
  `expires_at` timestamp NULL DEFAULT NULL,
  `created_at` timestamp NULL DEFAULT NULL,
  `updated_at` timestamp NULL DEFAULT NULL,
  PRIMARY KEY (`id`),
  UNIQUE KEY `personal_access_tokens_token_unique` (`token`),
  KEY `personal_access_tokens_tokenable_type_tokenable_id_index` (`tokenable_type`,`tokenable_id`)
) ENGINE=InnoDB DEFAULT CHARSET=utf8mb3 COLLATE=utf8mb3_unicode_ci;
/*!40101 SET character_set_client = @saved_cs_client */;

--
-- Dumping data for table `personal_access_tokens`
--

LOCK TABLES `personal_access_tokens` WRITE;
/*!40000 ALTER TABLE `personal_access_tokens` DISABLE KEYS */;
/*!40000 ALTER TABLE `personal_access_tokens` ENABLE KEYS */;
UNLOCK TABLES;

--
-- Table structure for table `provincias`
--

DROP TABLE IF EXISTS `provincias`;
/*!40101 SET @saved_cs_client     = @@character_set_client */;
/*!50503 SET character_set_client = utf8mb4 */;
CREATE TABLE `provincias` (
  `id` bigint unsigned NOT NULL AUTO_INCREMENT,
  `descripcion` varchar(100) CHARACTER SET utf8mb3 COLLATE utf8mb3_unicode_ci NOT NULL,
  `created_at` timestamp NULL DEFAULT NULL,
  `updated_at` timestamp NULL DEFAULT NULL,
  PRIMARY KEY (`id`)
) ENGINE=InnoDB AUTO_INCREMENT=25 DEFAULT CHARSET=utf8mb3 COLLATE=utf8mb3_unicode_ci;
/*!40101 SET character_set_client = @saved_cs_client */;

--
-- Dumping data for table `provincias`
--

LOCK TABLES `provincias` WRITE;
/*!40000 ALTER TABLE `provincias` DISABLE KEYS */;
INSERT INTO `provincias` VALUES (1,'Ciudad Autónoma de Buenos Aires','2023-11-30 05:56:01','2023-11-30 05:56:01'),(2,'Buenos Aires','2023-11-30 05:56:01','2023-11-30 05:56:01'),(3,'Catamarca','2023-11-30 05:56:01','2023-11-30 05:56:01'),(4,'Córdoba','2023-11-30 05:56:01','2023-11-30 05:56:01'),(5,'Corrientes','2023-11-30 05:56:01','2023-11-30 05:56:01'),(6,'Chaco','2023-11-30 05:56:01','2023-11-30 05:56:01'),(7,'Chubut','2023-11-30 05:56:01','2023-11-30 05:56:01'),(8,'Entre Ríos','2023-11-30 05:56:01','2023-11-30 05:56:01'),(9,'Formosa','2023-11-30 05:56:01','2023-11-30 05:56:01'),(10,'Jujuy','2023-11-30 05:56:01','2023-11-30 05:56:01'),(11,'La Pampa','2023-11-30 05:56:01','2023-11-30 05:56:01'),(12,'La Rioja','2023-11-30 05:56:01','2023-11-30 05:56:01'),(13,'Mendoza','2023-11-30 05:56:01','2023-11-30 05:56:01'),(14,'Misiones','2023-11-30 05:56:01','2023-11-30 05:56:01'),(15,'Neuquén','2023-11-30 05:56:01','2023-11-30 05:56:01'),(16,'Río Negro','2023-11-30 05:56:01','2023-11-30 05:56:01'),(17,'Salta','2023-11-30 05:56:01','2023-11-30 05:56:01'),(18,'San Juan','2023-11-30 05:56:01','2023-11-30 05:56:01'),(19,'San Luis','2023-11-30 05:56:01','2023-11-30 05:56:01'),(20,'Santa Cruz','2023-11-30 05:56:01','2023-11-30 05:56:01'),(21,'Santa Fe','2023-11-30 05:56:01','2023-11-30 05:56:01'),(22,'Santiago del Estero','2023-11-30 05:56:01','2023-11-30 05:56:01'),(23,'Tierra del Fuego, Antártida e Islas del Atlántico Sur','2023-11-30 05:56:01','2023-11-30 05:56:01'),(24,'Tucumán','2023-11-30 05:56:01','2023-11-30 05:56:01');
/*!40000 ALTER TABLE `provincias` ENABLE KEYS */;
UNLOCK TABLES;

--
-- Table structure for table `users`
--

DROP TABLE IF EXISTS `users`;
/*!40101 SET @saved_cs_client     = @@character_set_client */;
/*!50503 SET character_set_client = utf8mb4 */;
CREATE TABLE `users` (
  `id` bigint unsigned NOT NULL AUTO_INCREMENT,
  `name` varchar(255) CHARACTER SET utf8mb3 COLLATE utf8mb3_unicode_ci NOT NULL,
  `email` varchar(255) CHARACTER SET utf8mb3 COLLATE utf8mb3_unicode_ci NOT NULL,
  `email_verified_at` timestamp NULL DEFAULT NULL,
  `password` varchar(255) CHARACTER SET utf8mb3 COLLATE utf8mb3_unicode_ci NOT NULL,
  `remember_token` varchar(100) CHARACTER SET utf8mb3 COLLATE utf8mb3_unicode_ci DEFAULT NULL,
  `created_at` timestamp NULL DEFAULT NULL,
  `updated_at` timestamp NULL DEFAULT NULL,
  PRIMARY KEY (`id`),
  UNIQUE KEY `users_email_unique` (`email`)
) ENGINE=InnoDB DEFAULT CHARSET=utf8mb3 COLLATE=utf8mb3_unicode_ci;
/*!40101 SET character_set_client = @saved_cs_client */;

--
-- Dumping data for table `users`
--

LOCK TABLES `users` WRITE;
/*!40000 ALTER TABLE `users` DISABLE KEYS */;
/*!40000 ALTER TABLE `users` ENABLE KEYS */;
UNLOCK TABLES;
/*!40103 SET TIME_ZONE=@OLD_TIME_ZONE */;

/*!40101 SET SQL_MODE=@OLD_SQL_MODE */;
/*!40014 SET FOREIGN_KEY_CHECKS=@OLD_FOREIGN_KEY_CHECKS */;
/*!40014 SET UNIQUE_CHECKS=@OLD_UNIQUE_CHECKS */;
/*!40101 SET CHARACTER_SET_CLIENT=@OLD_CHARACTER_SET_CLIENT */;
/*!40101 SET CHARACTER_SET_RESULTS=@OLD_CHARACTER_SET_RESULTS */;
/*!40101 SET COLLATION_CONNECTION=@OLD_COLLATION_CONNECTION */;
/*!40111 SET SQL_NOTES=@OLD_SQL_NOTES */;

-- Dump completed on 2023-12-25 20:24:20
